id,filename,title,description,context_note,auteur,creator,date,period,place,type_document,document_ref,figure_type,source_document,editeur,annee_publication,periode_couverte,langue,isbn,lieu_edition,collection_serie,chunk_id,page_ref,license,attribution,source_url,download_url,repository,source_figures_dir,source_path,original_filename,file_ext,file_size_bytes,checksum_sha256,width_px,height_px,download_status,download_date,quality_note
12,FIGURE_10_BATAILLE_ISLY_TRAITES_vernet_isly_1846.jpg,"Bataille d'Isly (Horace Vernet, 1846)",Battle of Isly (1844) painted by Horace Vernet.,Bataille d'Isly (1844). Partie II - Section A.1.,Horace Vernet,,1846,XIXe s.,Isly,Peinture historique,"VERNET, Horace, Bataille d'Isly, 1846, Musée de Versailles",Peinture,,,,,,,,,,,Public Domain,"Horace Vernet, Bataille d'Isly, 1846 - Wikimedia Commons (PD)",https://commons.wikimedia.org/wiki/File:Vernet_-_Bataille_d%27Isly_-_1846.jpg,https://upload.wikimedia.org/wikipedia/commons/8/80/Vernet_-_Bataille_d%27Isly_-_1846.jpg,,,,,jpg,438790,f657f7c8925dd3355a8c4211a7424289812b0ac45a046011e5a5544032409b7c,1959,941,kept,2026-02-07,battle painting
13,FIGURE_12_ACTEURS_DIPLOMATIE_CRISE_abd_el_aziz_bicyclette_1901.jpg,Moulay Abdelaziz en bicyclette (1901),Portrait photograph showing Moulay Abdelaziz with bicycle.,Sultan Abdelaziz. Partie II - Section B.,Photographe non identifié,,ca. 1901,Début XXe s.,Maroc,Photographie,Portrait de Moulay Abdelaziz (ca. 1901),Photographie,,,,,,,,,,,Unknown,Source not recorded,,,,,,,jpg,361357,3fd7bd5fb5ea5949d1778501ac21e8450a225cb4881ecc6a09efdfed02da7570,1411,2002,kept,2026-02-07,source URL not recorded
14,FIGURE_13_ALGESIRAS_PROTOCOLES_algeciras_conference_1906.jpg,Conference d'Algesiras (1906),Press photo of Algeciras Conference delegates.,Conférence d'Algésiras. Partie II - Section B.2.,Agence Rol,,1906,Début XXe s.,Algésiras,Photographie de presse,"Conférence d'Algésiras (1906), Agence Rol / Gallica BnF",Photographie,,,,,,,,,,,Public Domain,Agence Rol / Gallica BnF (1906 press photo),https://gallica.bnf.fr/ark:/12148/btv1b53109233x.item,https://gallica.bnf.fr/iiif/ark:/12148/btv1b53109233x/f1/full/full/0/default.jpg,,,,,jpg,72876,b9623886a61db4c0b9d5424d2d97ba25c41413b083da50f20d289e4286eb617b,640,461,kept,2026-02-07,press photo
15,FIGURE_14_PROTECTORAT_TRAITE_FES_portion_signatures.png,Traite de Fes (1912) - signatures,Signature portion extracted from the treaty PDF.,Signatures du traité de Fès. Partie II - Conclusion.,Gouvernement français / Makhzen,,1912,Début XXe s.,Fès,Fac-similé de traité,"Traité de Fès (30 mars 1912), Wikimedia Commons",Document diplomatique,,,,,,,,,,,Public Domain,Ministere de l'Europe et des Affaires etrangeres / Wikimedia Commons (PD),https://commons.wikimedia.org/wiki/File:Trait%C3%A9_relatif_%C3%A0_l%27organisation_du_protectorat_fran%C3%A7ais_dans_l%27empire_ch%C3%A9rifien_TRA19120019_001_-_France_Maroc.pdf,https://upload.wikimedia.org/wikipedia/commons/f/fc/Trait%C3%A9_relatif_%C3%A0_l%27organisation_du_protectorat_fran%C3%A7ais_dans_l%27empire_ch%C3%A9rifien_TRA19120019_001_-_France_Maroc.pdf,,,,,png,92525,9a20d2559ae716617303e6ee3dbf4ad5be41f927e8425273b1d616edb8d7255a,706,460,kept,2026-02-07,signature crop
1,FIGURE_1_CARTE_EMPIRE_CHERIFIEN_mouette_1683.jpg,Carte de l'Empire cherifien (XVIIIe siecle),Historical map of the Moroccan empire showing major regions and ports.,Carte générale de l'Empire chérifien. Partie I - Introduction.,Germain Mouette,,1683,XVIIe s.,Empire Chérifien,Carte historique,"MOUETTE, Germain, Carte des Estats du Roy de Fez, 1683 (via Gallica BnF)",Carte,,,,,,,,,,,Public Domain,"Gallica BnF - Carte de l'Empire de Maroc (Germain Mouette, 1683)",https://gallica.bnf.fr/ark:/12148/btv1b8490821g,https://gallica.bnf.fr/iiif/ark:/12148/btv1b8490821g/f1/full/full/0/default.jpg,,,,,jpg,2416353,f85d4bc4fb391c03c17025a0a0ed14115ae6a356996f3505c5bf29b5e509823f,3660,3419,kept,2026-02-07,map image
2,FIGURE_2_FACSIMILES_TRAITES_morocco_usa_1786.jpg,Traite Maroc-USA (1786) - page arabe,Arabic text page of the 1786 treaty of peace and friendship.,Page arabe du Traité de Marrakech (1786). Partie I - Section A.3.,Chancellerie chérifienne / U.S. State Department,,1786,XVIIIe s.,Marrakech,Fac-similé de traité,"Traité de Paix et d'Amitié Maroc-USA (1786), National Archives (Washington, RG 59)",Document diplomatique,,,,,,,,,,,Public Domain,Moroccan-American Treaty of Peace and Friendship - Wikimedia Commons (PD),https://commons.wikimedia.org/wiki/File:Moroccan-American_Treaty_of_Peace_and_Friendship_01.jpg,https://upload.wikimedia.org/wikipedia/commons/b/b0/Moroccan-American_Treaty_of_Peace_and_Friendship_01.jpg,,,,,jpg,473230,412f4e83c9cc66e6b2b9b5a35a2e6c0ccf4d025991dcde7e9c9f75ae37ea2aab,1563,2048,kept,2026-02-07,treaty facsimile
3,FIGURE_3_DIPLOMATIE_CORSAIRE_british_sailors_algerine_pirate.jpg,Diplomatie corsaire - scene navale,Naval scene illustrating corsair diplomacy.,Diplomatie corsaire. Partie I - Section B.2.,Inconnu (gravure d'époque),,ca. XVIIIe s.,XVIIe-XVIIIe s.,Méditerranée / Atlantique,Gravure,Scène navale corsaire (source non identifiée),Gravure / Illustration,,,,,,,,,,,Unknown,Source not recorded,,,,,,,jpg,255743,7441ad1f87c273205f1d6cd5cd5be25b68776e1e9770916138a4fb019a4a6eb7,1224,800,kept,2026-02-07,source URL not recorded
4,FIGURE_4_PLAN_ESSAOUIRA_plan_de_mogador_btv1b53064624b.jpg,Plan de Mogador (Essaouira),Historical plan of Mogador/Essaouira.,Plan d'Essaouira. Partie I - Section B.3.,Ingénieurs royaux (attribué T. Cornut),,ca. 1770,XVIIIe s.,Essaouira (Mogador),Plan architectural,"Plan de Mogador, Gallica BnF (ark:/12148/btv1b53064624b)",Plan,,,,,,,,,,,Public Domain,Gallica BnF - Plan de Mogador (Essaouira),https://gallica.bnf.fr/ark:/12148/btv1b53064624b,https://gallica.bnf.fr/iiif/ark:/12148/btv1b53064624b/f1/full/full/0/default.jpg,,,,,jpg,9540210,07742f2c50a87f804dbae073626c97d3398379832f9a60c5e76dc50d8be13f7f,6928,8905,kept,2026-02-07,high resolution
5,FIGURE_5_PROTEGES_CONSULAIRES_madrid_conference_1880_title.jpg,Conference de Madrid (1880) - page de titre,Title page tied to the 1880 Madrid conference on protections.,Convention de Madrid. Partie II - Section A.2.,Conférence de Madrid,,1880,XIXe s.,Madrid,Document officiel,"Convention de Madrid (1880), page de titre",Document diplomatique,,,,,,,,,,,Unknown,Source not recorded,,,,,,,jpg,3117105,ece389767decaa79345c692e91a383c2357695e93c17dd4cb44d06ee06e9ba84,3872,5322,kept,2026-02-07,source URL not recorded
6,FIGURE_6_ALLIANCES_ALGESIRAS_delegues_tanger_hotel_continental.jpg,Delegues a Tanger - Hotel Continental,Group portrait of delegates in Tanger.,Délégués diplomatiques à Tanger. Partie II - Section B.,Photographe non identifié,,ca. 1905-1906,Début XXe s.,Tanger,Photographie,"Portrait de groupe des délégués diplomatiques, Tanger",Photographie,,,,,,,,,,,Unknown,Source not recorded,,,,,,,jpg,1359300,b560bae243c34662e26533a6bbde71e5cb5b0e160fe8491de05ba09b655608cd,3024,4032,kept,2026-02-07,source URL not recorded
8,FIGURE_7_FRISE_EROSION_SOUVERAINETE_madrid_conference_1880_p5.jpg,Erosion de la souverainete - page 1880,Document page used for the sovereignty erosion frieze.,Érosion de la souveraineté. Partie II - Frise.,Conférence de Madrid,,1880,XIXe s.,Madrid,Document diplomatique,"Convention de Madrid (1880), p. 5",Document diplomatique,,,,,,,,,,,Unknown,Source not recorded,,,,,,,jpg,1946990,cf2fc3abe0e84436b69cf6e4cbd53ff248f8bce6fba01308c3e07ef380e23e15,3704,5295,kept,2026-02-07,source URL not recorded
7,FIGURE_7_PORTRAITS_FONDATEURS_ALAOUITES_moulay_ismaeil_larmessin.jpg,"Moulay Ismail (gravure, 1690)",Engraving of Sultan Moulay Ismail in ceremonial attire.,Gravure de Moulay Ismaïl. Partie I - Section A.1.,Nicolas de Larmessin,,ca. 1690,XVIIe s.,France,Portrait gravé,"LARMESSIN, Nicolas de, Le Grand Cherif Mouley-Ismaël, ca. 1690",Portrait / Gravure,,,,,,,,,,,Public Domain,"Nicolas de Larmessin, 1690 engraving - Wikimedia Commons (PD)","https://commons.wikimedia.org/wiki/File:Estampes_par_Nicolas_de_Larmessin.f149.Le_grand_cherif_Mouley-Isma%C3%ABl,_roi_du_Maroc.jpg",https://upload.wikimedia.org/wikipedia/commons/9/9c/Estampes_par_Nicolas_de_Larmessin.f149.Le_grand_cherif_Mouley-Isma%C3%ABl%2C_roi_du_Maroc.jpg,,,,,jpg,2966140,73596e1200b04ed477e97ad49702206c1bbe2a7345d64d55f3d885135298949e,3304,4610,kept,2026-02-07,portrait engraving
9,FIGURE_8_CARTE_FRONTIERE_OUED_TAFNA_regency_algiers_map.jpg,Frontiere Maroc-Algerie (Oued Tafna),Map of the Morocco-Algeria frontier including Oued Tafna.,Frontière Oued Tafna. Partie I - Section A.1.,Cartographe non identifié,,ca. XVIIIe s.,XVIIe-XVIIIe s.,Frontière Maroc-Algérie,Carte historique,"Carte de la Régence d'Alger, Gallica BnF",Carte,,,,,,,,,,,Public Domain,Gallica BnF - Carte frontiere Maroc-Algerie,https://gallica.bnf.fr/ark:/12148/btv1b53021162x,https://gallica.bnf.fr/iiif/ark:/12148/btv1b53021162x/f1/full/full/0/default.jpg,,,,,jpg,1409454,512072d89add135e6f67da97f105cce9a6dd9f386ebbf343bfac3d2011f56fab,2250,1974,kept,2026-02-07,map image
10,FIGURE_8_SYNTHESE_DIPLOMATIE_ALAOUITE_said_muhammed_ben_abdul_melek_1783.jpg,Synthese diplomatie alaouite - Said Muhammed ben Abdul Melek (1783),Portrait used for synthesis graphic.,Diplomate marocain XVIIIe s. Partie I.,Artiste non identifié,,ca. 1783,XVIIIe s.,Maroc / Europe,Portrait,Portrait de Saïd Mohammed ben Abdul Melek (1783),Portrait,,,,,,,,,,,Unknown,Source not recorded,,,,,,,jpg,1612689,cf07e62cbee9b62102a67841ba5b445b59aaeade456c390eb78daea1b27ba047,972,1564,kept,2026-02-07,source URL not recorded
16,ambassadeur_marocain_versailles.jpg,,,Ambassade à Versailles. Partie I.,Inconnu,,ca. XVIIe-XVIIIe s.,XVIIe-XVIIIe s.,Versailles,Gravure / Peinture,Réception d'un ambassadeur marocain à Versailles,Gravure / Peinture,,,,,,,,,,,Unknown,Inconnu,,,,,,,jpg,935829,d4d98c561fd0243e47a672c4d65894f6b24aa776ea8beaac91bf87673ef9df28,1017,1003,kept,2026-02-07,
17,ambassadeur_marocain_versailles_v2.jpg,,,Ambassade à Versailles. Partie I.,Inconnu,,ca. XVIIe-XVIIIe s.,XVIIe-XVIIIe s.,Versailles,Gravure / Peinture,Réception ambassadeur marocain à Versailles (v2),Gravure / Peinture,,,,,,,,,,,Unknown,Inconnu,,,,,,,jpg,763919,9f7e0520f75f0b4e5c5006eb939d09454429bf0edcbcfeaa832a538c81bbff7d,3024,4032,kept,2026-02-07,
38,bataille_isly_vernet_1844.jpg,,,Bataille d'Isly. Partie II.,Horace Vernet,,1846,XIXe s.,Isly,Peinture historique,"VERNET, Horace, Bataille d'Isly, 1846",Peinture,,,,,,,,,,,Unknown,Horace Vernet,,,,,,,jpg,438790,f657f7c8925dd3355a8c4211a7424289812b0ac45a046011e5a5544032409b7c,1959,941,kept,2026-02-07,
39,bataille_isly_vernet_1844_v2.jpg,,,Bataille d'Isly. Partie II.,Horace Vernet,,1846,XIXe s.,Isly,Peinture historique,"VERNET, H., Bataille d'Isly (v2)",Peinture,,,,,,,,,,,Unknown,Horace Vernet,,,,,,,jpg,438790,f657f7c8925dd3355a8c4211a7424289812b0ac45a046011e5a5544032409b7c,1959,941,kept,2026-02-07,
48,carte_empire_cherifien_xviiie.jpg,,,Carte Empire marocain. Partie I.,Cartographe non identifié,,ca. XVIIIe s.,XVIIIe s.,Empire Chérifien,Carte historique,Carte de l'Empire chérifien au XVIIIe siècle,Carte,,,,,,,,,,,Unknown,Cartographe non identifié,,,,,,,jpg,4950196,7bf6093df9a63b2a07d369ca64789d54080cf9cbaceec52f5c2b9df4d976cb2d,6192,5602,kept,2026-02-07,
49,carte_frontieres_maroc_algerie.jpg,,,Frontière orientale. Partie I.,Cartographe non identifié,,ca. XVIIIe-XIXe s.,XVIIIe-XIXe s.,Frontière Maroc-Algérie,Carte historique,Carte frontières Maroc-Algérie,Carte,,,,,,,,,,,Unknown,Cartographe non identifié,,,,,,,jpg,364239,09177c86faac97bdd183256e0eb5793bd3ea5c8131db1f8489de121b48569e90,1200,1610,kept,2026-02-07,
50,conference_algeciras_1906.jpg,,,Algésiras. Partie II.,Photographe non identifié,,1906,Début XXe s.,Algésiras,Photographie,Conférence d'Algésiras (1906),Photographie,,,,,,,,,,,Unknown,Photographe non identifié,,,,,,,jpg,818598,f431ae1d49b80b7b171d1f2fc2af38efbbc51bd23888a8c544596b06c1c6267b,1532,1032,kept,2026-02-07,
51,conference_algeciras_1906_v2.jpg,,,Algésiras. Partie II.,Photographe non identifié,,1906,Début XXe s.,Algésiras,Photographie,"Conférence d'Algésiras (1906), v2",Photographie,,,,,,,,,,,Unknown,Photographe non identifié,,,,,,,jpg,72876,b9623886a61db4c0b9d5424d2d97ba25c41413b083da50f20d289e4286eb617b,640,461,kept,2026-02-07,
52,conference_algeciras_1906_v3.jpg,,,Algésiras. Partie II.,Photographe non identifié,,1906,Début XXe s.,Algésiras,Photographie,"Conférence d'Algésiras (1906), v3",Photographie,,,,,,,,,,,Unknown,Photographe non identifié,,,,,,,jpg,5160984,892435cc4944044c8f0dc86c6d5157ea5aa551e3d792b2a3967b0cbafd52723e,8574,6174,kept,2026-02-07,
55,daniel_rivet_histoire_du_maroc_de_moulay_idris_a_mohammed_vi__chunk_001__page_21_Figure_1_jpeg.png,,,# Daniel Rivet Histoire du Maroc de Moulay Idris à Mohammed VI,Daniel Rivet,,,VIIIe s. - XXIe s.,,Monographie,"RIVET, Daniel, Histoire du Maroc : de Moulay Idrîs à Mohammed VI, Fayard, 2012",Diagramme / Schéma,Daniel Rivet Histoire du Maroc de Moulay Idris à Mohammed VI,Fayard,2012,VIIIe s. - XXIe s.,Français,978-2-213-63878-6,Paris,,chunk_001,page_21,Unknown,Daniel Rivet,,,,/workspaces/PHDM/ALL/ALLMD/Daniel Rivet Histoire du Maroc de Moulay Idris à Mohammed VI/_FIGURES,/workspaces/PHDM/ALL/ALLMD/Daniel Rivet Histoire du Maroc de Moulay Idris à Mohammed VI/_FIGURES/chunk_001__page_21_Figure_1_jpeg.png,,png,205693,d283b029ae8f8cd81b3c4e2fe29601230cc1ff745552efd948ee88c580c9fe9e,1183,1318,kept,2026-02-07,
56,daniel_rivet_histoire_du_maroc_de_moulay_idris_a_mohammed_vi__chunk_005__page_0_Figure_1_jpeg.png,,,# Daniel Rivet Histoire du Maroc de Moulay Idris à Mohammed VI,Daniel Rivet,,,VIIIe s. - XXIe s.,,Monographie,"RIVET, Daniel, Histoire du Maroc : de Moulay Idrîs à Mohammed VI, Fayard, 2012",Diagramme / Schéma,Daniel Rivet Histoire du Maroc de Moulay Idris à Mohammed VI,Fayard,2012,VIIIe s. - XXIe s.,Français,978-2-213-63878-6,Paris,,chunk_005,page_0,Unknown,Daniel Rivet,,,,/workspaces/PHDM/ALL/ALLMD/Daniel Rivet Histoire du Maroc de Moulay Idris à Mohammed VI/_FIGURES,/workspaces/PHDM/ALL/ALLMD/Daniel Rivet Histoire du Maroc de Moulay Idris à Mohammed VI/_FIGURES/chunk_005__page_0_Figure_1_jpeg.png,,png,223997,7af1be3e156126aaa167a2ed826d8a94f9b1cdffc26e4fcb21f603566b289e36,1177,1291,kept,2026-02-07,
57,daniel_rivet_histoire_du_maroc_de_moulay_idris_a_mohammed_vi__chunk_009__page_7_Figure_1_jpeg.png,,,# Daniel Rivet Histoire du Maroc de Moulay Idris à Mohammed VI,Daniel Rivet,,,VIIIe s. - XXIe s.,,Monographie,"RIVET, Daniel, Histoire du Maroc : de Moulay Idrîs à Mohammed VI, Fayard, 2012",Diagramme / Schéma,Daniel Rivet Histoire du Maroc de Moulay Idris à Mohammed VI,Fayard,2012,VIIIe s. - XXIe s.,Français,978-2-213-63878-6,Paris,,chunk_009,page_7,Unknown,Daniel Rivet,,,,/workspaces/PHDM/ALL/ALLMD/Daniel Rivet Histoire du Maroc de Moulay Idris à Mohammed VI/_FIGURES,/workspaces/PHDM/ALL/ALLMD/Daniel Rivet Histoire du Maroc de Moulay Idris à Mohammed VI/_FIGURES/chunk_009__page_7_Figure_1_jpeg.png,,png,228292,42f486ba8b4fd880d7cee759c6ab7b81ed07ad11370033bb5c1bdb45d9ed0546,1187,1334,kept,2026-02-07,
58,daniel_rivet_histoire_du_maroc_de_moulay_idris_a_mohammed_vi__chunk_012__page_7_Figure_1_jpeg.png,,,# Daniel Rivet Histoire du Maroc de Moulay Idris à Mohammed VI,Daniel Rivet,,,VIIIe s. - XXIe s.,,Monographie,"RIVET, Daniel, Histoire du Maroc : de Moulay Idrîs à Mohammed VI, Fayard, 2012",Diagramme / Schéma,Daniel Rivet Histoire du Maroc de Moulay Idris à Mohammed VI,Fayard,2012,VIIIe s. - XXIe s.,Français,978-2-213-63878-6,Paris,,chunk_012,page_7,Unknown,Daniel Rivet,,,,/workspaces/PHDM/ALL/ALLMD/Daniel Rivet Histoire du Maroc de Moulay Idris à Mohammed VI/_FIGURES,/workspaces/PHDM/ALL/ALLMD/Daniel Rivet Histoire du Maroc de Moulay Idris à Mohammed VI/_FIGURES/chunk_012__page_7_Figure_1_jpeg.png,,png,214393,4d4bc7beb4b4a3fd7f8114c5d2d7130fd78ef17316c3a73c4218e1fbfafcf63f,1164,1285,kept,2026-02-07,
59,daniel_rivet_histoire_du_maroc_de_moulay_idris_a_mohammed_vi__chunk_013__page_22_Figure_1_jpeg.png,,,# Daniel Rivet Histoire du Maroc de Moulay Idris à Mohammed VI,Daniel Rivet,,,VIIIe s. - XXIe s.,,Monographie,"RIVET, Daniel, Histoire du Maroc : de Moulay Idrîs à Mohammed VI, Fayard, 2012",Diagramme / Schéma,Daniel Rivet Histoire du Maroc de Moulay Idris à Mohammed VI,Fayard,2012,VIIIe s. - XXIe s.,Français,978-2-213-63878-6,Paris,,chunk_013,page_22,Unknown,Daniel Rivet,,,,/workspaces/PHDM/ALL/ALLMD/Daniel Rivet Histoire du Maroc de Moulay Idris à Mohammed VI/_FIGURES,/workspaces/PHDM/ALL/ALLMD/Daniel Rivet Histoire du Maroc de Moulay Idris à Mohammed VI/_FIGURES/chunk_013__page_22_Figure_1_jpeg.png,,png,183861,d3a2073f6a36e69a70a51dc49819be801653db913fe224c54aed398b99086bb2,1176,1300,kept,2026-02-07,
62,daniel_rivet_histoire_du_maroc_de_moulay_idris_a_mohammed_vi__chunk_01_fig_03.png,,,# Daniel Rivet Histoire du Maroc de Moulay Idris à Mohammed VI,Daniel Rivet,,,VIIIe s. - XXIe s.,,Monographie,"RIVET, Daniel, Histoire du Maroc : de Moulay Idrîs à Mohammed VI, Fayard, 2012",Figure extraite (OCR),Daniel Rivet Histoire du Maroc de Moulay Idris à Mohammed VI,Fayard,2012,VIIIe s. - XXIe s.,Français,978-2-213-63878-6,Paris,,chunk_01,,Unknown,Daniel Rivet,,,,/workspaces/PHDM/ALL/ALLMD/Daniel Rivet Histoire du Maroc de Moulay Idris à Mohammed VI/_FIGURES,/workspaces/PHDM/ALL/ALLMD/Daniel Rivet Histoire du Maroc de Moulay Idris à Mohammed VI/_FIGURES/chunk_01_fig_03.png,,png,205693,d283b029ae8f8cd81b3c4e2fe29601230cc1ff745552efd948ee88c580c9fe9e,1183,1318,kept,2026-02-07,
63,daniel_rivet_histoire_du_maroc_de_moulay_idris_a_mohammed_vi__chunk_05_fig_01.png,,,# Daniel Rivet Histoire du Maroc de Moulay Idris à Mohammed VI,Daniel Rivet,,,VIIIe s. - XXIe s.,,Monographie,"RIVET, Daniel, Histoire du Maroc : de Moulay Idrîs à Mohammed VI, Fayard, 2012",Figure extraite (OCR),Daniel Rivet Histoire du Maroc de Moulay Idris à Mohammed VI,Fayard,2012,VIIIe s. - XXIe s.,Français,978-2-213-63878-6,Paris,,chunk_05,,Unknown,Daniel Rivet,,,,/workspaces/PHDM/ALL/ALLMD/Daniel Rivet Histoire du Maroc de Moulay Idris à Mohammed VI/_FIGURES,/workspaces/PHDM/ALL/ALLMD/Daniel Rivet Histoire du Maroc de Moulay Idris à Mohammed VI/_FIGURES/chunk_05_fig_01.png,,png,223997,7af1be3e156126aaa167a2ed826d8a94f9b1cdffc26e4fcb21f603566b289e36,1177,1291,kept,2026-02-07,
64,daniel_rivet_histoire_du_maroc_de_moulay_idris_a_mohammed_vi__chunk_09_fig_01.png,,,# Daniel Rivet Histoire du Maroc de Moulay Idris à Mohammed VI,Daniel Rivet,,,VIIIe s. - XXIe s.,,Monographie,"RIVET, Daniel, Histoire du Maroc : de Moulay Idrîs à Mohammed VI, Fayard, 2012",Figure extraite (OCR),Daniel Rivet Histoire du Maroc de Moulay Idris à Mohammed VI,Fayard,2012,VIIIe s. - XXIe s.,Français,978-2-213-63878-6,Paris,,chunk_09,,Unknown,Daniel Rivet,,,,/workspaces/PHDM/ALL/ALLMD/Daniel Rivet Histoire du Maroc de Moulay Idris à Mohammed VI/_FIGURES,/workspaces/PHDM/ALL/ALLMD/Daniel Rivet Histoire du Maroc de Moulay Idris à Mohammed VI/_FIGURES/chunk_09_fig_01.png,,png,228292,42f486ba8b4fd880d7cee759c6ab7b81ed07ad11370033bb5c1bdb45d9ed0546,1187,1334,kept,2026-02-07,
65,daniel_rivet_histoire_du_maroc_de_moulay_idris_a_mohammed_vi__chunk_12_fig_01.png,,,# Daniel Rivet Histoire du Maroc de Moulay Idris à Mohammed VI,Daniel Rivet,,,VIIIe s. - XXIe s.,,Monographie,"RIVET, Daniel, Histoire du Maroc : de Moulay Idrîs à Mohammed VI, Fayard, 2012",Figure extraite (OCR),Daniel Rivet Histoire du Maroc de Moulay Idris à Mohammed VI,Fayard,2012,VIIIe s. - XXIe s.,Français,978-2-213-63878-6,Paris,,chunk_12,,Unknown,Daniel Rivet,,,,/workspaces/PHDM/ALL/ALLMD/Daniel Rivet Histoire du Maroc de Moulay Idris à Mohammed VI/_FIGURES,/workspaces/PHDM/ALL/ALLMD/Daniel Rivet Histoire du Maroc de Moulay Idris à Mohammed VI/_FIGURES/chunk_12_fig_01.png,,png,214393,4d4bc7beb4b4a3fd7f8114c5d2d7130fd78ef17316c3a73c4218e1fbfafcf63f,1164,1285,kept,2026-02-07,
66,daniel_rivet_histoire_du_maroc_de_moulay_idris_a_mohammed_vi__chunk_13_fig_01.png,,,# Daniel Rivet Histoire du Maroc de Moulay Idris à Mohammed VI,Daniel Rivet,,,VIIIe s. - XXIe s.,,Monographie,"RIVET, Daniel, Histoire du Maroc : de Moulay Idrîs à Mohammed VI, Fayard, 2012",Figure extraite (OCR),Daniel Rivet Histoire du Maroc de Moulay Idris à Mohammed VI,Fayard,2012,VIIIe s. - XXIe s.,Français,978-2-213-63878-6,Paris,,chunk_13,,Unknown,Daniel Rivet,,,,/workspaces/PHDM/ALL/ALLMD/Daniel Rivet Histoire du Maroc de Moulay Idris à Mohammed VI/_FIGURES,/workspaces/PHDM/ALL/ALLMD/Daniel Rivet Histoire du Maroc de Moulay Idris à Mohammed VI/_FIGURES/chunk_13_fig_01.png,,png,183861,d3a2073f6a36e69a70a51dc49819be801653db913fe224c54aed398b99086bb2,1176,1300,kept,2026-02-07,
70,description_et_histoire_du_maroc_2___page_3_Picture_2_jpeg.png,,,{0}------------------------------------------------,Non identifié,,,Maroc historique,,Description historique,"Description et histoire du Maroc (source non identifiée, Vol. 2)",Illustration / Photo,DESCRIPTION ET HISTOIRE DU MAROC (2),Non identifié,1981,Maroc historique,Français,,,,,page_3,Unknown,Non identifié,,,,/workspaces/PHDM/ALL/ALLMD/DESCRIPTION ET HISTOIRE DU MAROC (2)/_FIGURES,/workspaces/PHDM/ALL/ALLMD/DESCRIPTION ET HISTOIRE DU MAROC (2)/_FIGURES/_page_3_Picture_2_jpeg.png,,png,726507,7db5ad8a7ca61c570e9f8e0e25df29f3a17d08fcde773d454cdb045a14697d6a,2187,1302,kept,2026-02-07,
93,foreign_policy_n_political_regime__chunk_01_fig_01.png,,,# Foreign-Policy-N-Political-Regime,Non identifié,,,Théorie des relations internationales,,Article académique,Foreign Policy and Political Regime,Figure extraite (OCR),Foreign-Policy-N-Political-Regime,Non identifié,2026,Théorie des relations internationales,Anglais,,,,chunk_01,,Unknown,Non identifié,,,,/workspaces/PHDM/ALL/ALLMD/Foreign-Policy-N-Political-Regime/_FIGURES,/workspaces/PHDM/ALL/ALLMD/Foreign-Policy-N-Political-Regime/_FIGURES/chunk_01_fig_01.png,,png,20915,18655532bfeee416b4a9572ed9e0bb10e5352994940ec3a067a961535fb577a9,175,154,kept,2026-02-07,
94,foreign_policy_n_political_regime__chunk_01_fig_02.png,,,# Foreign-Policy-N-Political-Regime,Non identifié,,,Théorie des relations internationales,,Article académique,Foreign Policy and Political Regime,Figure extraite (OCR),Foreign-Policy-N-Political-Regime,Non identifié,2026,Théorie des relations internationales,Anglais,,,,chunk_01,,Unknown,Non identifié,,,,/workspaces/PHDM/ALL/ALLMD/Foreign-Policy-N-Political-Regime/_FIGURES,/workspaces/PHDM/ALL/ALLMD/Foreign-Policy-N-Political-Regime/_FIGURES/chunk_01_fig_02.png,,png,407159,936dfe59dd8e81c47fe5ffddd17077ec341d347725ccae04224046d2394332a7,1171,790,kept,2026-02-07,
98,hesperis_tamuda_1959__chunk_01_fig_01.png,,,# Hespéris Tamuda 1959,Collectif (Institut des Hautes Études Marocaines),,,Études marocaines et berbères,,Revue académique,"Hespéris Tamuda, Tome XLVI, 1959 (Archives Berbères et Bulletin de l'IHEM)",Figure extraite (OCR),Hespéris Tamuda 1959,Librairie Larose,1959,Études marocaines et berbères,Français,,Paris,Hespéris Tamuda,chunk_01,,Unknown,Collectif (Institut des Hautes Études Marocaines),,,,/workspaces/PHDM/ALL/ALLMD/Hespéris Tamuda 1959/_FIGURES,/workspaces/PHDM/ALL/ALLMD/Hespéris Tamuda 1959/_FIGURES/chunk_01_fig_01.png,,png,129177,b18245db2b3970248a501ea375178117faf90aa7437562ac11e7f0bd7cd258c7,436,424,kept,2026-02-07,
99,hesperis_tamuda_1959__chunk_01_fig_02.png,,,# Hespéris Tamuda 1959,Collectif (Institut des Hautes Études Marocaines),,,Études marocaines et berbères,,Revue académique,"Hespéris Tamuda, Tome XLVI, 1959 (Archives Berbères et Bulletin de l'IHEM)",Figure extraite (OCR),Hespéris Tamuda 1959,Librairie Larose,1959,Études marocaines et berbères,Français,,Paris,Hespéris Tamuda,chunk_01,,Unknown,Collectif (Institut des Hautes Études Marocaines),,,,/workspaces/PHDM/ALL/ALLMD/Hespéris Tamuda 1959/_FIGURES,/workspaces/PHDM/ALL/ALLMD/Hespéris Tamuda 1959/_FIGURES/chunk_01_fig_02.png,,png,257397,5eb19650c2f3786a14ecbba04216d6e5c174b75162d329c6f3a5bc17c1009e22,1546,1085,kept,2026-02-07,
100,hesperis_tamuda_1959__chunk_01_fig_03.png,,,# Hespéris Tamuda 1959,Collectif (Institut des Hautes Études Marocaines),,,Études marocaines et berbères,,Revue académique,"Hespéris Tamuda, Tome XLVI, 1959 (Archives Berbères et Bulletin de l'IHEM)",Figure extraite (OCR),Hespéris Tamuda 1959,Librairie Larose,1959,Études marocaines et berbères,Français,,Paris,Hespéris Tamuda,chunk_01,,Unknown,Collectif (Institut des Hautes Études Marocaines),,,,/workspaces/PHDM/ALL/ALLMD/Hespéris Tamuda 1959/_FIGURES,/workspaces/PHDM/ALL/ALLMD/Hespéris Tamuda 1959/_FIGURES/chunk_01_fig_03.png,,png,122906,7007ce073a92129bebb498e4aefb11eb54e9d18044070cba5091b4ae1c7b77a4,1193,1717,kept,2026-02-07,
101,hesperis_tamuda_1959__chunk_01_fig_04.png,,,# Hespéris Tamuda 1959,Collectif (Institut des Hautes Études Marocaines),,,Études marocaines et berbères,,Revue académique,"Hespéris Tamuda, Tome XLVI, 1959 (Archives Berbères et Bulletin de l'IHEM)",Figure extraite (OCR),Hespéris Tamuda 1959,Librairie Larose,1959,Études marocaines et berbères,Français,,Paris,Hespéris Tamuda,chunk_01,,Unknown,Collectif (Institut des Hautes Études Marocaines),,,,/workspaces/PHDM/ALL/ALLMD/Hespéris Tamuda 1959/_FIGURES,/workspaces/PHDM/ALL/ALLMD/Hespéris Tamuda 1959/_FIGURES/chunk_01_fig_04.png,,png,123696,e2c35f6696f447d27040bffdde762616d828dbe3b67c900016fcc83b397f155f,651,651,kept,2026-02-07,
102,hesperis_tamuda_1959__chunk_01_fig_05.png,,,# Hespéris Tamuda 1959,Collectif (Institut des Hautes Études Marocaines),,,Études marocaines et berbères,,Revue académique,"Hespéris Tamuda, Tome XLVI, 1959 (Archives Berbères et Bulletin de l'IHEM)",Figure extraite (OCR),Hespéris Tamuda 1959,Librairie Larose,1959,Études marocaines et berbères,Français,,Paris,Hespéris Tamuda,chunk_01,,Unknown,Collectif (Institut des Hautes Études Marocaines),,,,/workspaces/PHDM/ALL/ALLMD/Hespéris Tamuda 1959/_FIGURES,/workspaces/PHDM/ALL/ALLMD/Hespéris Tamuda 1959/_FIGURES/chunk_01_fig_05.png,,png,513063,edc37b15e00a31381b0e7e08072d400ad0494d732d86c4157da77f5140639619,958,1647,kept,2026-02-07,
103,hesperis_tamuda_1959__chunk_01_fig_06.png,,,# Hespéris Tamuda 1959,Collectif (Institut des Hautes Études Marocaines),,,Études marocaines et berbères,,Revue académique,"Hespéris Tamuda, Tome XLVI, 1959 (Archives Berbères et Bulletin de l'IHEM)",Figure extraite (OCR),Hespéris Tamuda 1959,Librairie Larose,1959,Études marocaines et berbères,Français,,Paris,Hespéris Tamuda,chunk_01,,Unknown,Collectif (Institut des Hautes Études Marocaines),,,,/workspaces/PHDM/ALL/ALLMD/Hespéris Tamuda 1959/_FIGURES,/workspaces/PHDM/ALL/ALLMD/Hespéris Tamuda 1959/_FIGURES/chunk_01_fig_06.png,,png,1205445,65c4c741fa9adcff35079b097ef6173a9428b35cbea583365749b7738480c953,1853,1839,kept,2026-02-07,
104,hesperis_tamuda_1959__chunk_01_fig_07.png,,,# Hespéris Tamuda 1959,Collectif (Institut des Hautes Études Marocaines),,,Études marocaines et berbères,,Revue académique,"Hespéris Tamuda, Tome XLVI, 1959 (Archives Berbères et Bulletin de l'IHEM)",Figure extraite (OCR),Hespéris Tamuda 1959,Librairie Larose,1959,Études marocaines et berbères,Français,,Paris,Hespéris Tamuda,chunk_01,,Unknown,Collectif (Institut des Hautes Études Marocaines),,,,/workspaces/PHDM/ALL/ALLMD/Hespéris Tamuda 1959/_FIGURES,/workspaces/PHDM/ALL/ALLMD/Hespéris Tamuda 1959/_FIGURES/chunk_01_fig_07.png,,png,332357,160be6cd06d1830a02f13c4622cb10ddf4246502710d4b5f7e65aca278413ba7,1005,1608,kept,2026-02-07,
105,hesperis_tamuda_1959__chunk_01_fig_08.png,,,# Hespéris Tamuda 1959,Collectif (Institut des Hautes Études Marocaines),,,Études marocaines et berbères,,Revue académique,"Hespéris Tamuda, Tome XLVI, 1959 (Archives Berbères et Bulletin de l'IHEM)",Figure extraite (OCR),Hespéris Tamuda 1959,Librairie Larose,1959,Études marocaines et berbères,Français,,Paris,Hespéris Tamuda,chunk_01,,Unknown,Collectif (Institut des Hautes Études Marocaines),,,,/workspaces/PHDM/ALL/ALLMD/Hespéris Tamuda 1959/_FIGURES,/workspaces/PHDM/ALL/ALLMD/Hespéris Tamuda 1959/_FIGURES/chunk_01_fig_08.png,,png,179381,a01f566d2f4b08912b6dc1282f3584043a27c9d2ece27aaafca533b57526aefd,723,1028,kept,2026-02-07,
106,hesperis_tamuda_1959__chunk_01_fig_09.png,,,# Hespéris Tamuda 1959,Collectif (Institut des Hautes Études Marocaines),,,Études marocaines et berbères,,Revue académique,"Hespéris Tamuda, Tome XLVI, 1959 (Archives Berbères et Bulletin de l'IHEM)",Figure extraite (OCR),Hespéris Tamuda 1959,Librairie Larose,1959,Études marocaines et berbères,Français,,Paris,Hespéris Tamuda,chunk_01,,Unknown,Collectif (Institut des Hautes Études Marocaines),,,,/workspaces/PHDM/ALL/ALLMD/Hespéris Tamuda 1959/_FIGURES,/workspaces/PHDM/ALL/ALLMD/Hespéris Tamuda 1959/_FIGURES/chunk_01_fig_09.png,,png,542198,ab0c56f6c7e7f799cfc0292eaf6d090f61682704fad70470ea5d6719a8bb67d3,1291,2007,kept,2026-02-07,
107,hesperis_tamuda_1959__chunk_01_fig_10.png,,,# Hespéris Tamuda 1959,Collectif (Institut des Hautes Études Marocaines),,,Études marocaines et berbères,,Revue académique,"Hespéris Tamuda, Tome XLVI, 1959 (Archives Berbères et Bulletin de l'IHEM)",Figure extraite (OCR),Hespéris Tamuda 1959,Librairie Larose,1959,Études marocaines et berbères,Français,,Paris,Hespéris Tamuda,chunk_01,,Unknown,Collectif (Institut des Hautes Études Marocaines),,,,/workspaces/PHDM/ALL/ALLMD/Hespéris Tamuda 1959/_FIGURES,/workspaces/PHDM/ALL/ALLMD/Hespéris Tamuda 1959/_FIGURES/chunk_01_fig_10.png,,png,141205,628db3e06b59c31aea3ced2678d71378deedec5094cfcc48fed151e2a3d9f15f,593,719,kept,2026-02-07,
108,hesperis_tamuda_1959__chunk_01_fig_11.png,,,# Hespéris Tamuda 1959,Collectif (Institut des Hautes Études Marocaines),,,Études marocaines et berbères,,Revue académique,"Hespéris Tamuda, Tome XLVI, 1959 (Archives Berbères et Bulletin de l'IHEM)",Figure extraite (OCR),Hespéris Tamuda 1959,Librairie Larose,1959,Études marocaines et berbères,Français,,Paris,Hespéris Tamuda,chunk_01,,Unknown,Collectif (Institut des Hautes Études Marocaines),,,,/workspaces/PHDM/ALL/ALLMD/Hespéris Tamuda 1959/_FIGURES,/workspaces/PHDM/ALL/ALLMD/Hespéris Tamuda 1959/_FIGURES/chunk_01_fig_11.png,,png,429773,b4b613a2067ea5236cb71e157ea86416b4a52b42293a28d4046e531a35775be1,928,1522,kept,2026-02-07,
109,hesperis_tamuda_1959__chunk_01_fig_12.png,,,# Hespéris Tamuda 1959,Collectif (Institut des Hautes Études Marocaines),,,Études marocaines et berbères,,Revue académique,"Hespéris Tamuda, Tome XLVI, 1959 (Archives Berbères et Bulletin de l'IHEM)",Figure extraite (OCR),Hespéris Tamuda 1959,Librairie Larose,1959,Études marocaines et berbères,Français,,Paris,Hespéris Tamuda,chunk_01,,Unknown,Collectif (Institut des Hautes Études Marocaines),,,,/workspaces/PHDM/ALL/ALLMD/Hespéris Tamuda 1959/_FIGURES,/workspaces/PHDM/ALL/ALLMD/Hespéris Tamuda 1959/_FIGURES/chunk_01_fig_12.png,,png,243741,1fd5106cad2d2bdd4bda7fa5f07207f4ebcf4c9e15e6b1abcebca184bc0eed10,609,1042,kept,2026-02-07,
110,hesperis_tamuda_1959__chunk_02_fig_01.png,,,# Hespéris Tamuda 1959,Collectif (Institut des Hautes Études Marocaines),,,Études marocaines et berbères,,Revue académique,"Hespéris Tamuda, Tome XLVI, 1959 (Archives Berbères et Bulletin de l'IHEM)",Figure extraite (OCR),Hespéris Tamuda 1959,Librairie Larose,1959,Études marocaines et berbères,Français,,Paris,Hespéris Tamuda,chunk_02,,Unknown,Collectif (Institut des Hautes Études Marocaines),,,,/workspaces/PHDM/ALL/ALLMD/Hespéris Tamuda 1959/_FIGURES,/workspaces/PHDM/ALL/ALLMD/Hespéris Tamuda 1959/_FIGURES/chunk_02_fig_01.png,,png,79228,bdff092a742b1921d597e5dd2c1e30192acb4d4dc7807c0fed27d71e315d5c0d,595,801,kept,2026-02-07,
111,hesperis_tamuda_1959__chunk_02_fig_02.png,,,# Hespéris Tamuda 1959,Collectif (Institut des Hautes Études Marocaines),,,Études marocaines et berbères,,Revue académique,"Hespéris Tamuda, Tome XLVI, 1959 (Archives Berbères et Bulletin de l'IHEM)",Figure extraite (OCR),Hespéris Tamuda 1959,Librairie Larose,1959,Études marocaines et berbères,Français,,Paris,Hespéris Tamuda,chunk_02,,Unknown,Collectif (Institut des Hautes Études Marocaines),,,,/workspaces/PHDM/ALL/ALLMD/Hespéris Tamuda 1959/_FIGURES,/workspaces/PHDM/ALL/ALLMD/Hespéris Tamuda 1959/_FIGURES/chunk_02_fig_02.png,,png,313443,1354c734727ba623b523add9814fb06b9ade4da9596836b7f49278426dfa4710,1271,1390,kept,2026-02-07,
112,hesperis_tamuda_1959__chunk_02_fig_03.png,,,# Hespéris Tamuda 1959,Collectif (Institut des Hautes Études Marocaines),,,Études marocaines et berbères,,Revue académique,"Hespéris Tamuda, Tome XLVI, 1959 (Archives Berbères et Bulletin de l'IHEM)",Figure extraite (OCR),Hespéris Tamuda 1959,Librairie Larose,1959,Études marocaines et berbères,Français,,Paris,Hespéris Tamuda,chunk_02,,Unknown,Collectif (Institut des Hautes Études Marocaines),,,,/workspaces/PHDM/ALL/ALLMD/Hespéris Tamuda 1959/_FIGURES,/workspaces/PHDM/ALL/ALLMD/Hespéris Tamuda 1959/_FIGURES/chunk_02_fig_03.png,,png,291775,c45c1f1dc5f88f534a2f36fa0c6c7528b30adc2dcc8fdeb8ad380a43f897fad8,762,1044,kept,2026-02-07,
113,hesperis_tamuda_1959__chunk_02_fig_04.png,,,# Hespéris Tamuda 1959,Collectif (Institut des Hautes Études Marocaines),,,Études marocaines et berbères,,Revue académique,"Hespéris Tamuda, Tome XLVI, 1959 (Archives Berbères et Bulletin de l'IHEM)",Figure extraite (OCR),Hespéris Tamuda 1959,Librairie Larose,1959,Études marocaines et berbères,Français,,Paris,Hespéris Tamuda,chunk_02,,Unknown,Collectif (Institut des Hautes Études Marocaines),,,,/workspaces/PHDM/ALL/ALLMD/Hespéris Tamuda 1959/_FIGURES,/workspaces/PHDM/ALL/ALLMD/Hespéris Tamuda 1959/_FIGURES/chunk_02_fig_04.png,,png,448186,57977528bc499a6e1bc7ca6cb0ffe00a5247b6334d8538431dc16889d36a33ff,1098,711,kept,2026-02-07,
114,hesperis_tamuda_1959__chunk_02_fig_05.png,,,# Hespéris Tamuda 1959,Collectif (Institut des Hautes Études Marocaines),,,Études marocaines et berbères,,Revue académique,"Hespéris Tamuda, Tome XLVI, 1959 (Archives Berbères et Bulletin de l'IHEM)",Figure extraite (OCR),Hespéris Tamuda 1959,Librairie Larose,1959,Études marocaines et berbères,Français,,Paris,Hespéris Tamuda,chunk_02,,Unknown,Collectif (Institut des Hautes Études Marocaines),,,,/workspaces/PHDM/ALL/ALLMD/Hespéris Tamuda 1959/_FIGURES,/workspaces/PHDM/ALL/ALLMD/Hespéris Tamuda 1959/_FIGURES/chunk_02_fig_05.png,,png,445282,a0622d850f45c78abc3adee2bb117959056d398aaa2e264fea0f14cfce776892,1236,1081,kept,2026-02-07,
115,hesperis_tamuda_1959__chunk_02_fig_06.png,,,# Hespéris Tamuda 1959,Collectif (Institut des Hautes Études Marocaines),,,Études marocaines et berbères,,Revue académique,"Hespéris Tamuda, Tome XLVI, 1959 (Archives Berbères et Bulletin de l'IHEM)",Figure extraite (OCR),Hespéris Tamuda 1959,Librairie Larose,1959,Études marocaines et berbères,Français,,Paris,Hespéris Tamuda,chunk_02,,Unknown,Collectif (Institut des Hautes Études Marocaines),,,,/workspaces/PHDM/ALL/ALLMD/Hespéris Tamuda 1959/_FIGURES,/workspaces/PHDM/ALL/ALLMD/Hespéris Tamuda 1959/_FIGURES/chunk_02_fig_06.png,,png,246138,cb69af758e8769494d378460247cd70d780395e5eb6b18cf7d885aefff2fa10c,846,847,kept,2026-02-07,
116,hesperis_tamuda_1959__chunk_02_fig_07.png,,,# Hespéris Tamuda 1959,Collectif (Institut des Hautes Études Marocaines),,,Études marocaines et berbères,,Revue académique,"Hespéris Tamuda, Tome XLVI, 1959 (Archives Berbères et Bulletin de l'IHEM)",Figure extraite (OCR),Hespéris Tamuda 1959,Librairie Larose,1959,Études marocaines et berbères,Français,,Paris,Hespéris Tamuda,chunk_02,,Unknown,Collectif (Institut des Hautes Études Marocaines),,,,/workspaces/PHDM/ALL/ALLMD/Hespéris Tamuda 1959/_FIGURES,/workspaces/PHDM/ALL/ALLMD/Hespéris Tamuda 1959/_FIGURES/chunk_02_fig_07.png,,png,317287,17b8609bf9c307f09593ddc4b9f95f9c597245434a832bee849ea7dfd6438cfd,1046,693,kept,2026-02-07,
117,hesperis_tamuda_1959__chunk_02_fig_08.png,,,# Hespéris Tamuda 1959,Collectif (Institut des Hautes Études Marocaines),,,Études marocaines et berbères,,Revue académique,"Hespéris Tamuda, Tome XLVI, 1959 (Archives Berbères et Bulletin de l'IHEM)",Figure extraite (OCR),Hespéris Tamuda 1959,Librairie Larose,1959,Études marocaines et berbères,Français,,Paris,Hespéris Tamuda,chunk_02,,Unknown,Collectif (Institut des Hautes Études Marocaines),,,,/workspaces/PHDM/ALL/ALLMD/Hespéris Tamuda 1959/_FIGURES,/workspaces/PHDM/ALL/ALLMD/Hespéris Tamuda 1959/_FIGURES/chunk_02_fig_08.png,,png,410636,f1aefbd94accad26843acaa4e2470dfe5b986ee4ab2f1d6df1163c93312fab71,1089,983,kept,2026-02-07,
118,hesperis_tamuda_1959__chunk_02_fig_09.png,,,# Hespéris Tamuda 1959,Collectif (Institut des Hautes Études Marocaines),,,Études marocaines et berbères,,Revue académique,"Hespéris Tamuda, Tome XLVI, 1959 (Archives Berbères et Bulletin de l'IHEM)",Figure extraite (OCR),Hespéris Tamuda 1959,Librairie Larose,1959,Études marocaines et berbères,Français,,Paris,Hespéris Tamuda,chunk_02,,Unknown,Collectif (Institut des Hautes Études Marocaines),,,,/workspaces/PHDM/ALL/ALLMD/Hespéris Tamuda 1959/_FIGURES,/workspaces/PHDM/ALL/ALLMD/Hespéris Tamuda 1959/_FIGURES/chunk_02_fig_09.png,,png,360499,a0c089d1332eb9186711144abdefed9921051bdd5722544917fe35fb338d4fb4,1128,759,kept,2026-02-07,
119,hesperis_tamuda_1959__chunk_02_fig_10.png,,,# Hespéris Tamuda 1959,Collectif (Institut des Hautes Études Marocaines),,,Études marocaines et berbères,,Revue académique,"Hespéris Tamuda, Tome XLVI, 1959 (Archives Berbères et Bulletin de l'IHEM)",Figure extraite (OCR),Hespéris Tamuda 1959,Librairie Larose,1959,Études marocaines et berbères,Français,,Paris,Hespéris Tamuda,chunk_02,,Unknown,Collectif (Institut des Hautes Études Marocaines),,,,/workspaces/PHDM/ALL/ALLMD/Hespéris Tamuda 1959/_FIGURES,/workspaces/PHDM/ALL/ALLMD/Hespéris Tamuda 1959/_FIGURES/chunk_02_fig_10.png,,png,297619,095b899dcfb355c294bea43759c8ec4e5524a7617d8192739f1f15629976d4bf,983,933,kept,2026-02-07,
120,hesperis_tamuda_1959__chunk_02_fig_11.png,,,# Hespéris Tamuda 1959,Collectif (Institut des Hautes Études Marocaines),,,Études marocaines et berbères,,Revue académique,"Hespéris Tamuda, Tome XLVI, 1959 (Archives Berbères et Bulletin de l'IHEM)",Figure extraite (OCR),Hespéris Tamuda 1959,Librairie Larose,1959,Études marocaines et berbères,Français,,Paris,Hespéris Tamuda,chunk_02,,Unknown,Collectif (Institut des Hautes Études Marocaines),,,,/workspaces/PHDM/ALL/ALLMD/Hespéris Tamuda 1959/_FIGURES,/workspaces/PHDM/ALL/ALLMD/Hespéris Tamuda 1959/_FIGURES/chunk_02_fig_11.png,,png,212279,75910ca1f6b61f6e243a9a817d0c17296a35c552d3e7f395c375c6cbd51f826c,607,1285,kept,2026-02-07,
121,hesperis_tamuda_1959__chunk_02_fig_12.png,,,# Hespéris Tamuda 1959,Collectif (Institut des Hautes Études Marocaines),,,Études marocaines et berbères,,Revue académique,"Hespéris Tamuda, Tome XLVI, 1959 (Archives Berbères et Bulletin de l'IHEM)",Figure extraite (OCR),Hespéris Tamuda 1959,Librairie Larose,1959,Études marocaines et berbères,Français,,Paris,Hespéris Tamuda,chunk_02,,Unknown,Collectif (Institut des Hautes Études Marocaines),,,,/workspaces/PHDM/ALL/ALLMD/Hespéris Tamuda 1959/_FIGURES,/workspaces/PHDM/ALL/ALLMD/Hespéris Tamuda 1959/_FIGURES/chunk_02_fig_12.png,,png,73879,8bbcba20f54d77832f40ad9985a06c1cfe0f9f29df714a384fa823c34e6772fd,658,672,kept,2026-02-07,
122,hesperis_tamuda_1959__chunk_02_fig_13.png,,,# Hespéris Tamuda 1959,Collectif (Institut des Hautes Études Marocaines),,,Études marocaines et berbères,,Revue académique,"Hespéris Tamuda, Tome XLVI, 1959 (Archives Berbères et Bulletin de l'IHEM)",Figure extraite (OCR),Hespéris Tamuda 1959,Librairie Larose,1959,Études marocaines et berbères,Français,,Paris,Hespéris Tamuda,chunk_02,,Unknown,Collectif (Institut des Hautes Études Marocaines),,,,/workspaces/PHDM/ALL/ALLMD/Hespéris Tamuda 1959/_FIGURES,/workspaces/PHDM/ALL/ALLMD/Hespéris Tamuda 1959/_FIGURES/chunk_02_fig_13.png,,png,122564,0e97de98c736d41b9d68754bab9883184d6ccfc656a0fcd88ceb54f2ae08c255,649,673,kept,2026-02-07,
123,hesperis_tamuda_1959__chunk_02_fig_14.png,,,# Hespéris Tamuda 1959,Collectif (Institut des Hautes Études Marocaines),,,Études marocaines et berbères,,Revue académique,"Hespéris Tamuda, Tome XLVI, 1959 (Archives Berbères et Bulletin de l'IHEM)",Figure extraite (OCR),Hespéris Tamuda 1959,Librairie Larose,1959,Études marocaines et berbères,Français,,Paris,Hespéris Tamuda,chunk_02,,Unknown,Collectif (Institut des Hautes Études Marocaines),,,,/workspaces/PHDM/ALL/ALLMD/Hespéris Tamuda 1959/_FIGURES,/workspaces/PHDM/ALL/ALLMD/Hespéris Tamuda 1959/_FIGURES/chunk_02_fig_14.png,,png,373608,48a925629861ddf72d87cb514e84b8c7353056a49f752de7a01b86d1ecd53ea6,1207,711,kept,2026-02-07,
124,hesperis_tamuda_1959__chunk_02_fig_15.png,,,# Hespéris Tamuda 1959,Collectif (Institut des Hautes Études Marocaines),,,Études marocaines et berbères,,Revue académique,"Hespéris Tamuda, Tome XLVI, 1959 (Archives Berbères et Bulletin de l'IHEM)",Figure extraite (OCR),Hespéris Tamuda 1959,Librairie Larose,1959,Études marocaines et berbères,Français,,Paris,Hespéris Tamuda,chunk_02,,Unknown,Collectif (Institut des Hautes Études Marocaines),,,,/workspaces/PHDM/ALL/ALLMD/Hespéris Tamuda 1959/_FIGURES,/workspaces/PHDM/ALL/ALLMD/Hespéris Tamuda 1959/_FIGURES/chunk_02_fig_15.png,,png,211357,98815f932aa61e8f6555d58726ad358a7853412245433a7d8980805735f8da37,919,945,kept,2026-02-07,
125,hesperis_tamuda_1959__chunk_02_fig_16.png,,,# Hespéris Tamuda 1959,Collectif (Institut des Hautes Études Marocaines),,,Études marocaines et berbères,,Revue académique,"Hespéris Tamuda, Tome XLVI, 1959 (Archives Berbères et Bulletin de l'IHEM)",Figure extraite (OCR),Hespéris Tamuda 1959,Librairie Larose,1959,Études marocaines et berbères,Français,,Paris,Hespéris Tamuda,chunk_02,,Unknown,Collectif (Institut des Hautes Études Marocaines),,,,/workspaces/PHDM/ALL/ALLMD/Hespéris Tamuda 1959/_FIGURES,/workspaces/PHDM/ALL/ALLMD/Hespéris Tamuda 1959/_FIGURES/chunk_02_fig_16.png,,png,290064,be78ba0d61c84631107914280450a354dcdfc2cf8ab5b80216a3e019cc5ca930,635,854,kept,2026-02-07,
126,hesperis_tamuda_1959__chunk_02_fig_17.png,,,# Hespéris Tamuda 1959,Collectif (Institut des Hautes Études Marocaines),,,Études marocaines et berbères,,Revue académique,"Hespéris Tamuda, Tome XLVI, 1959 (Archives Berbères et Bulletin de l'IHEM)",Figure extraite (OCR),Hespéris Tamuda 1959,Librairie Larose,1959,Études marocaines et berbères,Français,,Paris,Hespéris Tamuda,chunk_02,,Unknown,Collectif (Institut des Hautes Études Marocaines),,,,/workspaces/PHDM/ALL/ALLMD/Hespéris Tamuda 1959/_FIGURES,/workspaces/PHDM/ALL/ALLMD/Hespéris Tamuda 1959/_FIGURES/chunk_02_fig_17.png,,png,285583,46ac904f095dd458961df10ddab1786448cac62491c5aa4afaca0913913f9b0a,673,907,kept,2026-02-07,
127,hesperis_tamuda_1959__chunk_02_fig_18.png,,,# Hespéris Tamuda 1959,Collectif (Institut des Hautes Études Marocaines),,,Études marocaines et berbères,,Revue académique,"Hespéris Tamuda, Tome XLVI, 1959 (Archives Berbères et Bulletin de l'IHEM)",Figure extraite (OCR),Hespéris Tamuda 1959,Librairie Larose,1959,Études marocaines et berbères,Français,,Paris,Hespéris Tamuda,chunk_02,,Unknown,Collectif (Institut des Hautes Études Marocaines),,,,/workspaces/PHDM/ALL/ALLMD/Hespéris Tamuda 1959/_FIGURES,/workspaces/PHDM/ALL/ALLMD/Hespéris Tamuda 1959/_FIGURES/chunk_02_fig_18.png,,png,257696,f969efac3e244d2379accf06f9dfa34132b11267b95047aa5697020d1271e93c,1099,726,kept,2026-02-07,
128,hesperis_tamuda_1959__chunk_03_fig_01.png,,,# Hespéris Tamuda 1959,Collectif (Institut des Hautes Études Marocaines),,,Études marocaines et berbères,,Revue académique,"Hespéris Tamuda, Tome XLVI, 1959 (Archives Berbères et Bulletin de l'IHEM)",Figure extraite (OCR),Hespéris Tamuda 1959,Librairie Larose,1959,Études marocaines et berbères,Français,,Paris,Hespéris Tamuda,chunk_03,,Unknown,Collectif (Institut des Hautes Études Marocaines),,,,/workspaces/PHDM/ALL/ALLMD/Hespéris Tamuda 1959/_FIGURES,/workspaces/PHDM/ALL/ALLMD/Hespéris Tamuda 1959/_FIGURES/chunk_03_fig_01.png,,png,168441,c7add3601a3e7d8240ea9529e41b4c80a05839f5cabc5776d5576c5ce007775b,1491,917,kept,2026-02-07,
129,hesperis_tamuda_1959__chunk_04_fig_01.png,,,# Hespéris Tamuda 1959,Collectif (Institut des Hautes Études Marocaines),,,Études marocaines et berbères,,Revue académique,"Hespéris Tamuda, Tome XLVI, 1959 (Archives Berbères et Bulletin de l'IHEM)",Figure extraite (OCR),Hespéris Tamuda 1959,Librairie Larose,1959,Études marocaines et berbères,Français,,Paris,Hespéris Tamuda,chunk_04,,Unknown,Collectif (Institut des Hautes Études Marocaines),,,,/workspaces/PHDM/ALL/ALLMD/Hespéris Tamuda 1959/_FIGURES,/workspaces/PHDM/ALL/ALLMD/Hespéris Tamuda 1959/_FIGURES/chunk_04_fig_01.png,,png,109263,aaa5f5b624d8d6054879fd6d37ae0be86f9b8befdb50871a24ab73893b9c27a4,438,420,kept,2026-02-07,
130,hesperis_tamuda_1959__chunk_04_fig_02.png,,,# Hespéris Tamuda 1959,Collectif (Institut des Hautes Études Marocaines),,,Études marocaines et berbères,,Revue académique,"Hespéris Tamuda, Tome XLVI, 1959 (Archives Berbères et Bulletin de l'IHEM)",Figure extraite (OCR),Hespéris Tamuda 1959,Librairie Larose,1959,Études marocaines et berbères,Français,,Paris,Hespéris Tamuda,chunk_04,,Unknown,Collectif (Institut des Hautes Études Marocaines),,,,/workspaces/PHDM/ALL/ALLMD/Hespéris Tamuda 1959/_FIGURES,/workspaces/PHDM/ALL/ALLMD/Hespéris Tamuda 1959/_FIGURES/chunk_04_fig_02.png,,png,182703,1ae0fa7dd1c9c30282c738a025ac8cf501fbeef23a55969a921a06e8408e286b,1028,1333,kept,2026-02-07,
131,hesperis_tamuda_1959__chunk_04_fig_03.png,,,# Hespéris Tamuda 1959,Collectif (Institut des Hautes Études Marocaines),,,Études marocaines et berbères,,Revue académique,"Hespéris Tamuda, Tome XLVI, 1959 (Archives Berbères et Bulletin de l'IHEM)",Figure extraite (OCR),Hespéris Tamuda 1959,Librairie Larose,1959,Études marocaines et berbères,Français,,Paris,Hespéris Tamuda,chunk_04,,Unknown,Collectif (Institut des Hautes Études Marocaines),,,,/workspaces/PHDM/ALL/ALLMD/Hespéris Tamuda 1959/_FIGURES,/workspaces/PHDM/ALL/ALLMD/Hespéris Tamuda 1959/_FIGURES/chunk_04_fig_03.png,,png,284629,abb406fe7e7144b57883328e79ba4ac3f71d12c5257351885c3c9f4cf989c7c7,1101,1448,kept,2026-02-07,
132,hesperis_tamuda_1959__chunk_06_fig_01.png,,,# Hespéris Tamuda 1959,Collectif (Institut des Hautes Études Marocaines),,,Études marocaines et berbères,,Revue académique,"Hespéris Tamuda, Tome XLVI, 1959 (Archives Berbères et Bulletin de l'IHEM)",Figure extraite (OCR),Hespéris Tamuda 1959,Librairie Larose,1959,Études marocaines et berbères,Français,,Paris,Hespéris Tamuda,chunk_06,,Unknown,Collectif (Institut des Hautes Études Marocaines),,,,/workspaces/PHDM/ALL/ALLMD/Hespéris Tamuda 1959/_FIGURES,/workspaces/PHDM/ALL/ALLMD/Hespéris Tamuda 1959/_FIGURES/chunk_06_fig_01.png,,png,393605,e355749321d3ac30681eb9c04745b4150cc05dace979dd283a4cbfdf95ff5cca,1006,1932,kept,2026-02-07,
133,hesperis_tamuda_1959__chunk_06_fig_02.png,,,# Hespéris Tamuda 1959,Collectif (Institut des Hautes Études Marocaines),,,Études marocaines et berbères,,Revue académique,"Hespéris Tamuda, Tome XLVI, 1959 (Archives Berbères et Bulletin de l'IHEM)",Figure extraite (OCR),Hespéris Tamuda 1959,Librairie Larose,1959,Études marocaines et berbères,Français,,Paris,Hespéris Tamuda,chunk_06,,Unknown,Collectif (Institut des Hautes Études Marocaines),,,,/workspaces/PHDM/ALL/ALLMD/Hespéris Tamuda 1959/_FIGURES,/workspaces/PHDM/ALL/ALLMD/Hespéris Tamuda 1959/_FIGURES/chunk_06_fig_02.png,,png,203687,6752816ba7e169a1d1fc9bb69fc04c59a576bd9100b9b263d002127948dc376b,1120,889,kept,2026-02-07,
134,hesperis_tamuda_1959__chunk_06_fig_03.png,,,# Hespéris Tamuda 1959,Collectif (Institut des Hautes Études Marocaines),,,Études marocaines et berbères,,Revue académique,"Hespéris Tamuda, Tome XLVI, 1959 (Archives Berbères et Bulletin de l'IHEM)",Figure extraite (OCR),Hespéris Tamuda 1959,Librairie Larose,1959,Études marocaines et berbères,Français,,Paris,Hespéris Tamuda,chunk_06,,Unknown,Collectif (Institut des Hautes Études Marocaines),,,,/workspaces/PHDM/ALL/ALLMD/Hespéris Tamuda 1959/_FIGURES,/workspaces/PHDM/ALL/ALLMD/Hespéris Tamuda 1959/_FIGURES/chunk_06_fig_03.png,,png,1486550,f5644f4aa10036e227810405474ffee42acf6ea8b3589a7045d6a651f0255598,2039,2128,kept,2026-02-07,
135,histoir_societe_culture_du_maroc__chunk_01_fig_01.png,,,# Histoir société culture du Maroc,Non identifié,,,Histoire sociale et culturelle du Maroc,,Ouvrage collectif / Manuel,"Histoire, société et culture du Maroc",Figure extraite (OCR),Histoir société culture du Maroc,Non identifié,2026,Histoire sociale et culturelle du Maroc,Français,,,,chunk_01,,Unknown,Non identifié,,,,/workspaces/PHDM/ALL/ALLMD/Histoir société culture du Maroc/_FIGURES,/workspaces/PHDM/ALL/ALLMD/Histoir société culture du Maroc/_FIGURES/chunk_01_fig_01.png,,png,617306,7bc0d18aad60d7dec47ba0a112c3e0919cd8acb02d8ec551940265a077338607,822,560,kept,2026-02-07,
138,histoir_societe_culture_du_maroc__chunk_01_fig_04.png,,,# Histoir société culture du Maroc,Non identifié,,,Histoire sociale et culturelle du Maroc,,Ouvrage collectif / Manuel,"Histoire, société et culture du Maroc",Figure extraite (OCR),Histoir société culture du Maroc,Non identifié,2026,Histoire sociale et culturelle du Maroc,Français,,,,chunk_01,,Unknown,Non identifié,,,,/workspaces/PHDM/ALL/ALLMD/Histoir société culture du Maroc/_FIGURES,/workspaces/PHDM/ALL/ALLMD/Histoir société culture du Maroc/_FIGURES/chunk_01_fig_04.png,,png,813921,8fc0c0458b980c652498def75d509988a8434bee557277a838484b4f20676bd9,763,850,kept,2026-02-07,
153,histoire_de_la_guerre_de_l_espagne_avec_le_maroc__chunk_01_fig_09.png,,,# Histoire de la guerre de l'Espagne avec le Maroc,Non identifié,,,Guerre hispano-marocaine (1859-1860),,Monographie / Récit historique,Histoire de la guerre de l'Espagne avec le Maroc,Figure extraite (OCR),Histoire de la guerre de l'Espagne avec le Maroc,Non identifié,2026,Guerre hispano-marocaine (1859-1860),Français,,,,chunk_01,,Unknown,Non identifié,,,,/workspaces/PHDM/ALL/ALLMD/Histoire de la guerre de l'Espagne avec le Maroc/_FIGURES,/workspaces/PHDM/ALL/ALLMD/Histoire de la guerre de l'Espagne avec le Maroc/_FIGURES/chunk_01_fig_09.png,,png,1029803,5931d71a54aee97693e911441b5b2d2146f7ac37e545c9623d6d69ef428722d9,2718,3773,kept,2026-02-07,
155,histoire_de_la_guerre_de_l_espagne_avec_le_maroc__chunk_01_fig_11.png,,,# Histoire de la guerre de l'Espagne avec le Maroc,Non identifié,,,Guerre hispano-marocaine (1859-1860),,Monographie / Récit historique,Histoire de la guerre de l'Espagne avec le Maroc,Figure extraite (OCR),Histoire de la guerre de l'Espagne avec le Maroc,Non identifié,2026,Guerre hispano-marocaine (1859-1860),Français,,,,chunk_01,,Unknown,Non identifié,,,,/workspaces/PHDM/ALL/ALLMD/Histoire de la guerre de l'Espagne avec le Maroc/_FIGURES,/workspaces/PHDM/ALL/ALLMD/Histoire de la guerre de l'Espagne avec le Maroc/_FIGURES/chunk_01_fig_11.png,,png,63150,d93cbad3f6a538755de9aa79792957d302dad7bd2bfe4ea06f11168fcab9b935,484,767,kept,2026-02-07,
157,histoire_de_la_guerre_de_l_espagne_avec_le_maroc__chunk_01_fig_13.png,,,# Histoire de la guerre de l'Espagne avec le Maroc,Non identifié,,,Guerre hispano-marocaine (1859-1860),,Monographie / Récit historique,Histoire de la guerre de l'Espagne avec le Maroc,Figure extraite (OCR),Histoire de la guerre de l'Espagne avec le Maroc,Non identifié,2026,Guerre hispano-marocaine (1859-1860),Français,,,,chunk_01,,Unknown,Non identifié,,,,/workspaces/PHDM/ALL/ALLMD/Histoire de la guerre de l'Espagne avec le Maroc/_FIGURES,/workspaces/PHDM/ALL/ALLMD/Histoire de la guerre de l'Espagne avec le Maroc/_FIGURES/chunk_01_fig_13.png,,png,1310105,71fe56debb714bc3e865b8e08615e84bed82c374cc5c4a2d3e125e886b32316a,2536,3754,kept,2026-02-07,
159,histoire_de_la_guerre_de_l_espagne_avec_le_maroc__chunk_01_fig_15.png,,,# Histoire de la guerre de l'Espagne avec le Maroc,Non identifié,,,Guerre hispano-marocaine (1859-1860),,Monographie / Récit historique,Histoire de la guerre de l'Espagne avec le Maroc,Figure extraite (OCR),Histoire de la guerre de l'Espagne avec le Maroc,Non identifié,2026,Guerre hispano-marocaine (1859-1860),Français,,,,chunk_01,,Unknown,Non identifié,,,,/workspaces/PHDM/ALL/ALLMD/Histoire de la guerre de l'Espagne avec le Maroc/_FIGURES,/workspaces/PHDM/ALL/ALLMD/Histoire de la guerre de l'Espagne avec le Maroc/_FIGURES/chunk_01_fig_15.png,,png,1288398,d6aec554678a8b8548cc37a129c211e9f2b32c8b7b84be61128ed39233e0eec5,2712,3781,kept,2026-02-07,
162,histoire_de_la_guerre_de_l_espagne_avec_le_maroc__chunk_01_fig_18.png,,,# Histoire de la guerre de l'Espagne avec le Maroc,Non identifié,,,Guerre hispano-marocaine (1859-1860),,Monographie / Récit historique,Histoire de la guerre de l'Espagne avec le Maroc,Figure extraite (OCR),Histoire de la guerre de l'Espagne avec le Maroc,Non identifié,2026,Guerre hispano-marocaine (1859-1860),Français,,,,chunk_01,,Unknown,Non identifié,,,,/workspaces/PHDM/ALL/ALLMD/Histoire de la guerre de l'Espagne avec le Maroc/_FIGURES,/workspaces/PHDM/ALL/ALLMD/Histoire de la guerre de l'Espagne avec le Maroc/_FIGURES/chunk_01_fig_18.png,,png,1246148,eac5f2dc7e50167fa4be9699178a78b7e3f1bcb6874b11a792ede91e9319b882,2390,3638,kept,2026-02-07,
166,histoire_de_la_guerre_de_l_espagne_avec_le_maroc__chunk_07_fig_02.png,,,# Histoire de la guerre de l'Espagne avec le Maroc,Non identifié,,,Guerre hispano-marocaine (1859-1860),,Monographie / Récit historique,Histoire de la guerre de l'Espagne avec le Maroc,Figure extraite (OCR),Histoire de la guerre de l'Espagne avec le Maroc,Non identifié,2026,Guerre hispano-marocaine (1859-1860),Français,,,,chunk_07,,Unknown,Non identifié,,,,/workspaces/PHDM/ALL/ALLMD/Histoire de la guerre de l'Espagne avec le Maroc/_FIGURES,/workspaces/PHDM/ALL/ALLMD/Histoire de la guerre de l'Espagne avec le Maroc/_FIGURES/chunk_07_fig_02.png,,png,1408649,9c730478407c6a9c9851e7bebb9c75b1a7d518481d3c04877d46a39bba9fdcf9,2478,3968,kept,2026-02-07,
175,histoire_diplomatique_du_maroc_2__chunk_01_fig_01.png,,,# histoire diplomatique du maroc التاريخ الدبلوماسي للمغرب من أقدم العصور الى العهد العلوي 2,Abdelhadi Tazi (عبد الهادي التازي),,,Antiquité - Période islamique,,Monographie (arabe),"TAZI, Abdelhadi, al-Tarikh al-Diblumassi li-l-Maghrib (Histoire diplomatique du Maroc), Tome 2",Figure extraite (OCR),histoire diplomatique du maroc التاريخ الدبلوماسي للمغرب من أقدم العصور الى العهد العلوي 2,Académie Royale du Maroc,1986,Antiquité - Période islamique,Arabe,,Rabat,Histoire diplomatique du Maroc,chunk_01,,Unknown,Abdelhadi Tazi (عبد الهادي التازي),,,,/workspaces/PHDM/ALL/ALLMD/histoire diplomatique du maroc التاريخ الدبلوماسي للمغرب من أقدم العصور الى العهد العلوي 2/_FIGURES,/workspaces/PHDM/ALL/ALLMD/histoire diplomatique du maroc التاريخ الدبلوماسي للمغرب من أقدم العصور الى العهد العلوي 2/_FIGURES/chunk_01_fig_01.png,,png,267720,c48b5e1b54cdc65db0ca4896d9fe1992cbbb167eccf6fd14fb5226c91d9f29a3,614,620,kept,2026-02-07,
179,histoire_diplomatique_du_maroc_2__chunk_01_fig_05.png,,,# histoire diplomatique du maroc التاريخ الدبلوماسي للمغرب من أقدم العصور الى العهد العلوي 2,Abdelhadi Tazi (عبد الهادي التازي),,,Antiquité - Période islamique,,Monographie (arabe),"TAZI, Abdelhadi, al-Tarikh al-Diblumassi li-l-Maghrib (Histoire diplomatique du Maroc), Tome 2",Figure extraite (OCR),histoire diplomatique du maroc التاريخ الدبلوماسي للمغرب من أقدم العصور الى العهد العلوي 2,Académie Royale du Maroc,1986,Antiquité - Période islamique,Arabe,,Rabat,Histoire diplomatique du Maroc,chunk_01,,Unknown,Abdelhadi Tazi (عبد الهادي التازي),,,,/workspaces/PHDM/ALL/ALLMD/histoire diplomatique du maroc التاريخ الدبلوماسي للمغرب من أقدم العصور الى العهد العلوي 2/_FIGURES,/workspaces/PHDM/ALL/ALLMD/histoire diplomatique du maroc التاريخ الدبلوماسي للمغرب من أقدم العصور الى العهد العلوي 2/_FIGURES/chunk_01_fig_05.png,,png,117151,11069b01ace056c243a8ce8814ebc8a8f8918bda2342351eba64adb9b80207fe,512,528,kept,2026-02-07,
184,histoire_diplomatique_du_maroc_2__chunk_01_fig_10.png,,,# histoire diplomatique du maroc التاريخ الدبلوماسي للمغرب من أقدم العصور الى العهد العلوي 2,Abdelhadi Tazi (عبد الهادي التازي),,,Antiquité - Période islamique,,Monographie (arabe),"TAZI, Abdelhadi, al-Tarikh al-Diblumassi li-l-Maghrib (Histoire diplomatique du Maroc), Tome 2",Figure extraite (OCR),histoire diplomatique du maroc التاريخ الدبلوماسي للمغرب من أقدم العصور الى العهد العلوي 2,Académie Royale du Maroc,1986,Antiquité - Période islamique,Arabe,,Rabat,Histoire diplomatique du Maroc,chunk_01,,Unknown,Abdelhadi Tazi (عبد الهادي التازي),,,,/workspaces/PHDM/ALL/ALLMD/histoire diplomatique du maroc التاريخ الدبلوماسي للمغرب من أقدم العصور الى العهد العلوي 2/_FIGURES,/workspaces/PHDM/ALL/ALLMD/histoire diplomatique du maroc التاريخ الدبلوماسي للمغرب من أقدم العصور الى العهد العلوي 2/_FIGURES/chunk_01_fig_10.png,,png,275104,686ce642fde13f7f140f676179840a84f59f6fe375cd4d25568fd7d194090670,700,952,kept,2026-02-07,
186,histoire_diplomatique_du_maroc_2__chunk_01_fig_12.png,,,# histoire diplomatique du maroc التاريخ الدبلوماسي للمغرب من أقدم العصور الى العهد العلوي 2,Abdelhadi Tazi (عبد الهادي التازي),,,Antiquité - Période islamique,,Monographie (arabe),"TAZI, Abdelhadi, al-Tarikh al-Diblumassi li-l-Maghrib (Histoire diplomatique du Maroc), Tome 2",Figure extraite (OCR),histoire diplomatique du maroc التاريخ الدبلوماسي للمغرب من أقدم العصور الى العهد العلوي 2,Académie Royale du Maroc,1986,Antiquité - Période islamique,Arabe,,Rabat,Histoire diplomatique du Maroc,chunk_01,,Unknown,Abdelhadi Tazi (عبد الهادي التازي),,,,/workspaces/PHDM/ALL/ALLMD/histoire diplomatique du maroc التاريخ الدبلوماسي للمغرب من أقدم العصور الى العهد العلوي 2/_FIGURES,/workspaces/PHDM/ALL/ALLMD/histoire diplomatique du maroc التاريخ الدبلوماسي للمغرب من أقدم العصور الى العهد العلوي 2/_FIGURES/chunk_01_fig_12.png,,png,176217,655b2b5d0a614330c7a285019feefdf3a784a5b601fb0d6eddd73e29b1dd3f89,1172,872,kept,2026-02-07,
187,histoire_diplomatique_du_maroc_2__chunk_02_fig_01.png,,,# histoire diplomatique du maroc التاريخ الدبلوماسي للمغرب من أقدم العصور الى العهد العلوي 2,Abdelhadi Tazi (عبد الهادي التازي),,,Antiquité - Période islamique,,Monographie (arabe),"TAZI, Abdelhadi, al-Tarikh al-Diblumassi li-l-Maghrib (Histoire diplomatique du Maroc), Tome 2",Figure extraite (OCR),histoire diplomatique du maroc التاريخ الدبلوماسي للمغرب من أقدم العصور الى العهد العلوي 2,Académie Royale du Maroc,1986,Antiquité - Période islamique,Arabe,,Rabat,Histoire diplomatique du Maroc,chunk_02,,Unknown,Abdelhadi Tazi (عبد الهادي التازي),,,,/workspaces/PHDM/ALL/ALLMD/histoire diplomatique du maroc التاريخ الدبلوماسي للمغرب من أقدم العصور الى العهد العلوي 2/_FIGURES,/workspaces/PHDM/ALL/ALLMD/histoire diplomatique du maroc التاريخ الدبلوماسي للمغرب من أقدم العصور الى العهد العلوي 2/_FIGURES/chunk_02_fig_01.png,,png,242975,b3e4d748292ab65c26e3237411ebb28e5e18f10d579bf955738611a61a4410d0,625,925,kept,2026-02-07,
189,histoire_diplomatique_du_maroc_2__chunk_02_fig_03.png,,,# histoire diplomatique du maroc التاريخ الدبلوماسي للمغرب من أقدم العصور الى العهد العلوي 2,Abdelhadi Tazi (عبد الهادي التازي),,,Antiquité - Période islamique,,Monographie (arabe),"TAZI, Abdelhadi, al-Tarikh al-Diblumassi li-l-Maghrib (Histoire diplomatique du Maroc), Tome 2",Figure extraite (OCR),histoire diplomatique du maroc التاريخ الدبلوماسي للمغرب من أقدم العصور الى العهد العلوي 2,Académie Royale du Maroc,1986,Antiquité - Période islamique,Arabe,,Rabat,Histoire diplomatique du Maroc,chunk_02,,Unknown,Abdelhadi Tazi (عبد الهادي التازي),,,,/workspaces/PHDM/ALL/ALLMD/histoire diplomatique du maroc التاريخ الدبلوماسي للمغرب من أقدم العصور الى العهد العلوي 2/_FIGURES,/workspaces/PHDM/ALL/ALLMD/histoire diplomatique du maroc التاريخ الدبلوماسي للمغرب من أقدم العصور الى العهد العلوي 2/_FIGURES/chunk_02_fig_03.png,,png,374096,9c8111af91ec46e366c210ce371eccc9d17253f52108c6bbdbf73b6fb45095f4,1403,1414,kept,2026-02-07,
190,histoire_diplomatique_du_maroc_2__chunk_02_fig_04.png,,,# histoire diplomatique du maroc التاريخ الدبلوماسي للمغرب من أقدم العصور الى العهد العلوي 2,Abdelhadi Tazi (عبد الهادي التازي),,,Antiquité - Période islamique,,Monographie (arabe),"TAZI, Abdelhadi, al-Tarikh al-Diblumassi li-l-Maghrib (Histoire diplomatique du Maroc), Tome 2",Figure extraite (OCR),histoire diplomatique du maroc التاريخ الدبلوماسي للمغرب من أقدم العصور الى العهد العلوي 2,Académie Royale du Maroc,1986,Antiquité - Période islamique,Arabe,,Rabat,Histoire diplomatique du Maroc,chunk_02,,Unknown,Abdelhadi Tazi (عبد الهادي التازي),,,,/workspaces/PHDM/ALL/ALLMD/histoire diplomatique du maroc التاريخ الدبلوماسي للمغرب من أقدم العصور الى العهد العلوي 2/_FIGURES,/workspaces/PHDM/ALL/ALLMD/histoire diplomatique du maroc التاريخ الدبلوماسي للمغرب من أقدم العصور الى العهد العلوي 2/_FIGURES/chunk_02_fig_04.png,,png,520829,44261aa6e70b29608bd1cfdb6e834dc91e104ccd6c6ae65433609810e5e7240b,809,1069,kept,2026-02-07,
191,histoire_diplomatique_du_maroc_2__chunk_02_fig_05.png,,,# histoire diplomatique du maroc التاريخ الدبلوماسي للمغرب من أقدم العصور الى العهد العلوي 2,Abdelhadi Tazi (عبد الهادي التازي),,,Antiquité - Période islamique,,Monographie (arabe),"TAZI, Abdelhadi, al-Tarikh al-Diblumassi li-l-Maghrib (Histoire diplomatique du Maroc), Tome 2",Figure extraite (OCR),histoire diplomatique du maroc التاريخ الدبلوماسي للمغرب من أقدم العصور الى العهد العلوي 2,Académie Royale du Maroc,1986,Antiquité - Période islamique,Arabe,,Rabat,Histoire diplomatique du Maroc,chunk_02,,Unknown,Abdelhadi Tazi (عبد الهادي التازي),,,,/workspaces/PHDM/ALL/ALLMD/histoire diplomatique du maroc التاريخ الدبلوماسي للمغرب من أقدم العصور الى العهد العلوي 2/_FIGURES,/workspaces/PHDM/ALL/ALLMD/histoire diplomatique du maroc التاريخ الدبلوماسي للمغرب من أقدم العصور الى العهد العلوي 2/_FIGURES/chunk_02_fig_05.png,,png,2979427,a041e118e21ef6783cb9f690df628332cee4120bd06b077aad693ad398239beb,1415,1842,kept,2026-02-07,
192,histoire_diplomatique_du_maroc_2__chunk_02_fig_06.png,,,# histoire diplomatique du maroc التاريخ الدبلوماسي للمغرب من أقدم العصور الى العهد العلوي 2,Abdelhadi Tazi (عبد الهادي التازي),,,Antiquité - Période islamique,,Monographie (arabe),"TAZI, Abdelhadi, al-Tarikh al-Diblumassi li-l-Maghrib (Histoire diplomatique du Maroc), Tome 2",Figure extraite (OCR),histoire diplomatique du maroc التاريخ الدبلوماسي للمغرب من أقدم العصور الى العهد العلوي 2,Académie Royale du Maroc,1986,Antiquité - Période islamique,Arabe,,Rabat,Histoire diplomatique du Maroc,chunk_02,,Unknown,Abdelhadi Tazi (عبد الهادي التازي),,,,/workspaces/PHDM/ALL/ALLMD/histoire diplomatique du maroc التاريخ الدبلوماسي للمغرب من أقدم العصور الى العهد العلوي 2/_FIGURES,/workspaces/PHDM/ALL/ALLMD/histoire diplomatique du maroc التاريخ الدبلوماسي للمغرب من أقدم العصور الى العهد العلوي 2/_FIGURES/chunk_02_fig_06.png,,png,14350,557f2f51896fa89bd1e76adbea0296a0e47db080f81d61424de70637ff7d38bc,165,176,kept,2026-02-07,
193,histoire_diplomatique_du_maroc_2__chunk_02_fig_07.png,,,# histoire diplomatique du maroc التاريخ الدبلوماسي للمغرب من أقدم العصور الى العهد العلوي 2,Abdelhadi Tazi (عبد الهادي التازي),,,Antiquité - Période islamique,,Monographie (arabe),"TAZI, Abdelhadi, al-Tarikh al-Diblumassi li-l-Maghrib (Histoire diplomatique du Maroc), Tome 2",Figure extraite (OCR),histoire diplomatique du maroc التاريخ الدبلوماسي للمغرب من أقدم العصور الى العهد العلوي 2,Académie Royale du Maroc,1986,Antiquité - Période islamique,Arabe,,Rabat,Histoire diplomatique du Maroc,chunk_02,,Unknown,Abdelhadi Tazi (عبد الهادي التازي),,,,/workspaces/PHDM/ALL/ALLMD/histoire diplomatique du maroc التاريخ الدبلوماسي للمغرب من أقدم العصور الى العهد العلوي 2/_FIGURES,/workspaces/PHDM/ALL/ALLMD/histoire diplomatique du maroc التاريخ الدبلوماسي للمغرب من أقدم العصور الى العهد العلوي 2/_FIGURES/chunk_02_fig_07.png,,png,187597,55c89baa4ae769adeddbe95b4c0cd82de764781597f40635c1f7463595dfeef7,1146,504,kept,2026-02-07,
194,histoire_diplomatique_du_maroc_2__chunk_02_fig_08.png,,,# histoire diplomatique du maroc التاريخ الدبلوماسي للمغرب من أقدم العصور الى العهد العلوي 2,Abdelhadi Tazi (عبد الهادي التازي),,,Antiquité - Période islamique,,Monographie (arabe),"TAZI, Abdelhadi, al-Tarikh al-Diblumassi li-l-Maghrib (Histoire diplomatique du Maroc), Tome 2",Figure extraite (OCR),histoire diplomatique du maroc التاريخ الدبلوماسي للمغرب من أقدم العصور الى العهد العلوي 2,Académie Royale du Maroc,1986,Antiquité - Période islamique,Arabe,,Rabat,Histoire diplomatique du Maroc,chunk_02,,Unknown,Abdelhadi Tazi (عبد الهادي التازي),,,,/workspaces/PHDM/ALL/ALLMD/histoire diplomatique du maroc التاريخ الدبلوماسي للمغرب من أقدم العصور الى العهد العلوي 2/_FIGURES,/workspaces/PHDM/ALL/ALLMD/histoire diplomatique du maroc التاريخ الدبلوماسي للمغرب من أقدم العصور الى العهد العلوي 2/_FIGURES/chunk_02_fig_08.png,,png,1008704,6b0c409231f065f1133e498815b0601f5b3806c90ccb4f0370509aebff0076e2,1286,1708,kept,2026-02-07,
195,histoire_diplomatique_du_maroc_2__chunk_02_fig_09.png,,,# histoire diplomatique du maroc التاريخ الدبلوماسي للمغرب من أقدم العصور الى العهد العلوي 2,Abdelhadi Tazi (عبد الهادي التازي),,,Antiquité - Période islamique,,Monographie (arabe),"TAZI, Abdelhadi, al-Tarikh al-Diblumassi li-l-Maghrib (Histoire diplomatique du Maroc), Tome 2",Figure extraite (OCR),histoire diplomatique du maroc التاريخ الدبلوماسي للمغرب من أقدم العصور الى العهد العلوي 2,Académie Royale du Maroc,1986,Antiquité - Période islamique,Arabe,,Rabat,Histoire diplomatique du Maroc,chunk_02,,Unknown,Abdelhadi Tazi (عبد الهادي التازي),,,,/workspaces/PHDM/ALL/ALLMD/histoire diplomatique du maroc التاريخ الدبلوماسي للمغرب من أقدم العصور الى العهد العلوي 2/_FIGURES,/workspaces/PHDM/ALL/ALLMD/histoire diplomatique du maroc التاريخ الدبلوماسي للمغرب من أقدم العصور الى العهد العلوي 2/_FIGURES/chunk_02_fig_09.png,,png,1123226,89462274fa4fda1c831298347a5058dff3315733970e10f4464ac7a6ac574a16,1476,1522,kept,2026-02-07,
196,histoire_diplomatique_du_maroc_2__chunk_02_fig_10.png,,,# histoire diplomatique du maroc التاريخ الدبلوماسي للمغرب من أقدم العصور الى العهد العلوي 2,Abdelhadi Tazi (عبد الهادي التازي),,,Antiquité - Période islamique,,Monographie (arabe),"TAZI, Abdelhadi, al-Tarikh al-Diblumassi li-l-Maghrib (Histoire diplomatique du Maroc), Tome 2",Figure extraite (OCR),histoire diplomatique du maroc التاريخ الدبلوماسي للمغرب من أقدم العصور الى العهد العلوي 2,Académie Royale du Maroc,1986,Antiquité - Période islamique,Arabe,,Rabat,Histoire diplomatique du Maroc,chunk_02,,Unknown,Abdelhadi Tazi (عبد الهادي التازي),,,,/workspaces/PHDM/ALL/ALLMD/histoire diplomatique du maroc التاريخ الدبلوماسي للمغرب من أقدم العصور الى العهد العلوي 2/_FIGURES,/workspaces/PHDM/ALL/ALLMD/histoire diplomatique du maroc التاريخ الدبلوماسي للمغرب من أقدم العصور الى العهد العلوي 2/_FIGURES/chunk_02_fig_10.png,,png,758273,039c0f923d924fcb4d5491ef46876ad138d6d46c1619fe71c630c45d940606c3,1466,1522,kept,2026-02-07,
197,histoire_diplomatique_du_maroc_2__chunk_02_fig_11.png,,,# histoire diplomatique du maroc التاريخ الدبلوماسي للمغرب من أقدم العصور الى العهد العلوي 2,Abdelhadi Tazi (عبد الهادي التازي),,,Antiquité - Période islamique,,Monographie (arabe),"TAZI, Abdelhadi, al-Tarikh al-Diblumassi li-l-Maghrib (Histoire diplomatique du Maroc), Tome 2",Figure extraite (OCR),histoire diplomatique du maroc التاريخ الدبلوماسي للمغرب من أقدم العصور الى العهد العلوي 2,Académie Royale du Maroc,1986,Antiquité - Période islamique,Arabe,,Rabat,Histoire diplomatique du Maroc,chunk_02,,Unknown,Abdelhadi Tazi (عبد الهادي التازي),,,,/workspaces/PHDM/ALL/ALLMD/histoire diplomatique du maroc التاريخ الدبلوماسي للمغرب من أقدم العصور الى العهد العلوي 2/_FIGURES,/workspaces/PHDM/ALL/ALLMD/histoire diplomatique du maroc التاريخ الدبلوماسي للمغرب من أقدم العصور الى العهد العلوي 2/_FIGURES/chunk_02_fig_11.png,,png,260206,f2f79a9d5612d6e2492d0291028b2b0803f453fff01a8c90a3708f0413360b6a,719,1038,kept,2026-02-07,
199,histoire_diplomatique_du_maroc_2__chunk_02_fig_13.png,,,# histoire diplomatique du maroc التاريخ الدبلوماسي للمغرب من أقدم العصور الى العهد العلوي 2,Abdelhadi Tazi (عبد الهادي التازي),,,Antiquité - Période islamique,,Monographie (arabe),"TAZI, Abdelhadi, al-Tarikh al-Diblumassi li-l-Maghrib (Histoire diplomatique du Maroc), Tome 2",Figure extraite (OCR),histoire diplomatique du maroc التاريخ الدبلوماسي للمغرب من أقدم العصور الى العهد العلوي 2,Académie Royale du Maroc,1986,Antiquité - Période islamique,Arabe,,Rabat,Histoire diplomatique du Maroc,chunk_02,,Unknown,Abdelhadi Tazi (عبد الهادي التازي),,,,/workspaces/PHDM/ALL/ALLMD/histoire diplomatique du maroc التاريخ الدبلوماسي للمغرب من أقدم العصور الى العهد العلوي 2/_FIGURES,/workspaces/PHDM/ALL/ALLMD/histoire diplomatique du maroc التاريخ الدبلوماسي للمغرب من أقدم العصور الى العهد العلوي 2/_FIGURES/chunk_02_fig_13.png,,png,296263,12140bbde387846a42f8d1af6b8a1b959204cd74167a547a6d155b9b494df5ec,846,1258,kept,2026-02-07,
200,histoire_diplomatique_du_maroc_2__chunk_02_fig_14.png,,,# histoire diplomatique du maroc التاريخ الدبلوماسي للمغرب من أقدم العصور الى العهد العلوي 2,Abdelhadi Tazi (عبد الهادي التازي),,,Antiquité - Période islamique,,Monographie (arabe),"TAZI, Abdelhadi, al-Tarikh al-Diblumassi li-l-Maghrib (Histoire diplomatique du Maroc), Tome 2",Figure extraite (OCR),histoire diplomatique du maroc التاريخ الدبلوماسي للمغرب من أقدم العصور الى العهد العلوي 2,Académie Royale du Maroc,1986,Antiquité - Période islamique,Arabe,,Rabat,Histoire diplomatique du Maroc,chunk_02,,Unknown,Abdelhadi Tazi (عبد الهادي التازي),,,,/workspaces/PHDM/ALL/ALLMD/histoire diplomatique du maroc التاريخ الدبلوماسي للمغرب من أقدم العصور الى العهد العلوي 2/_FIGURES,/workspaces/PHDM/ALL/ALLMD/histoire diplomatique du maroc التاريخ الدبلوماسي للمغرب من أقدم العصور الى العهد العلوي 2/_FIGURES/chunk_02_fig_14.png,,png,154890,1d55c13da4a73fdb4f92aa8dfb61691ea5595a4e6a57a6486c2fd593e0381b86,1375,318,kept,2026-02-07,
201,histoire_diplomatique_du_maroc_2__chunk_02_fig_15.png,,,# histoire diplomatique du maroc التاريخ الدبلوماسي للمغرب من أقدم العصور الى العهد العلوي 2,Abdelhadi Tazi (عبد الهادي التازي),,,Antiquité - Période islamique,,Monographie (arabe),"TAZI, Abdelhadi, al-Tarikh al-Diblumassi li-l-Maghrib (Histoire diplomatique du Maroc), Tome 2",Figure extraite (OCR),histoire diplomatique du maroc التاريخ الدبلوماسي للمغرب من أقدم العصور الى العهد العلوي 2,Académie Royale du Maroc,1986,Antiquité - Période islamique,Arabe,,Rabat,Histoire diplomatique du Maroc,chunk_02,,Unknown,Abdelhadi Tazi (عبد الهادي التازي),,,,/workspaces/PHDM/ALL/ALLMD/histoire diplomatique du maroc التاريخ الدبلوماسي للمغرب من أقدم العصور الى العهد العلوي 2/_FIGURES,/workspaces/PHDM/ALL/ALLMD/histoire diplomatique du maroc التاريخ الدبلوماسي للمغرب من أقدم العصور الى العهد العلوي 2/_FIGURES/chunk_02_fig_15.png,,png,73772,8830f2b5396e78df174e2d7ef2c5cbf0d4bcb38e69c5f778c56c5ad19ab70182,391,405,kept,2026-02-07,
202,histoire_diplomatique_du_maroc_2__chunk_02_fig_16.png,,,# histoire diplomatique du maroc التاريخ الدبلوماسي للمغرب من أقدم العصور الى العهد العلوي 2,Abdelhadi Tazi (عبد الهادي التازي),,,Antiquité - Période islamique,,Monographie (arabe),"TAZI, Abdelhadi, al-Tarikh al-Diblumassi li-l-Maghrib (Histoire diplomatique du Maroc), Tome 2",Figure extraite (OCR),histoire diplomatique du maroc التاريخ الدبلوماسي للمغرب من أقدم العصور الى العهد العلوي 2,Académie Royale du Maroc,1986,Antiquité - Période islamique,Arabe,,Rabat,Histoire diplomatique du Maroc,chunk_02,,Unknown,Abdelhadi Tazi (عبد الهادي التازي),,,,/workspaces/PHDM/ALL/ALLMD/histoire diplomatique du maroc التاريخ الدبلوماسي للمغرب من أقدم العصور الى العهد العلوي 2/_FIGURES,/workspaces/PHDM/ALL/ALLMD/histoire diplomatique du maroc التاريخ الدبلوماسي للمغرب من أقدم العصور الى العهد العلوي 2/_FIGURES/chunk_02_fig_16.png,,png,629655,daed44cbf8b635b5f801bb0029c9ae6b34b31d75f07396a478dc4ec778eb0e29,1168,1595,kept,2026-02-07,
203,histoire_diplomatique_du_maroc_2__chunk_02_fig_17.png,,,# histoire diplomatique du maroc التاريخ الدبلوماسي للمغرب من أقدم العصور الى العهد العلوي 2,Abdelhadi Tazi (عبد الهادي التازي),,,Antiquité - Période islamique,,Monographie (arabe),"TAZI, Abdelhadi, al-Tarikh al-Diblumassi li-l-Maghrib (Histoire diplomatique du Maroc), Tome 2",Figure extraite (OCR),histoire diplomatique du maroc التاريخ الدبلوماسي للمغرب من أقدم العصور الى العهد العلوي 2,Académie Royale du Maroc,1986,Antiquité - Période islamique,Arabe,,Rabat,Histoire diplomatique du Maroc,chunk_02,,Unknown,Abdelhadi Tazi (عبد الهادي التازي),,,,/workspaces/PHDM/ALL/ALLMD/histoire diplomatique du maroc التاريخ الدبلوماسي للمغرب من أقدم العصور الى العهد العلوي 2/_FIGURES,/workspaces/PHDM/ALL/ALLMD/histoire diplomatique du maroc التاريخ الدبلوماسي للمغرب من أقدم العصور الى العهد العلوي 2/_FIGURES/chunk_02_fig_17.png,,png,183724,bb9d67c30e4d5f196a38af230b71a0b1dd1bc01570f978d02d06870b23f3b072,572,846,kept,2026-02-07,
204,histoire_diplomatique_du_maroc_2__chunk_02_fig_18.png,,,# histoire diplomatique du maroc التاريخ الدبلوماسي للمغرب من أقدم العصور الى العهد العلوي 2,Abdelhadi Tazi (عبد الهادي التازي),,,Antiquité - Période islamique,,Monographie (arabe),"TAZI, Abdelhadi, al-Tarikh al-Diblumassi li-l-Maghrib (Histoire diplomatique du Maroc), Tome 2",Figure extraite (OCR),histoire diplomatique du maroc التاريخ الدبلوماسي للمغرب من أقدم العصور الى العهد العلوي 2,Académie Royale du Maroc,1986,Antiquité - Période islamique,Arabe,,Rabat,Histoire diplomatique du Maroc,chunk_02,,Unknown,Abdelhadi Tazi (عبد الهادي التازي),,,,/workspaces/PHDM/ALL/ALLMD/histoire diplomatique du maroc التاريخ الدبلوماسي للمغرب من أقدم العصور الى العهد العلوي 2/_FIGURES,/workspaces/PHDM/ALL/ALLMD/histoire diplomatique du maroc التاريخ الدبلوماسي للمغرب من أقدم العصور الى العهد العلوي 2/_FIGURES/chunk_02_fig_18.png,,png,21864,f4a61e3b23abf266cee1efbbe081549a8014b3ce73831dc68f3f60f57b43d468,221,219,kept,2026-02-07,
205,histoire_diplomatique_du_maroc_2__chunk_02_fig_19.png,,,# histoire diplomatique du maroc التاريخ الدبلوماسي للمغرب من أقدم العصور الى العهد العلوي 2,Abdelhadi Tazi (عبد الهادي التازي),,,Antiquité - Période islamique,,Monographie (arabe),"TAZI, Abdelhadi, al-Tarikh al-Diblumassi li-l-Maghrib (Histoire diplomatique du Maroc), Tome 2",Figure extraite (OCR),histoire diplomatique du maroc التاريخ الدبلوماسي للمغرب من أقدم العصور الى العهد العلوي 2,Académie Royale du Maroc,1986,Antiquité - Période islamique,Arabe,,Rabat,Histoire diplomatique du Maroc,chunk_02,,Unknown,Abdelhadi Tazi (عبد الهادي التازي),,,,/workspaces/PHDM/ALL/ALLMD/histoire diplomatique du maroc التاريخ الدبلوماسي للمغرب من أقدم العصور الى العهد العلوي 2/_FIGURES,/workspaces/PHDM/ALL/ALLMD/histoire diplomatique du maroc التاريخ الدبلوماسي للمغرب من أقدم العصور الى العهد العلوي 2/_FIGURES/chunk_02_fig_19.png,,png,137156,85e80a6f7fc0fd9c84ab6d9c7c9b6e8a49a1995b53fe81d3c45c145e5bd27aad,1294,412,kept,2026-02-07,
206,histoire_diplomatique_du_maroc_2__chunk_02_fig_20.png,,,# histoire diplomatique du maroc التاريخ الدبلوماسي للمغرب من أقدم العصور الى العهد العلوي 2,Abdelhadi Tazi (عبد الهادي التازي),,,Antiquité - Période islamique,,Monographie (arabe),"TAZI, Abdelhadi, al-Tarikh al-Diblumassi li-l-Maghrib (Histoire diplomatique du Maroc), Tome 2",Figure extraite (OCR),histoire diplomatique du maroc التاريخ الدبلوماسي للمغرب من أقدم العصور الى العهد العلوي 2,Académie Royale du Maroc,1986,Antiquité - Période islamique,Arabe,,Rabat,Histoire diplomatique du Maroc,chunk_02,,Unknown,Abdelhadi Tazi (عبد الهادي التازي),,,,/workspaces/PHDM/ALL/ALLMD/histoire diplomatique du maroc التاريخ الدبلوماسي للمغرب من أقدم العصور الى العهد العلوي 2/_FIGURES,/workspaces/PHDM/ALL/ALLMD/histoire diplomatique du maroc التاريخ الدبلوماسي للمغرب من أقدم العصور الى العهد العلوي 2/_FIGURES/chunk_02_fig_20.png,,png,21090,d4567d920606b40bd913daf4df934331cbca16a35ece3801ded9da5834e2e9eb,263,250,kept,2026-02-07,
207,histoire_diplomatique_du_maroc_2__chunk_02_fig_21.png,,,# histoire diplomatique du maroc التاريخ الدبلوماسي للمغرب من أقدم العصور الى العهد العلوي 2,Abdelhadi Tazi (عبد الهادي التازي),,,Antiquité - Période islamique,,Monographie (arabe),"TAZI, Abdelhadi, al-Tarikh al-Diblumassi li-l-Maghrib (Histoire diplomatique du Maroc), Tome 2",Figure extraite (OCR),histoire diplomatique du maroc التاريخ الدبلوماسي للمغرب من أقدم العصور الى العهد العلوي 2,Académie Royale du Maroc,1986,Antiquité - Période islamique,Arabe,,Rabat,Histoire diplomatique du Maroc,chunk_02,,Unknown,Abdelhadi Tazi (عبد الهادي التازي),,,,/workspaces/PHDM/ALL/ALLMD/histoire diplomatique du maroc التاريخ الدبلوماسي للمغرب من أقدم العصور الى العهد العلوي 2/_FIGURES,/workspaces/PHDM/ALL/ALLMD/histoire diplomatique du maroc التاريخ الدبلوماسي للمغرب من أقدم العصور الى العهد العلوي 2/_FIGURES/chunk_02_fig_21.png,,png,40587,30c6cdfd26d1fc73d0c69b401fe57ef3b131bcf08fcf967499dc5d0cc7e5036b,622,184,kept,2026-02-07,
208,histoire_diplomatique_du_maroc_2__chunk_03_fig_01.png,,,# histoire diplomatique du maroc التاريخ الدبلوماسي للمغرب من أقدم العصور الى العهد العلوي 2,Abdelhadi Tazi (عبد الهادي التازي),,,Antiquité - Période islamique,,Monographie (arabe),"TAZI, Abdelhadi, al-Tarikh al-Diblumassi li-l-Maghrib (Histoire diplomatique du Maroc), Tome 2",Figure extraite (OCR),histoire diplomatique du maroc التاريخ الدبلوماسي للمغرب من أقدم العصور الى العهد العلوي 2,Académie Royale du Maroc,1986,Antiquité - Période islamique,Arabe,,Rabat,Histoire diplomatique du Maroc,chunk_03,,Unknown,Abdelhadi Tazi (عبد الهادي التازي),,,,/workspaces/PHDM/ALL/ALLMD/histoire diplomatique du maroc التاريخ الدبلوماسي للمغرب من أقدم العصور الى العهد العلوي 2/_FIGURES,/workspaces/PHDM/ALL/ALLMD/histoire diplomatique du maroc التاريخ الدبلوماسي للمغرب من أقدم العصور الى العهد العلوي 2/_FIGURES/chunk_03_fig_01.png,,png,409561,003ee694f5bc5827baefd5fed0002f40931c64e7c17d3fafe93c7886a9084ab0,762,1062,kept,2026-02-07,
209,histoire_diplomatique_du_maroc_2__chunk_03_fig_02.png,,,# histoire diplomatique du maroc التاريخ الدبلوماسي للمغرب من أقدم العصور الى العهد العلوي 2,Abdelhadi Tazi (عبد الهادي التازي),,,Antiquité - Période islamique,,Monographie (arabe),"TAZI, Abdelhadi, al-Tarikh al-Diblumassi li-l-Maghrib (Histoire diplomatique du Maroc), Tome 2",Figure extraite (OCR),histoire diplomatique du maroc التاريخ الدبلوماسي للمغرب من أقدم العصور الى العهد العلوي 2,Académie Royale du Maroc,1986,Antiquité - Période islamique,Arabe,,Rabat,Histoire diplomatique du Maroc,chunk_03,,Unknown,Abdelhadi Tazi (عبد الهادي التازي),,,,/workspaces/PHDM/ALL/ALLMD/histoire diplomatique du maroc التاريخ الدبلوماسي للمغرب من أقدم العصور الى العهد العلوي 2/_FIGURES,/workspaces/PHDM/ALL/ALLMD/histoire diplomatique du maroc التاريخ الدبلوماسي للمغرب من أقدم العصور الى العهد العلوي 2/_FIGURES/chunk_03_fig_02.png,,png,724747,411b3d11918d5542f07d221219d3b963608d674e497b2bf8f53e073bf07bdf54,1122,1853,kept,2026-02-07,
210,histoire_diplomatique_du_maroc_2__chunk_03_fig_03.png,,,# histoire diplomatique du maroc التاريخ الدبلوماسي للمغرب من أقدم العصور الى العهد العلوي 2,Abdelhadi Tazi (عبد الهادي التازي),,,Antiquité - Période islamique,,Monographie (arabe),"TAZI, Abdelhadi, al-Tarikh al-Diblumassi li-l-Maghrib (Histoire diplomatique du Maroc), Tome 2",Figure extraite (OCR),histoire diplomatique du maroc التاريخ الدبلوماسي للمغرب من أقدم العصور الى العهد العلوي 2,Académie Royale du Maroc,1986,Antiquité - Période islamique,Arabe,,Rabat,Histoire diplomatique du Maroc,chunk_03,,Unknown,Abdelhadi Tazi (عبد الهادي التازي),,,,/workspaces/PHDM/ALL/ALLMD/histoire diplomatique du maroc التاريخ الدبلوماسي للمغرب من أقدم العصور الى العهد العلوي 2/_FIGURES,/workspaces/PHDM/ALL/ALLMD/histoire diplomatique du maroc التاريخ الدبلوماسي للمغرب من أقدم العصور الى العهد العلوي 2/_FIGURES/chunk_03_fig_03.png,,png,321765,124c94e8ced609626ae68aeba5b4a5ce79a2e50adab2ee52aff4e251a1cfc2d6,886,1130,kept,2026-02-07,
211,histoire_diplomatique_du_maroc_2__chunk_03_fig_04.png,,,# histoire diplomatique du maroc التاريخ الدبلوماسي للمغرب من أقدم العصور الى العهد العلوي 2,Abdelhadi Tazi (عبد الهادي التازي),,,Antiquité - Période islamique,,Monographie (arabe),"TAZI, Abdelhadi, al-Tarikh al-Diblumassi li-l-Maghrib (Histoire diplomatique du Maroc), Tome 2",Figure extraite (OCR),histoire diplomatique du maroc التاريخ الدبلوماسي للمغرب من أقدم العصور الى العهد العلوي 2,Académie Royale du Maroc,1986,Antiquité - Période islamique,Arabe,,Rabat,Histoire diplomatique du Maroc,chunk_03,,Unknown,Abdelhadi Tazi (عبد الهادي التازي),,,,/workspaces/PHDM/ALL/ALLMD/histoire diplomatique du maroc التاريخ الدبلوماسي للمغرب من أقدم العصور الى العهد العلوي 2/_FIGURES,/workspaces/PHDM/ALL/ALLMD/histoire diplomatique du maroc التاريخ الدبلوماسي للمغرب من أقدم العصور الى العهد العلوي 2/_FIGURES/chunk_03_fig_04.png,,png,148555,2a0a49fc06170869264129a62371d466f12872592f2e04c6a5e74aff4667e14a,679,848,kept,2026-02-07,
212,histoire_diplomatique_du_maroc_2__chunk_03_fig_05.png,,,# histoire diplomatique du maroc التاريخ الدبلوماسي للمغرب من أقدم العصور الى العهد العلوي 2,Abdelhadi Tazi (عبد الهادي التازي),,,Antiquité - Période islamique,,Monographie (arabe),"TAZI, Abdelhadi, al-Tarikh al-Diblumassi li-l-Maghrib (Histoire diplomatique du Maroc), Tome 2",Figure extraite (OCR),histoire diplomatique du maroc التاريخ الدبلوماسي للمغرب من أقدم العصور الى العهد العلوي 2,Académie Royale du Maroc,1986,Antiquité - Période islamique,Arabe,,Rabat,Histoire diplomatique du Maroc,chunk_03,,Unknown,Abdelhadi Tazi (عبد الهادي التازي),,,,/workspaces/PHDM/ALL/ALLMD/histoire diplomatique du maroc التاريخ الدبلوماسي للمغرب من أقدم العصور الى العهد العلوي 2/_FIGURES,/workspaces/PHDM/ALL/ALLMD/histoire diplomatique du maroc التاريخ الدبلوماسي للمغرب من أقدم العصور الى العهد العلوي 2/_FIGURES/chunk_03_fig_05.png,,png,214075,34618cc907b1150ac8c670e82974aac6c0bdd5845382c9cfa32375afe60a21e1,824,602,kept,2026-02-07,
213,histoire_diplomatique_du_maroc_2__chunk_03_fig_06.png,,,# histoire diplomatique du maroc التاريخ الدبلوماسي للمغرب من أقدم العصور الى العهد العلوي 2,Abdelhadi Tazi (عبد الهادي التازي),,,Antiquité - Période islamique,,Monographie (arabe),"TAZI, Abdelhadi, al-Tarikh al-Diblumassi li-l-Maghrib (Histoire diplomatique du Maroc), Tome 2",Figure extraite (OCR),histoire diplomatique du maroc التاريخ الدبلوماسي للمغرب من أقدم العصور الى العهد العلوي 2,Académie Royale du Maroc,1986,Antiquité - Période islamique,Arabe,,Rabat,Histoire diplomatique du Maroc,chunk_03,,Unknown,Abdelhadi Tazi (عبد الهادي التازي),,,,/workspaces/PHDM/ALL/ALLMD/histoire diplomatique du maroc التاريخ الدبلوماسي للمغرب من أقدم العصور الى العهد العلوي 2/_FIGURES,/workspaces/PHDM/ALL/ALLMD/histoire diplomatique du maroc التاريخ الدبلوماسي للمغرب من أقدم العصور الى العهد العلوي 2/_FIGURES/chunk_03_fig_06.png,,png,159348,54c8543f24ab97ebaf234aa8c243ffddf4363c95c113d4d6bbf0525e684e11eb,1109,767,kept,2026-02-07,
214,histoire_diplomatique_du_maroc_2__chunk_03_fig_07.png,,,# histoire diplomatique du maroc التاريخ الدبلوماسي للمغرب من أقدم العصور الى العهد العلوي 2,Abdelhadi Tazi (عبد الهادي التازي),,,Antiquité - Période islamique,,Monographie (arabe),"TAZI, Abdelhadi, al-Tarikh al-Diblumassi li-l-Maghrib (Histoire diplomatique du Maroc), Tome 2",Figure extraite (OCR),histoire diplomatique du maroc التاريخ الدبلوماسي للمغرب من أقدم العصور الى العهد العلوي 2,Académie Royale du Maroc,1986,Antiquité - Période islamique,Arabe,,Rabat,Histoire diplomatique du Maroc,chunk_03,,Unknown,Abdelhadi Tazi (عبد الهادي التازي),,,,/workspaces/PHDM/ALL/ALLMD/histoire diplomatique du maroc التاريخ الدبلوماسي للمغرب من أقدم العصور الى العهد العلوي 2/_FIGURES,/workspaces/PHDM/ALL/ALLMD/histoire diplomatique du maroc التاريخ الدبلوماسي للمغرب من أقدم العصور الى العهد العلوي 2/_FIGURES/chunk_03_fig_07.png,,png,173609,d0c76050574ac23690c7e1534032b5c98da6be90a3b8418b7475ec4a3101355e,1025,666,kept,2026-02-07,
215,histoire_diplomatique_du_maroc_2__chunk_03_fig_08.png,,,# histoire diplomatique du maroc التاريخ الدبلوماسي للمغرب من أقدم العصور الى العهد العلوي 2,Abdelhadi Tazi (عبد الهادي التازي),,,Antiquité - Période islamique,,Monographie (arabe),"TAZI, Abdelhadi, al-Tarikh al-Diblumassi li-l-Maghrib (Histoire diplomatique du Maroc), Tome 2",Figure extraite (OCR),histoire diplomatique du maroc التاريخ الدبلوماسي للمغرب من أقدم العصور الى العهد العلوي 2,Académie Royale du Maroc,1986,Antiquité - Période islamique,Arabe,,Rabat,Histoire diplomatique du Maroc,chunk_03,,Unknown,Abdelhadi Tazi (عبد الهادي التازي),,,,/workspaces/PHDM/ALL/ALLMD/histoire diplomatique du maroc التاريخ الدبلوماسي للمغرب من أقدم العصور الى العهد العلوي 2/_FIGURES,/workspaces/PHDM/ALL/ALLMD/histoire diplomatique du maroc التاريخ الدبلوماسي للمغرب من أقدم العصور الى العهد العلوي 2/_FIGURES/chunk_03_fig_08.png,,png,259012,3dd37966b38f63cf2076ad529b3882adf8569beac4ea5a01e260873ec14eaa3c,1127,557,kept,2026-02-07,
217,histoire_diplomatique_du_maroc_2__chunk_03_fig_10.png,,,# histoire diplomatique du maroc التاريخ الدبلوماسي للمغرب من أقدم العصور الى العهد العلوي 2,Abdelhadi Tazi (عبد الهادي التازي),,,Antiquité - Période islamique,,Monographie (arabe),"TAZI, Abdelhadi, al-Tarikh al-Diblumassi li-l-Maghrib (Histoire diplomatique du Maroc), Tome 2",Figure extraite (OCR),histoire diplomatique du maroc التاريخ الدبلوماسي للمغرب من أقدم العصور الى العهد العلوي 2,Académie Royale du Maroc,1986,Antiquité - Période islamique,Arabe,,Rabat,Histoire diplomatique du Maroc,chunk_03,,Unknown,Abdelhadi Tazi (عبد الهادي التازي),,,,/workspaces/PHDM/ALL/ALLMD/histoire diplomatique du maroc التاريخ الدبلوماسي للمغرب من أقدم العصور الى العهد العلوي 2/_FIGURES,/workspaces/PHDM/ALL/ALLMD/histoire diplomatique du maroc التاريخ الدبلوماسي للمغرب من أقدم العصور الى العهد العلوي 2/_FIGURES/chunk_03_fig_10.png,,png,431972,67c21a95d7ed71b9797cb8eb6407e6b245aca5ea8b82701cf02625202ab3e3ae,1121,841,kept,2026-02-07,
218,histoire_diplomatique_du_maroc_2__chunk_03_fig_11.png,,,# histoire diplomatique du maroc التاريخ الدبلوماسي للمغرب من أقدم العصور الى العهد العلوي 2,Abdelhadi Tazi (عبد الهادي التازي),,,Antiquité - Période islamique,,Monographie (arabe),"TAZI, Abdelhadi, al-Tarikh al-Diblumassi li-l-Maghrib (Histoire diplomatique du Maroc), Tome 2",Figure extraite (OCR),histoire diplomatique du maroc التاريخ الدبلوماسي للمغرب من أقدم العصور الى العهد العلوي 2,Académie Royale du Maroc,1986,Antiquité - Période islamique,Arabe,,Rabat,Histoire diplomatique du Maroc,chunk_03,,Unknown,Abdelhadi Tazi (عبد الهادي التازي),,,,/workspaces/PHDM/ALL/ALLMD/histoire diplomatique du maroc التاريخ الدبلوماسي للمغرب من أقدم العصور الى العهد العلوي 2/_FIGURES,/workspaces/PHDM/ALL/ALLMD/histoire diplomatique du maroc التاريخ الدبلوماسي للمغرب من أقدم العصور الى العهد العلوي 2/_FIGURES/chunk_03_fig_11.png,,png,516394,8813d455a4c447eda3615c340ab9f5d1353de73e304eb4aa3afc3e0e1528c13d,886,1558,kept,2026-02-07,
219,histoire_diplomatique_du_maroc_2__chunk_03_fig_12.png,,,# histoire diplomatique du maroc التاريخ الدبلوماسي للمغرب من أقدم العصور الى العهد العلوي 2,Abdelhadi Tazi (عبد الهادي التازي),,,Antiquité - Période islamique,,Monographie (arabe),"TAZI, Abdelhadi, al-Tarikh al-Diblumassi li-l-Maghrib (Histoire diplomatique du Maroc), Tome 2",Figure extraite (OCR),histoire diplomatique du maroc التاريخ الدبلوماسي للمغرب من أقدم العصور الى العهد العلوي 2,Académie Royale du Maroc,1986,Antiquité - Période islamique,Arabe,,Rabat,Histoire diplomatique du Maroc,chunk_03,,Unknown,Abdelhadi Tazi (عبد الهادي التازي),,,,/workspaces/PHDM/ALL/ALLMD/histoire diplomatique du maroc التاريخ الدبلوماسي للمغرب من أقدم العصور الى العهد العلوي 2/_FIGURES,/workspaces/PHDM/ALL/ALLMD/histoire diplomatique du maroc التاريخ الدبلوماسي للمغرب من أقدم العصور الى العهد العلوي 2/_FIGURES/chunk_03_fig_12.png,,png,380344,5be3de7ff3187702ea2f67db090f6dde241f68185ce9a85b8b5a437a9cff8ecf,1389,1740,kept,2026-02-07,
220,histoire_diplomatique_du_maroc_2__chunk_04_fig_01.png,,,# histoire diplomatique du maroc التاريخ الدبلوماسي للمغرب من أقدم العصور الى العهد العلوي 2,Abdelhadi Tazi (عبد الهادي التازي),,,Antiquité - Période islamique,,Monographie (arabe),"TAZI, Abdelhadi, al-Tarikh al-Diblumassi li-l-Maghrib (Histoire diplomatique du Maroc), Tome 2",Figure extraite (OCR),histoire diplomatique du maroc التاريخ الدبلوماسي للمغرب من أقدم العصور الى العهد العلوي 2,Académie Royale du Maroc,1986,Antiquité - Période islamique,Arabe,,Rabat,Histoire diplomatique du Maroc,chunk_04,,Unknown,Abdelhadi Tazi (عبد الهادي التازي),,,,/workspaces/PHDM/ALL/ALLMD/histoire diplomatique du maroc التاريخ الدبلوماسي للمغرب من أقدم العصور الى العهد العلوي 2/_FIGURES,/workspaces/PHDM/ALL/ALLMD/histoire diplomatique du maroc التاريخ الدبلوماسي للمغرب من أقدم العصور الى العهد العلوي 2/_FIGURES/chunk_04_fig_01.png,,png,561939,ad23d0d6306bf5f4cee806004b42a98215a41a5e81cde49b205ae04dcae6f323,901,1150,kept,2026-02-07,
221,histoire_diplomatique_du_maroc_2__chunk_04_fig_02.png,,,# histoire diplomatique du maroc التاريخ الدبلوماسي للمغرب من أقدم العصور الى العهد العلوي 2,Abdelhadi Tazi (عبد الهادي التازي),,,Antiquité - Période islamique,,Monographie (arabe),"TAZI, Abdelhadi, al-Tarikh al-Diblumassi li-l-Maghrib (Histoire diplomatique du Maroc), Tome 2",Figure extraite (OCR),histoire diplomatique du maroc التاريخ الدبلوماسي للمغرب من أقدم العصور الى العهد العلوي 2,Académie Royale du Maroc,1986,Antiquité - Période islamique,Arabe,,Rabat,Histoire diplomatique du Maroc,chunk_04,,Unknown,Abdelhadi Tazi (عبد الهادي التازي),,,,/workspaces/PHDM/ALL/ALLMD/histoire diplomatique du maroc التاريخ الدبلوماسي للمغرب من أقدم العصور الى العهد العلوي 2/_FIGURES,/workspaces/PHDM/ALL/ALLMD/histoire diplomatique du maroc التاريخ الدبلوماسي للمغرب من أقدم العصور الى العهد العلوي 2/_FIGURES/chunk_04_fig_02.png,,png,22298,34f19e0a578d58eaf18fad6b1eb2544834ded05a304cc21882bd09f3c7612f68,243,169,kept,2026-02-07,
222,histoire_diplomatique_du_maroc_2__chunk_04_fig_03.png,,,# histoire diplomatique du maroc التاريخ الدبلوماسي للمغرب من أقدم العصور الى العهد العلوي 2,Abdelhadi Tazi (عبد الهادي التازي),,,Antiquité - Période islamique,,Monographie (arabe),"TAZI, Abdelhadi, al-Tarikh al-Diblumassi li-l-Maghrib (Histoire diplomatique du Maroc), Tome 2",Figure extraite (OCR),histoire diplomatique du maroc التاريخ الدبلوماسي للمغرب من أقدم العصور الى العهد العلوي 2,Académie Royale du Maroc,1986,Antiquité - Période islamique,Arabe,,Rabat,Histoire diplomatique du Maroc,chunk_04,,Unknown,Abdelhadi Tazi (عبد الهادي التازي),,,,/workspaces/PHDM/ALL/ALLMD/histoire diplomatique du maroc التاريخ الدبلوماسي للمغرب من أقدم العصور الى العهد العلوي 2/_FIGURES,/workspaces/PHDM/ALL/ALLMD/histoire diplomatique du maroc التاريخ الدبلوماسي للمغرب من أقدم العصور الى العهد العلوي 2/_FIGURES/chunk_04_fig_03.png,,png,858413,89fcc23f8d5d4a5d0124725d9f7211821d265f888e68a59085e86f644f474268,708,992,kept,2026-02-07,
223,histoire_diplomatique_du_maroc_2__chunk_04_fig_04.png,,,# histoire diplomatique du maroc التاريخ الدبلوماسي للمغرب من أقدم العصور الى العهد العلوي 2,Abdelhadi Tazi (عبد الهادي التازي),,,Antiquité - Période islamique,,Monographie (arabe),"TAZI, Abdelhadi, al-Tarikh al-Diblumassi li-l-Maghrib (Histoire diplomatique du Maroc), Tome 2",Figure extraite (OCR),histoire diplomatique du maroc التاريخ الدبلوماسي للمغرب من أقدم العصور الى العهد العلوي 2,Académie Royale du Maroc,1986,Antiquité - Période islamique,Arabe,,Rabat,Histoire diplomatique du Maroc,chunk_04,,Unknown,Abdelhadi Tazi (عبد الهادي التازي),,,,/workspaces/PHDM/ALL/ALLMD/histoire diplomatique du maroc التاريخ الدبلوماسي للمغرب من أقدم العصور الى العهد العلوي 2/_FIGURES,/workspaces/PHDM/ALL/ALLMD/histoire diplomatique du maroc التاريخ الدبلوماسي للمغرب من أقدم العصور الى العهد العلوي 2/_FIGURES/chunk_04_fig_04.png,,png,355845,4e391cb3c617efe7c31372f13dc97f08e5508b654a1198da8afcdfc16ff06290,1117,761,kept,2026-02-07,
224,histoire_diplomatique_du_maroc_2__chunk_04_fig_05.png,,,# histoire diplomatique du maroc التاريخ الدبلوماسي للمغرب من أقدم العصور الى العهد العلوي 2,Abdelhadi Tazi (عبد الهادي التازي),,,Antiquité - Période islamique,,Monographie (arabe),"TAZI, Abdelhadi, al-Tarikh al-Diblumassi li-l-Maghrib (Histoire diplomatique du Maroc), Tome 2",Figure extraite (OCR),histoire diplomatique du maroc التاريخ الدبلوماسي للمغرب من أقدم العصور الى العهد العلوي 2,Académie Royale du Maroc,1986,Antiquité - Période islamique,Arabe,,Rabat,Histoire diplomatique du Maroc,chunk_04,,Unknown,Abdelhadi Tazi (عبد الهادي التازي),,,,/workspaces/PHDM/ALL/ALLMD/histoire diplomatique du maroc التاريخ الدبلوماسي للمغرب من أقدم العصور الى العهد العلوي 2/_FIGURES,/workspaces/PHDM/ALL/ALLMD/histoire diplomatique du maroc التاريخ الدبلوماسي للمغرب من أقدم العصور الى العهد العلوي 2/_FIGURES/chunk_04_fig_05.png,,png,1117863,9fd55d39de31c8be6d234df470314eab300c7d188a4eb6b409b9babef6f85199,1137,1792,kept,2026-02-07,
225,histoire_diplomatique_du_maroc_2__chunk_04_fig_06.png,,,# histoire diplomatique du maroc التاريخ الدبلوماسي للمغرب من أقدم العصور الى العهد العلوي 2,Abdelhadi Tazi (عبد الهادي التازي),,,Antiquité - Période islamique,,Monographie (arabe),"TAZI, Abdelhadi, al-Tarikh al-Diblumassi li-l-Maghrib (Histoire diplomatique du Maroc), Tome 2",Figure extraite (OCR),histoire diplomatique du maroc التاريخ الدبلوماسي للمغرب من أقدم العصور الى العهد العلوي 2,Académie Royale du Maroc,1986,Antiquité - Période islamique,Arabe,,Rabat,Histoire diplomatique du Maroc,chunk_04,,Unknown,Abdelhadi Tazi (عبد الهادي التازي),,,,/workspaces/PHDM/ALL/ALLMD/histoire diplomatique du maroc التاريخ الدبلوماسي للمغرب من أقدم العصور الى العهد العلوي 2/_FIGURES,/workspaces/PHDM/ALL/ALLMD/histoire diplomatique du maroc التاريخ الدبلوماسي للمغرب من أقدم العصور الى العهد العلوي 2/_FIGURES/chunk_04_fig_06.png,,png,290382,5adefbadf8caf859205596e6d6ed2cdb3a0d291ee3ebdd4d59607e26a311512c,800,800,kept,2026-02-07,
226,histoire_diplomatique_du_maroc_2__chunk_04_fig_07.png,,,# histoire diplomatique du maroc التاريخ الدبلوماسي للمغرب من أقدم العصور الى العهد العلوي 2,Abdelhadi Tazi (عبد الهادي التازي),,,Antiquité - Période islamique,,Monographie (arabe),"TAZI, Abdelhadi, al-Tarikh al-Diblumassi li-l-Maghrib (Histoire diplomatique du Maroc), Tome 2",Figure extraite (OCR),histoire diplomatique du maroc التاريخ الدبلوماسي للمغرب من أقدم العصور الى العهد العلوي 2,Académie Royale du Maroc,1986,Antiquité - Période islamique,Arabe,,Rabat,Histoire diplomatique du Maroc,chunk_04,,Unknown,Abdelhadi Tazi (عبد الهادي التازي),,,,/workspaces/PHDM/ALL/ALLMD/histoire diplomatique du maroc التاريخ الدبلوماسي للمغرب من أقدم العصور الى العهد العلوي 2/_FIGURES,/workspaces/PHDM/ALL/ALLMD/histoire diplomatique du maroc التاريخ الدبلوماسي للمغرب من أقدم العصور الى العهد العلوي 2/_FIGURES/chunk_04_fig_07.png,,png,996872,7e401efdf32b7a8db7c4f51cd8be233fae095097397e026f2943a5c440b1e023,722,1748,kept,2026-02-07,
228,histoire_diplomatique_du_maroc_2__chunk_04_fig_09.png,,,# histoire diplomatique du maroc التاريخ الدبلوماسي للمغرب من أقدم العصور الى العهد العلوي 2,Abdelhadi Tazi (عبد الهادي التازي),,,Antiquité - Période islamique,,Monographie (arabe),"TAZI, Abdelhadi, al-Tarikh al-Diblumassi li-l-Maghrib (Histoire diplomatique du Maroc), Tome 2",Figure extraite (OCR),histoire diplomatique du maroc التاريخ الدبلوماسي للمغرب من أقدم العصور الى العهد العلوي 2,Académie Royale du Maroc,1986,Antiquité - Période islamique,Arabe,,Rabat,Histoire diplomatique du Maroc,chunk_04,,Unknown,Abdelhadi Tazi (عبد الهادي التازي),,,,/workspaces/PHDM/ALL/ALLMD/histoire diplomatique du maroc التاريخ الدبلوماسي للمغرب من أقدم العصور الى العهد العلوي 2/_FIGURES,/workspaces/PHDM/ALL/ALLMD/histoire diplomatique du maroc التاريخ الدبلوماسي للمغرب من أقدم العصور الى العهد العلوي 2/_FIGURES/chunk_04_fig_09.png,,png,13886,bd056a747ace08292a9c7e29d08b2ba51ba556e0738d2747238fe367a6f97d7f,281,311,kept,2026-02-07,
229,histoire_diplomatique_du_maroc_2__chunk_04_fig_10.png,,,# histoire diplomatique du maroc التاريخ الدبلوماسي للمغرب من أقدم العصور الى العهد العلوي 2,Abdelhadi Tazi (عبد الهادي التازي),,,Antiquité - Période islamique,,Monographie (arabe),"TAZI, Abdelhadi, al-Tarikh al-Diblumassi li-l-Maghrib (Histoire diplomatique du Maroc), Tome 2",Figure extraite (OCR),histoire diplomatique du maroc التاريخ الدبلوماسي للمغرب من أقدم العصور الى العهد العلوي 2,Académie Royale du Maroc,1986,Antiquité - Période islamique,Arabe,,Rabat,Histoire diplomatique du Maroc,chunk_04,,Unknown,Abdelhadi Tazi (عبد الهادي التازي),,,,/workspaces/PHDM/ALL/ALLMD/histoire diplomatique du maroc التاريخ الدبلوماسي للمغرب من أقدم العصور الى العهد العلوي 2/_FIGURES,/workspaces/PHDM/ALL/ALLMD/histoire diplomatique du maroc التاريخ الدبلوماسي للمغرب من أقدم العصور الى العهد العلوي 2/_FIGURES/chunk_04_fig_10.png,,png,34682,5a5d0a1746b1ebce816000124331df5d0df34f8271f3eb0010da22341bd6e0a4,428,202,kept,2026-02-07,
230,histoire_diplomatique_du_maroc_2__chunk_04_fig_11.png,,,# histoire diplomatique du maroc التاريخ الدبلوماسي للمغرب من أقدم العصور الى العهد العلوي 2,Abdelhadi Tazi (عبد الهادي التازي),,,Antiquité - Période islamique,,Monographie (arabe),"TAZI, Abdelhadi, al-Tarikh al-Diblumassi li-l-Maghrib (Histoire diplomatique du Maroc), Tome 2",Figure extraite (OCR),histoire diplomatique du maroc التاريخ الدبلوماسي للمغرب من أقدم العصور الى العهد العلوي 2,Académie Royale du Maroc,1986,Antiquité - Période islamique,Arabe,,Rabat,Histoire diplomatique du Maroc,chunk_04,,Unknown,Abdelhadi Tazi (عبد الهادي التازي),,,,/workspaces/PHDM/ALL/ALLMD/histoire diplomatique du maroc التاريخ الدبلوماسي للمغرب من أقدم العصور الى العهد العلوي 2/_FIGURES,/workspaces/PHDM/ALL/ALLMD/histoire diplomatique du maroc التاريخ الدبلوماسي للمغرب من أقدم العصور الى العهد العلوي 2/_FIGURES/chunk_04_fig_11.png,,png,126303,3876a96b29626f69468b11136cd33cad4cd938addda5546ffc2510b7f486aea0,678,493,kept,2026-02-07,
231,histoire_diplomatique_du_maroc_2__chunk_04_fig_12.png,,,# histoire diplomatique du maroc التاريخ الدبلوماسي للمغرب من أقدم العصور الى العهد العلوي 2,Abdelhadi Tazi (عبد الهادي التازي),,,Antiquité - Période islamique,,Monographie (arabe),"TAZI, Abdelhadi, al-Tarikh al-Diblumassi li-l-Maghrib (Histoire diplomatique du Maroc), Tome 2",Figure extraite (OCR),histoire diplomatique du maroc التاريخ الدبلوماسي للمغرب من أقدم العصور الى العهد العلوي 2,Académie Royale du Maroc,1986,Antiquité - Période islamique,Arabe,,Rabat,Histoire diplomatique du Maroc,chunk_04,,Unknown,Abdelhadi Tazi (عبد الهادي التازي),,,,/workspaces/PHDM/ALL/ALLMD/histoire diplomatique du maroc التاريخ الدبلوماسي للمغرب من أقدم العصور الى العهد العلوي 2/_FIGURES,/workspaces/PHDM/ALL/ALLMD/histoire diplomatique du maroc التاريخ الدبلوماسي للمغرب من أقدم العصور الى العهد العلوي 2/_FIGURES/chunk_04_fig_12.png,,png,48678,3b93ff5d3774753502883a2d9822f2a66dd6303c1bd1c9273415588fa9f33bdb,541,420,kept,2026-02-07,
232,histoire_diplomatique_du_maroc_2__chunk_04_fig_13.png,,,# histoire diplomatique du maroc التاريخ الدبلوماسي للمغرب من أقدم العصور الى العهد العلوي 2,Abdelhadi Tazi (عبد الهادي التازي),,,Antiquité - Période islamique,,Monographie (arabe),"TAZI, Abdelhadi, al-Tarikh al-Diblumassi li-l-Maghrib (Histoire diplomatique du Maroc), Tome 2",Figure extraite (OCR),histoire diplomatique du maroc التاريخ الدبلوماسي للمغرب من أقدم العصور الى العهد العلوي 2,Académie Royale du Maroc,1986,Antiquité - Période islamique,Arabe,,Rabat,Histoire diplomatique du Maroc,chunk_04,,Unknown,Abdelhadi Tazi (عبد الهادي التازي),,,,/workspaces/PHDM/ALL/ALLMD/histoire diplomatique du maroc التاريخ الدبلوماسي للمغرب من أقدم العصور الى العهد العلوي 2/_FIGURES,/workspaces/PHDM/ALL/ALLMD/histoire diplomatique du maroc التاريخ الدبلوماسي للمغرب من أقدم العصور الى العهد العلوي 2/_FIGURES/chunk_04_fig_13.png,,png,69893,c19891b99b6532dcfe471e40508ab784d5658443a53d6470471da96c5d0a6536,500,402,kept,2026-02-07,
233,histoire_diplomatique_du_maroc_2__chunk_04_fig_14.png,,,# histoire diplomatique du maroc التاريخ الدبلوماسي للمغرب من أقدم العصور الى العهد العلوي 2,Abdelhadi Tazi (عبد الهادي التازي),,,Antiquité - Période islamique,,Monographie (arabe),"TAZI, Abdelhadi, al-Tarikh al-Diblumassi li-l-Maghrib (Histoire diplomatique du Maroc), Tome 2",Figure extraite (OCR),histoire diplomatique du maroc التاريخ الدبلوماسي للمغرب من أقدم العصور الى العهد العلوي 2,Académie Royale du Maroc,1986,Antiquité - Période islamique,Arabe,,Rabat,Histoire diplomatique du Maroc,chunk_04,,Unknown,Abdelhadi Tazi (عبد الهادي التازي),,,,/workspaces/PHDM/ALL/ALLMD/histoire diplomatique du maroc التاريخ الدبلوماسي للمغرب من أقدم العصور الى العهد العلوي 2/_FIGURES,/workspaces/PHDM/ALL/ALLMD/histoire diplomatique du maroc التاريخ الدبلوماسي للمغرب من أقدم العصور الى العهد العلوي 2/_FIGURES/chunk_04_fig_14.png,,png,741290,756b7859d0d01f7ada8b3695b5d6191e1f9538b03655046f10b0e4cc819bf88a,1366,1943,kept,2026-02-07,
234,histoire_diplomatique_du_maroc_2__chunk_04_fig_15.png,,,# histoire diplomatique du maroc التاريخ الدبلوماسي للمغرب من أقدم العصور الى العهد العلوي 2,Abdelhadi Tazi (عبد الهادي التازي),,,Antiquité - Période islamique,,Monographie (arabe),"TAZI, Abdelhadi, al-Tarikh al-Diblumassi li-l-Maghrib (Histoire diplomatique du Maroc), Tome 2",Figure extraite (OCR),histoire diplomatique du maroc التاريخ الدبلوماسي للمغرب من أقدم العصور الى العهد العلوي 2,Académie Royale du Maroc,1986,Antiquité - Période islamique,Arabe,,Rabat,Histoire diplomatique du Maroc,chunk_04,,Unknown,Abdelhadi Tazi (عبد الهادي التازي),,,,/workspaces/PHDM/ALL/ALLMD/histoire diplomatique du maroc التاريخ الدبلوماسي للمغرب من أقدم العصور الى العهد العلوي 2/_FIGURES,/workspaces/PHDM/ALL/ALLMD/histoire diplomatique du maroc التاريخ الدبلوماسي للمغرب من أقدم العصور الى العهد العلوي 2/_FIGURES/chunk_04_fig_15.png,,png,55988,f95f2dcf864ccabb585473fba16944432fc9b0a1b26b80dc62effdc521cc62e9,371,486,kept,2026-02-07,
235,histoire_diplomatique_du_maroc_2__chunk_04_fig_16.png,,,# histoire diplomatique du maroc التاريخ الدبلوماسي للمغرب من أقدم العصور الى العهد العلوي 2,Abdelhadi Tazi (عبد الهادي التازي),,,Antiquité - Période islamique,,Monographie (arabe),"TAZI, Abdelhadi, al-Tarikh al-Diblumassi li-l-Maghrib (Histoire diplomatique du Maroc), Tome 2",Figure extraite (OCR),histoire diplomatique du maroc التاريخ الدبلوماسي للمغرب من أقدم العصور الى العهد العلوي 2,Académie Royale du Maroc,1986,Antiquité - Période islamique,Arabe,,Rabat,Histoire diplomatique du Maroc,chunk_04,,Unknown,Abdelhadi Tazi (عبد الهادي التازي),,,,/workspaces/PHDM/ALL/ALLMD/histoire diplomatique du maroc التاريخ الدبلوماسي للمغرب من أقدم العصور الى العهد العلوي 2/_FIGURES,/workspaces/PHDM/ALL/ALLMD/histoire diplomatique du maroc التاريخ الدبلوماسي للمغرب من أقدم العصور الى العهد العلوي 2/_FIGURES/chunk_04_fig_16.png,,png,293304,4c45e2ba4acc3b7948d8a643965b79150500592e1957ef51ad0927fd4c73aeac,984,445,kept,2026-02-07,
236,histoire_diplomatique_du_maroc_2__chunk_04_fig_17.png,,,# histoire diplomatique du maroc التاريخ الدبلوماسي للمغرب من أقدم العصور الى العهد العلوي 2,Abdelhadi Tazi (عبد الهادي التازي),,,Antiquité - Période islamique,,Monographie (arabe),"TAZI, Abdelhadi, al-Tarikh al-Diblumassi li-l-Maghrib (Histoire diplomatique du Maroc), Tome 2",Figure extraite (OCR),histoire diplomatique du maroc التاريخ الدبلوماسي للمغرب من أقدم العصور الى العهد العلوي 2,Académie Royale du Maroc,1986,Antiquité - Période islamique,Arabe,,Rabat,Histoire diplomatique du Maroc,chunk_04,,Unknown,Abdelhadi Tazi (عبد الهادي التازي),,,,/workspaces/PHDM/ALL/ALLMD/histoire diplomatique du maroc التاريخ الدبلوماسي للمغرب من أقدم العصور الى العهد العلوي 2/_FIGURES,/workspaces/PHDM/ALL/ALLMD/histoire diplomatique du maroc التاريخ الدبلوماسي للمغرب من أقدم العصور الى العهد العلوي 2/_FIGURES/chunk_04_fig_17.png,,png,1931210,0c2381d8c7c3d32c4ab6e9ac4425cdad790faf77baae72baf238e2aa85ebb3bd,1318,2037,kept,2026-02-07,
237,histoire_diplomatique_du_maroc_2__chunk_04_fig_18.png,,,# histoire diplomatique du maroc التاريخ الدبلوماسي للمغرب من أقدم العصور الى العهد العلوي 2,Abdelhadi Tazi (عبد الهادي التازي),,,Antiquité - Période islamique,,Monographie (arabe),"TAZI, Abdelhadi, al-Tarikh al-Diblumassi li-l-Maghrib (Histoire diplomatique du Maroc), Tome 2",Figure extraite (OCR),histoire diplomatique du maroc التاريخ الدبلوماسي للمغرب من أقدم العصور الى العهد العلوي 2,Académie Royale du Maroc,1986,Antiquité - Période islamique,Arabe,,Rabat,Histoire diplomatique du Maroc,chunk_04,,Unknown,Abdelhadi Tazi (عبد الهادي التازي),,,,/workspaces/PHDM/ALL/ALLMD/histoire diplomatique du maroc التاريخ الدبلوماسي للمغرب من أقدم العصور الى العهد العلوي 2/_FIGURES,/workspaces/PHDM/ALL/ALLMD/histoire diplomatique du maroc التاريخ الدبلوماسي للمغرب من أقدم العصور الى العهد العلوي 2/_FIGURES/chunk_04_fig_18.png,,png,982729,9425a6e03df3d497f1bcc849bb8a24af0547f05ce036ff7ac04dff098ab6d538,1410,1978,kept,2026-02-07,
238,histoire_diplomatique_du_maroc_2__chunk_04_fig_19.png,,,# histoire diplomatique du maroc التاريخ الدبلوماسي للمغرب من أقدم العصور الى العهد العلوي 2,Abdelhadi Tazi (عبد الهادي التازي),,,Antiquité - Période islamique,,Monographie (arabe),"TAZI, Abdelhadi, al-Tarikh al-Diblumassi li-l-Maghrib (Histoire diplomatique du Maroc), Tome 2",Figure extraite (OCR),histoire diplomatique du maroc التاريخ الدبلوماسي للمغرب من أقدم العصور الى العهد العلوي 2,Académie Royale du Maroc,1986,Antiquité - Période islamique,Arabe,,Rabat,Histoire diplomatique du Maroc,chunk_04,,Unknown,Abdelhadi Tazi (عبد الهادي التازي),,,,/workspaces/PHDM/ALL/ALLMD/histoire diplomatique du maroc التاريخ الدبلوماسي للمغرب من أقدم العصور الى العهد العلوي 2/_FIGURES,/workspaces/PHDM/ALL/ALLMD/histoire diplomatique du maroc التاريخ الدبلوماسي للمغرب من أقدم العصور الى العهد العلوي 2/_FIGURES/chunk_04_fig_19.png,,png,37920,6824f91d365459d18e627f453ca32b5e7d6980095d6b08af82084238c30f755e,283,282,kept,2026-02-07,
239,histoire_diplomatique_du_maroc_2__chunk_04_fig_20.png,,,# histoire diplomatique du maroc التاريخ الدبلوماسي للمغرب من أقدم العصور الى العهد العلوي 2,Abdelhadi Tazi (عبد الهادي التازي),,,Antiquité - Période islamique,,Monographie (arabe),"TAZI, Abdelhadi, al-Tarikh al-Diblumassi li-l-Maghrib (Histoire diplomatique du Maroc), Tome 2",Figure extraite (OCR),histoire diplomatique du maroc التاريخ الدبلوماسي للمغرب من أقدم العصور الى العهد العلوي 2,Académie Royale du Maroc,1986,Antiquité - Période islamique,Arabe,,Rabat,Histoire diplomatique du Maroc,chunk_04,,Unknown,Abdelhadi Tazi (عبد الهادي التازي),,,,/workspaces/PHDM/ALL/ALLMD/histoire diplomatique du maroc التاريخ الدبلوماسي للمغرب من أقدم العصور الى العهد العلوي 2/_FIGURES,/workspaces/PHDM/ALL/ALLMD/histoire diplomatique du maroc التاريخ الدبلوماسي للمغرب من أقدم العصور الى العهد العلوي 2/_FIGURES/chunk_04_fig_20.png,,png,25303,d29bef795f04a0a5d6d90ad67e0df04692fe2ad83045a2a32898be441ad5b62d,224,219,kept,2026-02-07,
240,histoire_diplomatique_du_maroc_2__chunk_04_fig_21.png,,,# histoire diplomatique du maroc التاريخ الدبلوماسي للمغرب من أقدم العصور الى العهد العلوي 2,Abdelhadi Tazi (عبد الهادي التازي),,,Antiquité - Période islamique,,Monographie (arabe),"TAZI, Abdelhadi, al-Tarikh al-Diblumassi li-l-Maghrib (Histoire diplomatique du Maroc), Tome 2",Figure extraite (OCR),histoire diplomatique du maroc التاريخ الدبلوماسي للمغرب من أقدم العصور الى العهد العلوي 2,Académie Royale du Maroc,1986,Antiquité - Période islamique,Arabe,,Rabat,Histoire diplomatique du Maroc,chunk_04,,Unknown,Abdelhadi Tazi (عبد الهادي التازي),,,,/workspaces/PHDM/ALL/ALLMD/histoire diplomatique du maroc التاريخ الدبلوماسي للمغرب من أقدم العصور الى العهد العلوي 2/_FIGURES,/workspaces/PHDM/ALL/ALLMD/histoire diplomatique du maroc التاريخ الدبلوماسي للمغرب من أقدم العصور الى العهد العلوي 2/_FIGURES/chunk_04_fig_21.png,,png,975613,a11701df2882578117ad1cb100a9dbe0d52acf9463ed5ce9b511b4dd20c848ab,984,1868,kept,2026-02-07,
241,histoire_diplomatique_du_maroc_2__chunk_05_fig_01.png,,,# histoire diplomatique du maroc التاريخ الدبلوماسي للمغرب من أقدم العصور الى العهد العلوي 2,Abdelhadi Tazi (عبد الهادي التازي),,,Antiquité - Période islamique,,Monographie (arabe),"TAZI, Abdelhadi, al-Tarikh al-Diblumassi li-l-Maghrib (Histoire diplomatique du Maroc), Tome 2",Figure extraite (OCR),histoire diplomatique du maroc التاريخ الدبلوماسي للمغرب من أقدم العصور الى العهد العلوي 2,Académie Royale du Maroc,1986,Antiquité - Période islamique,Arabe,,Rabat,Histoire diplomatique du Maroc,chunk_05,,Unknown,Abdelhadi Tazi (عبد الهادي التازي),,,,/workspaces/PHDM/ALL/ALLMD/histoire diplomatique du maroc التاريخ الدبلوماسي للمغرب من أقدم العصور الى العهد العلوي 2/_FIGURES,/workspaces/PHDM/ALL/ALLMD/histoire diplomatique du maroc التاريخ الدبلوماسي للمغرب من أقدم العصور الى العهد العلوي 2/_FIGURES/chunk_05_fig_01.png,,png,35493,eefc5eb6387c94d2a2b88c38d29839fd72a05771e24dacd2a712b20555366cc1,241,252,kept,2026-02-07,
242,histoire_diplomatique_du_maroc_2__chunk_05_fig_02.png,,,# histoire diplomatique du maroc التاريخ الدبلوماسي للمغرب من أقدم العصور الى العهد العلوي 2,Abdelhadi Tazi (عبد الهادي التازي),,,Antiquité - Période islamique,,Monographie (arabe),"TAZI, Abdelhadi, al-Tarikh al-Diblumassi li-l-Maghrib (Histoire diplomatique du Maroc), Tome 2",Figure extraite (OCR),histoire diplomatique du maroc التاريخ الدبلوماسي للمغرب من أقدم العصور الى العهد العلوي 2,Académie Royale du Maroc,1986,Antiquité - Période islamique,Arabe,,Rabat,Histoire diplomatique du Maroc,chunk_05,,Unknown,Abdelhadi Tazi (عبد الهادي التازي),,,,/workspaces/PHDM/ALL/ALLMD/histoire diplomatique du maroc التاريخ الدبلوماسي للمغرب من أقدم العصور الى العهد العلوي 2/_FIGURES,/workspaces/PHDM/ALL/ALLMD/histoire diplomatique du maroc التاريخ الدبلوماسي للمغرب من أقدم العصور الى العهد العلوي 2/_FIGURES/chunk_05_fig_02.png,,png,16895274,46e90fa7355f95a677ad85b1a6d5fb842472e3e86b5b53ba9a5735ff98da4f67,3175,4110,kept,2026-02-07,
243,histoire_diplomatique_du_maroc_2__chunk_05_fig_03.png,,,# histoire diplomatique du maroc التاريخ الدبلوماسي للمغرب من أقدم العصور الى العهد العلوي 2,Abdelhadi Tazi (عبد الهادي التازي),,,Antiquité - Période islamique,,Monographie (arabe),"TAZI, Abdelhadi, al-Tarikh al-Diblumassi li-l-Maghrib (Histoire diplomatique du Maroc), Tome 2",Figure extraite (OCR),histoire diplomatique du maroc التاريخ الدبلوماسي للمغرب من أقدم العصور الى العهد العلوي 2,Académie Royale du Maroc,1986,Antiquité - Période islamique,Arabe,,Rabat,Histoire diplomatique du Maroc,chunk_05,,Unknown,Abdelhadi Tazi (عبد الهادي التازي),,,,/workspaces/PHDM/ALL/ALLMD/histoire diplomatique du maroc التاريخ الدبلوماسي للمغرب من أقدم العصور الى العهد العلوي 2/_FIGURES,/workspaces/PHDM/ALL/ALLMD/histoire diplomatique du maroc التاريخ الدبلوماسي للمغرب من أقدم العصور الى العهد العلوي 2/_FIGURES/chunk_05_fig_03.png,,png,62152,c6a3d8d5411928cd486529f6957b8b73a978f0de9782dce03c895297fb4905bd,391,423,kept,2026-02-07,
244,histoire_diplomatique_du_maroc_2__chunk_05_fig_04.png,,,# histoire diplomatique du maroc التاريخ الدبلوماسي للمغرب من أقدم العصور الى العهد العلوي 2,Abdelhadi Tazi (عبد الهادي التازي),,,Antiquité - Période islamique,,Monographie (arabe),"TAZI, Abdelhadi, al-Tarikh al-Diblumassi li-l-Maghrib (Histoire diplomatique du Maroc), Tome 2",Figure extraite (OCR),histoire diplomatique du maroc التاريخ الدبلوماسي للمغرب من أقدم العصور الى العهد العلوي 2,Académie Royale du Maroc,1986,Antiquité - Période islamique,Arabe,,Rabat,Histoire diplomatique du Maroc,chunk_05,,Unknown,Abdelhadi Tazi (عبد الهادي التازي),,,,/workspaces/PHDM/ALL/ALLMD/histoire diplomatique du maroc التاريخ الدبلوماسي للمغرب من أقدم العصور الى العهد العلوي 2/_FIGURES,/workspaces/PHDM/ALL/ALLMD/histoire diplomatique du maroc التاريخ الدبلوماسي للمغرب من أقدم العصور الى العهد العلوي 2/_FIGURES/chunk_05_fig_04.png,,png,54163,8a9eca7aa23543b87e447b9535da55de1d3e7e19b06764265416dc9f49b96043,348,338,kept,2026-02-07,
245,histoire_diplomatique_du_maroc_2__chunk_05_fig_05.png,,,# histoire diplomatique du maroc التاريخ الدبلوماسي للمغرب من أقدم العصور الى العهد العلوي 2,Abdelhadi Tazi (عبد الهادي التازي),,,Antiquité - Période islamique,,Monographie (arabe),"TAZI, Abdelhadi, al-Tarikh al-Diblumassi li-l-Maghrib (Histoire diplomatique du Maroc), Tome 2",Figure extraite (OCR),histoire diplomatique du maroc التاريخ الدبلوماسي للمغرب من أقدم العصور الى العهد العلوي 2,Académie Royale du Maroc,1986,Antiquité - Période islamique,Arabe,,Rabat,Histoire diplomatique du Maroc,chunk_05,,Unknown,Abdelhadi Tazi (عبد الهادي التازي),,,,/workspaces/PHDM/ALL/ALLMD/histoire diplomatique du maroc التاريخ الدبلوماسي للمغرب من أقدم العصور الى العهد العلوي 2/_FIGURES,/workspaces/PHDM/ALL/ALLMD/histoire diplomatique du maroc التاريخ الدبلوماسي للمغرب من أقدم العصور الى العهد العلوي 2/_FIGURES/chunk_05_fig_05.png,,png,21087,2321bbc999d833dcd37b7ded8d1b307621f2fd493223d8b19eda48dfc5f85bfc,236,203,kept,2026-02-07,
246,histoire_diplomatique_du_maroc_2__chunk_05_fig_06.png,,,# histoire diplomatique du maroc التاريخ الدبلوماسي للمغرب من أقدم العصور الى العهد العلوي 2,Abdelhadi Tazi (عبد الهادي التازي),,,Antiquité - Période islamique,,Monographie (arabe),"TAZI, Abdelhadi, al-Tarikh al-Diblumassi li-l-Maghrib (Histoire diplomatique du Maroc), Tome 2",Figure extraite (OCR),histoire diplomatique du maroc التاريخ الدبلوماسي للمغرب من أقدم العصور الى العهد العلوي 2,Académie Royale du Maroc,1986,Antiquité - Période islamique,Arabe,,Rabat,Histoire diplomatique du Maroc,chunk_05,,Unknown,Abdelhadi Tazi (عبد الهادي التازي),,,,/workspaces/PHDM/ALL/ALLMD/histoire diplomatique du maroc التاريخ الدبلوماسي للمغرب من أقدم العصور الى العهد العلوي 2/_FIGURES,/workspaces/PHDM/ALL/ALLMD/histoire diplomatique du maroc التاريخ الدبلوماسي للمغرب من أقدم العصور الى العهد العلوي 2/_FIGURES/chunk_05_fig_06.png,,png,1129281,8269c4581e222f91306f7039f5f4f00b39b6a13c5df555a4134ac59acb09bbfb,1411,1039,kept,2026-02-07,
247,histoire_diplomatique_du_maroc_2__chunk_05_fig_07.png,,,# histoire diplomatique du maroc التاريخ الدبلوماسي للمغرب من أقدم العصور الى العهد العلوي 2,Abdelhadi Tazi (عبد الهادي التازي),,,Antiquité - Période islamique,,Monographie (arabe),"TAZI, Abdelhadi, al-Tarikh al-Diblumassi li-l-Maghrib (Histoire diplomatique du Maroc), Tome 2",Figure extraite (OCR),histoire diplomatique du maroc التاريخ الدبلوماسي للمغرب من أقدم العصور الى العهد العلوي 2,Académie Royale du Maroc,1986,Antiquité - Période islamique,Arabe,,Rabat,Histoire diplomatique du Maroc,chunk_05,,Unknown,Abdelhadi Tazi (عبد الهادي التازي),,,,/workspaces/PHDM/ALL/ALLMD/histoire diplomatique du maroc التاريخ الدبلوماسي للمغرب من أقدم العصور الى العهد العلوي 2/_FIGURES,/workspaces/PHDM/ALL/ALLMD/histoire diplomatique du maroc التاريخ الدبلوماسي للمغرب من أقدم العصور الى العهد العلوي 2/_FIGURES/chunk_05_fig_07.png,,png,574107,374b0b2927fc9796f69bd663766ca14d2859f25af2310949ebc0c4340b14b851,836,1091,kept,2026-02-07,
248,histoire_diplomatique_du_maroc_2__chunk_05_fig_08.png,,,# histoire diplomatique du maroc التاريخ الدبلوماسي للمغرب من أقدم العصور الى العهد العلوي 2,Abdelhadi Tazi (عبد الهادي التازي),,,Antiquité - Période islamique,,Monographie (arabe),"TAZI, Abdelhadi, al-Tarikh al-Diblumassi li-l-Maghrib (Histoire diplomatique du Maroc), Tome 2",Figure extraite (OCR),histoire diplomatique du maroc التاريخ الدبلوماسي للمغرب من أقدم العصور الى العهد العلوي 2,Académie Royale du Maroc,1986,Antiquité - Période islamique,Arabe,,Rabat,Histoire diplomatique du Maroc,chunk_05,,Unknown,Abdelhadi Tazi (عبد الهادي التازي),,,,/workspaces/PHDM/ALL/ALLMD/histoire diplomatique du maroc التاريخ الدبلوماسي للمغرب من أقدم العصور الى العهد العلوي 2/_FIGURES,/workspaces/PHDM/ALL/ALLMD/histoire diplomatique du maroc التاريخ الدبلوماسي للمغرب من أقدم العصور الى العهد العلوي 2/_FIGURES/chunk_05_fig_08.png,,png,388076,f7bbf3b4024085fbdfad76b59e93508f7038768359dbf915c712632a8facecd1,673,769,kept,2026-02-07,
249,histoire_diplomatique_du_maroc_2__chunk_05_fig_09.png,,,# histoire diplomatique du maroc التاريخ الدبلوماسي للمغرب من أقدم العصور الى العهد العلوي 2,Abdelhadi Tazi (عبد الهادي التازي),,,Antiquité - Période islamique,,Monographie (arabe),"TAZI, Abdelhadi, al-Tarikh al-Diblumassi li-l-Maghrib (Histoire diplomatique du Maroc), Tome 2",Figure extraite (OCR),histoire diplomatique du maroc التاريخ الدبلوماسي للمغرب من أقدم العصور الى العهد العلوي 2,Académie Royale du Maroc,1986,Antiquité - Période islamique,Arabe,,Rabat,Histoire diplomatique du Maroc,chunk_05,,Unknown,Abdelhadi Tazi (عبد الهادي التازي),,,,/workspaces/PHDM/ALL/ALLMD/histoire diplomatique du maroc التاريخ الدبلوماسي للمغرب من أقدم العصور الى العهد العلوي 2/_FIGURES,/workspaces/PHDM/ALL/ALLMD/histoire diplomatique du maroc التاريخ الدبلوماسي للمغرب من أقدم العصور الى العهد العلوي 2/_FIGURES/chunk_05_fig_09.png,,png,32200,45158f71f875d1a2eaa48467d7e5a7490a0bcda72826b0e41d0212135aa0f4e2,280,260,kept,2026-02-07,
250,histoire_diplomatique_du_maroc_2__chunk_05_fig_10.png,,,# histoire diplomatique du maroc التاريخ الدبلوماسي للمغرب من أقدم العصور الى العهد العلوي 2,Abdelhadi Tazi (عبد الهادي التازي),,,Antiquité - Période islamique,,Monographie (arabe),"TAZI, Abdelhadi, al-Tarikh al-Diblumassi li-l-Maghrib (Histoire diplomatique du Maroc), Tome 2",Figure extraite (OCR),histoire diplomatique du maroc التاريخ الدبلوماسي للمغرب من أقدم العصور الى العهد العلوي 2,Académie Royale du Maroc,1986,Antiquité - Période islamique,Arabe,,Rabat,Histoire diplomatique du Maroc,chunk_05,,Unknown,Abdelhadi Tazi (عبد الهادي التازي),,,,/workspaces/PHDM/ALL/ALLMD/histoire diplomatique du maroc التاريخ الدبلوماسي للمغرب من أقدم العصور الى العهد العلوي 2/_FIGURES,/workspaces/PHDM/ALL/ALLMD/histoire diplomatique du maroc التاريخ الدبلوماسي للمغرب من أقدم العصور الى العهد العلوي 2/_FIGURES/chunk_05_fig_10.png,,png,30403,9a7cf4b51788f828e571e918bafbe2e2e9f3cbdbcfe87d64b9e29f848dd9952b,255,255,kept,2026-02-07,
251,histoire_diplomatique_du_maroc_2__chunk_05_fig_11.png,,,# histoire diplomatique du maroc التاريخ الدبلوماسي للمغرب من أقدم العصور الى العهد العلوي 2,Abdelhadi Tazi (عبد الهادي التازي),,,Antiquité - Période islamique,,Monographie (arabe),"TAZI, Abdelhadi, al-Tarikh al-Diblumassi li-l-Maghrib (Histoire diplomatique du Maroc), Tome 2",Figure extraite (OCR),histoire diplomatique du maroc التاريخ الدبلوماسي للمغرب من أقدم العصور الى العهد العلوي 2,Académie Royale du Maroc,1986,Antiquité - Période islamique,Arabe,,Rabat,Histoire diplomatique du Maroc,chunk_05,,Unknown,Abdelhadi Tazi (عبد الهادي التازي),,,,/workspaces/PHDM/ALL/ALLMD/histoire diplomatique du maroc التاريخ الدبلوماسي للمغرب من أقدم العصور الى العهد العلوي 2/_FIGURES,/workspaces/PHDM/ALL/ALLMD/histoire diplomatique du maroc التاريخ الدبلوماسي للمغرب من أقدم العصور الى العهد العلوي 2/_FIGURES/chunk_05_fig_11.png,,png,14455,39cd03d55318c4a4376b9ac8c4c5b9fce0a8d5bddba001550abbd03dc93942d0,279,316,kept,2026-02-07,
252,histoire_diplomatique_du_maroc_2__chunk_05_fig_12.png,,,# histoire diplomatique du maroc التاريخ الدبلوماسي للمغرب من أقدم العصور الى العهد العلوي 2,Abdelhadi Tazi (عبد الهادي التازي),,,Antiquité - Période islamique,,Monographie (arabe),"TAZI, Abdelhadi, al-Tarikh al-Diblumassi li-l-Maghrib (Histoire diplomatique du Maroc), Tome 2",Figure extraite (OCR),histoire diplomatique du maroc التاريخ الدبلوماسي للمغرب من أقدم العصور الى العهد العلوي 2,Académie Royale du Maroc,1986,Antiquité - Période islamique,Arabe,,Rabat,Histoire diplomatique du Maroc,chunk_05,,Unknown,Abdelhadi Tazi (عبد الهادي التازي),,,,/workspaces/PHDM/ALL/ALLMD/histoire diplomatique du maroc التاريخ الدبلوماسي للمغرب من أقدم العصور الى العهد العلوي 2/_FIGURES,/workspaces/PHDM/ALL/ALLMD/histoire diplomatique du maroc التاريخ الدبلوماسي للمغرب من أقدم العصور الى العهد العلوي 2/_FIGURES/chunk_05_fig_12.png,,png,110372,3dab04334c48f07338ac4db221c7d0375b693691eef3f4b58cd04f3628ab74d3,1199,498,kept,2026-02-07,
253,histoire_diplomatique_du_maroc_2__chunk_05_fig_13.png,,,# histoire diplomatique du maroc التاريخ الدبلوماسي للمغرب من أقدم العصور الى العهد العلوي 2,Abdelhadi Tazi (عبد الهادي التازي),,,Antiquité - Période islamique,,Monographie (arabe),"TAZI, Abdelhadi, al-Tarikh al-Diblumassi li-l-Maghrib (Histoire diplomatique du Maroc), Tome 2",Figure extraite (OCR),histoire diplomatique du maroc التاريخ الدبلوماسي للمغرب من أقدم العصور الى العهد العلوي 2,Académie Royale du Maroc,1986,Antiquité - Période islamique,Arabe,,Rabat,Histoire diplomatique du Maroc,chunk_05,,Unknown,Abdelhadi Tazi (عبد الهادي التازي),,,,/workspaces/PHDM/ALL/ALLMD/histoire diplomatique du maroc التاريخ الدبلوماسي للمغرب من أقدم العصور الى العهد العلوي 2/_FIGURES,/workspaces/PHDM/ALL/ALLMD/histoire diplomatique du maroc التاريخ الدبلوماسي للمغرب من أقدم العصور الى العهد العلوي 2/_FIGURES/chunk_05_fig_13.png,,png,952870,514987aa5e655a4a7cd53eef1d68f18d0613b624a38ed61ea6532f3c86413493,1534,1029,kept,2026-02-07,
254,histoire_diplomatique_du_maroc_2__chunk_05_fig_14.png,,,# histoire diplomatique du maroc التاريخ الدبلوماسي للمغرب من أقدم العصور الى العهد العلوي 2,Abdelhadi Tazi (عبد الهادي التازي),,,Antiquité - Période islamique,,Monographie (arabe),"TAZI, Abdelhadi, al-Tarikh al-Diblumassi li-l-Maghrib (Histoire diplomatique du Maroc), Tome 2",Figure extraite (OCR),histoire diplomatique du maroc التاريخ الدبلوماسي للمغرب من أقدم العصور الى العهد العلوي 2,Académie Royale du Maroc,1986,Antiquité - Période islamique,Arabe,,Rabat,Histoire diplomatique du Maroc,chunk_05,,Unknown,Abdelhadi Tazi (عبد الهادي التازي),,,,/workspaces/PHDM/ALL/ALLMD/histoire diplomatique du maroc التاريخ الدبلوماسي للمغرب من أقدم العصور الى العهد العلوي 2/_FIGURES,/workspaces/PHDM/ALL/ALLMD/histoire diplomatique du maroc التاريخ الدبلوماسي للمغرب من أقدم العصور الى العهد العلوي 2/_FIGURES/chunk_05_fig_14.png,,png,492762,0b6470d0f282a2b7dc7fe99fc9370a7a005280473f4fc1db8adb7a823ec03aa6,1072,1966,kept,2026-02-07,
255,histoire_diplomatique_du_maroc_2__chunk_05_fig_15.png,,,# histoire diplomatique du maroc التاريخ الدبلوماسي للمغرب من أقدم العصور الى العهد العلوي 2,Abdelhadi Tazi (عبد الهادي التازي),,,Antiquité - Période islamique,,Monographie (arabe),"TAZI, Abdelhadi, al-Tarikh al-Diblumassi li-l-Maghrib (Histoire diplomatique du Maroc), Tome 2",Figure extraite (OCR),histoire diplomatique du maroc التاريخ الدبلوماسي للمغرب من أقدم العصور الى العهد العلوي 2,Académie Royale du Maroc,1986,Antiquité - Période islamique,Arabe,,Rabat,Histoire diplomatique du Maroc,chunk_05,,Unknown,Abdelhadi Tazi (عبد الهادي التازي),,,,/workspaces/PHDM/ALL/ALLMD/histoire diplomatique du maroc التاريخ الدبلوماسي للمغرب من أقدم العصور الى العهد العلوي 2/_FIGURES,/workspaces/PHDM/ALL/ALLMD/histoire diplomatique du maroc التاريخ الدبلوماسي للمغرب من أقدم العصور الى العهد العلوي 2/_FIGURES/chunk_05_fig_15.png,,png,675235,adab0ac18c445ea6b2dd2d51f603639ad8b05ca39b8947cf426030f5ea57c098,1454,1871,kept,2026-02-07,
256,histoire_diplomatique_du_maroc_2__chunk_05_fig_16.png,,,# histoire diplomatique du maroc التاريخ الدبلوماسي للمغرب من أقدم العصور الى العهد العلوي 2,Abdelhadi Tazi (عبد الهادي التازي),,,Antiquité - Période islamique,,Monographie (arabe),"TAZI, Abdelhadi, al-Tarikh al-Diblumassi li-l-Maghrib (Histoire diplomatique du Maroc), Tome 2",Figure extraite (OCR),histoire diplomatique du maroc التاريخ الدبلوماسي للمغرب من أقدم العصور الى العهد العلوي 2,Académie Royale du Maroc,1986,Antiquité - Période islamique,Arabe,,Rabat,Histoire diplomatique du Maroc,chunk_05,,Unknown,Abdelhadi Tazi (عبد الهادي التازي),,,,/workspaces/PHDM/ALL/ALLMD/histoire diplomatique du maroc التاريخ الدبلوماسي للمغرب من أقدم العصور الى العهد العلوي 2/_FIGURES,/workspaces/PHDM/ALL/ALLMD/histoire diplomatique du maroc التاريخ الدبلوماسي للمغرب من أقدم العصور الى العهد العلوي 2/_FIGURES/chunk_05_fig_16.png,,png,385676,fca4b3fd6082b7c3bb758d14ead7e43f1557c3a7cffe1ec84a7285378dd6dd89,1109,832,kept,2026-02-07,
258,histoire_diplomatique_du_maroc_2__chunk_05_fig_18.png,,,# histoire diplomatique du maroc التاريخ الدبلوماسي للمغرب من أقدم العصور الى العهد العلوي 2,Abdelhadi Tazi (عبد الهادي التازي),,,Antiquité - Période islamique,,Monographie (arabe),"TAZI, Abdelhadi, al-Tarikh al-Diblumassi li-l-Maghrib (Histoire diplomatique du Maroc), Tome 2",Figure extraite (OCR),histoire diplomatique du maroc التاريخ الدبلوماسي للمغرب من أقدم العصور الى العهد العلوي 2,Académie Royale du Maroc,1986,Antiquité - Période islamique,Arabe,,Rabat,Histoire diplomatique du Maroc,chunk_05,,Unknown,Abdelhadi Tazi (عبد الهادي التازي),,,,/workspaces/PHDM/ALL/ALLMD/histoire diplomatique du maroc التاريخ الدبلوماسي للمغرب من أقدم العصور الى العهد العلوي 2/_FIGURES,/workspaces/PHDM/ALL/ALLMD/histoire diplomatique du maroc التاريخ الدبلوماسي للمغرب من أقدم العصور الى العهد العلوي 2/_FIGURES/chunk_05_fig_18.png,,png,470210,1b40d073b7e74adb8809b3419ded0f893c1c0153613a4ecf10e300c6bc284e5e,899,1142,kept,2026-02-07,
259,histoire_diplomatique_du_maroc_2__chunk_06_fig_01.png,,,# histoire diplomatique du maroc التاريخ الدبلوماسي للمغرب من أقدم العصور الى العهد العلوي 2,Abdelhadi Tazi (عبد الهادي التازي),,,Antiquité - Période islamique,,Monographie (arabe),"TAZI, Abdelhadi, al-Tarikh al-Diblumassi li-l-Maghrib (Histoire diplomatique du Maroc), Tome 2",Figure extraite (OCR),histoire diplomatique du maroc التاريخ الدبلوماسي للمغرب من أقدم العصور الى العهد العلوي 2,Académie Royale du Maroc,1986,Antiquité - Période islamique,Arabe,,Rabat,Histoire diplomatique du Maroc,chunk_06,,Unknown,Abdelhadi Tazi (عبد الهادي التازي),,,,/workspaces/PHDM/ALL/ALLMD/histoire diplomatique du maroc التاريخ الدبلوماسي للمغرب من أقدم العصور الى العهد العلوي 2/_FIGURES,/workspaces/PHDM/ALL/ALLMD/histoire diplomatique du maroc التاريخ الدبلوماسي للمغرب من أقدم العصور الى العهد العلوي 2/_FIGURES/chunk_06_fig_01.png,,png,141212,e5c94d9466c44fc960a4da8c6afc440a4aa4f0c1af3b1c6ec364c336cf321a2b,1281,559,kept,2026-02-07,
260,histoire_diplomatique_du_maroc_2__chunk_06_fig_02.png,,,# histoire diplomatique du maroc التاريخ الدبلوماسي للمغرب من أقدم العصور الى العهد العلوي 2,Abdelhadi Tazi (عبد الهادي التازي),,,Antiquité - Période islamique,,Monographie (arabe),"TAZI, Abdelhadi, al-Tarikh al-Diblumassi li-l-Maghrib (Histoire diplomatique du Maroc), Tome 2",Figure extraite (OCR),histoire diplomatique du maroc التاريخ الدبلوماسي للمغرب من أقدم العصور الى العهد العلوي 2,Académie Royale du Maroc,1986,Antiquité - Période islamique,Arabe,,Rabat,Histoire diplomatique du Maroc,chunk_06,,Unknown,Abdelhadi Tazi (عبد الهادي التازي),,,,/workspaces/PHDM/ALL/ALLMD/histoire diplomatique du maroc التاريخ الدبلوماسي للمغرب من أقدم العصور الى العهد العلوي 2/_FIGURES,/workspaces/PHDM/ALL/ALLMD/histoire diplomatique du maroc التاريخ الدبلوماسي للمغرب من أقدم العصور الى العهد العلوي 2/_FIGURES/chunk_06_fig_02.png,,png,1311659,ca76bf4761ee95803da5ff5bc7989f384eb17aef268582f945f3c235532e1a7b,1498,1507,kept,2026-02-07,
261,histoire_diplomatique_du_maroc_2__chunk_06_fig_03.png,,,# histoire diplomatique du maroc التاريخ الدبلوماسي للمغرب من أقدم العصور الى العهد العلوي 2,Abdelhadi Tazi (عبد الهادي التازي),,,Antiquité - Période islamique,,Monographie (arabe),"TAZI, Abdelhadi, al-Tarikh al-Diblumassi li-l-Maghrib (Histoire diplomatique du Maroc), Tome 2",Figure extraite (OCR),histoire diplomatique du maroc التاريخ الدبلوماسي للمغرب من أقدم العصور الى العهد العلوي 2,Académie Royale du Maroc,1986,Antiquité - Période islamique,Arabe,,Rabat,Histoire diplomatique du Maroc,chunk_06,,Unknown,Abdelhadi Tazi (عبد الهادي التازي),,,,/workspaces/PHDM/ALL/ALLMD/histoire diplomatique du maroc التاريخ الدبلوماسي للمغرب من أقدم العصور الى العهد العلوي 2/_FIGURES,/workspaces/PHDM/ALL/ALLMD/histoire diplomatique du maroc التاريخ الدبلوماسي للمغرب من أقدم العصور الى العهد العلوي 2/_FIGURES/chunk_06_fig_03.png,,png,1205327,da633cb89771edd938dfa396b267b1ccd696163e98f29b42b3cf21cdb2cb7010,1424,1835,kept,2026-02-07,
262,histoire_diplomatique_du_maroc_2__chunk_06_fig_04.png,,,# histoire diplomatique du maroc التاريخ الدبلوماسي للمغرب من أقدم العصور الى العهد العلوي 2,Abdelhadi Tazi (عبد الهادي التازي),,,Antiquité - Période islamique,,Monographie (arabe),"TAZI, Abdelhadi, al-Tarikh al-Diblumassi li-l-Maghrib (Histoire diplomatique du Maroc), Tome 2",Figure extraite (OCR),histoire diplomatique du maroc التاريخ الدبلوماسي للمغرب من أقدم العصور الى العهد العلوي 2,Académie Royale du Maroc,1986,Antiquité - Période islamique,Arabe,,Rabat,Histoire diplomatique du Maroc,chunk_06,,Unknown,Abdelhadi Tazi (عبد الهادي التازي),,,,/workspaces/PHDM/ALL/ALLMD/histoire diplomatique du maroc التاريخ الدبلوماسي للمغرب من أقدم العصور الى العهد العلوي 2/_FIGURES,/workspaces/PHDM/ALL/ALLMD/histoire diplomatique du maroc التاريخ الدبلوماسي للمغرب من أقدم العصور الى العهد العلوي 2/_FIGURES/chunk_06_fig_04.png,,png,707681,18bba268068626fbce940216285cba54d5a51ca2100072e7980708ac83e8e739,1140,1785,kept,2026-02-07,
263,histoire_diplomatique_du_maroc_2__chunk_06_fig_05.png,,,# histoire diplomatique du maroc التاريخ الدبلوماسي للمغرب من أقدم العصور الى العهد العلوي 2,Abdelhadi Tazi (عبد الهادي التازي),,,Antiquité - Période islamique,,Monographie (arabe),"TAZI, Abdelhadi, al-Tarikh al-Diblumassi li-l-Maghrib (Histoire diplomatique du Maroc), Tome 2",Figure extraite (OCR),histoire diplomatique du maroc التاريخ الدبلوماسي للمغرب من أقدم العصور الى العهد العلوي 2,Académie Royale du Maroc,1986,Antiquité - Période islamique,Arabe,,Rabat,Histoire diplomatique du Maroc,chunk_06,,Unknown,Abdelhadi Tazi (عبد الهادي التازي),,,,/workspaces/PHDM/ALL/ALLMD/histoire diplomatique du maroc التاريخ الدبلوماسي للمغرب من أقدم العصور الى العهد العلوي 2/_FIGURES,/workspaces/PHDM/ALL/ALLMD/histoire diplomatique du maroc التاريخ الدبلوماسي للمغرب من أقدم العصور الى العهد العلوي 2/_FIGURES/chunk_06_fig_05.png,,png,27824,963d9e4d4cfeb5afcfca6d126d9cc0a3fc64f1f4344d457bdd56c80aa80a6a77,249,260,kept,2026-02-07,
264,histoire_diplomatique_du_maroc_2__chunk_06_fig_06.png,,,# histoire diplomatique du maroc التاريخ الدبلوماسي للمغرب من أقدم العصور الى العهد العلوي 2,Abdelhadi Tazi (عبد الهادي التازي),,,Antiquité - Période islamique,,Monographie (arabe),"TAZI, Abdelhadi, al-Tarikh al-Diblumassi li-l-Maghrib (Histoire diplomatique du Maroc), Tome 2",Figure extraite (OCR),histoire diplomatique du maroc التاريخ الدبلوماسي للمغرب من أقدم العصور الى العهد العلوي 2,Académie Royale du Maroc,1986,Antiquité - Période islamique,Arabe,,Rabat,Histoire diplomatique du Maroc,chunk_06,,Unknown,Abdelhadi Tazi (عبد الهادي التازي),,,,/workspaces/PHDM/ALL/ALLMD/histoire diplomatique du maroc التاريخ الدبلوماسي للمغرب من أقدم العصور الى العهد العلوي 2/_FIGURES,/workspaces/PHDM/ALL/ALLMD/histoire diplomatique du maroc التاريخ الدبلوماسي للمغرب من أقدم العصور الى العهد العلوي 2/_FIGURES/chunk_06_fig_06.png,,png,43145,f5e42d1ae02d0f5eb31048fbf3904c016f3bb38d585d0422847dd29451efe723,261,282,kept,2026-02-07,
265,histoire_diplomatique_du_maroc_2__chunk_06_fig_07.png,,,# histoire diplomatique du maroc التاريخ الدبلوماسي للمغرب من أقدم العصور الى العهد العلوي 2,Abdelhadi Tazi (عبد الهادي التازي),,,Antiquité - Période islamique,,Monographie (arabe),"TAZI, Abdelhadi, al-Tarikh al-Diblumassi li-l-Maghrib (Histoire diplomatique du Maroc), Tome 2",Figure extraite (OCR),histoire diplomatique du maroc التاريخ الدبلوماسي للمغرب من أقدم العصور الى العهد العلوي 2,Académie Royale du Maroc,1986,Antiquité - Période islamique,Arabe,,Rabat,Histoire diplomatique du Maroc,chunk_06,,Unknown,Abdelhadi Tazi (عبد الهادي التازي),,,,/workspaces/PHDM/ALL/ALLMD/histoire diplomatique du maroc التاريخ الدبلوماسي للمغرب من أقدم العصور الى العهد العلوي 2/_FIGURES,/workspaces/PHDM/ALL/ALLMD/histoire diplomatique du maroc التاريخ الدبلوماسي للمغرب من أقدم العصور الى العهد العلوي 2/_FIGURES/chunk_06_fig_07.png,,png,340526,af2149e74b18c5baae836e7efe9d6ac9d324d9b0554a7a382d1c5468db88e4ed,1140,885,kept,2026-02-07,
266,histoire_diplomatique_du_maroc_2__chunk_06_fig_08.png,,,# histoire diplomatique du maroc التاريخ الدبلوماسي للمغرب من أقدم العصور الى العهد العلوي 2,Abdelhadi Tazi (عبد الهادي التازي),,,Antiquité - Période islamique,,Monographie (arabe),"TAZI, Abdelhadi, al-Tarikh al-Diblumassi li-l-Maghrib (Histoire diplomatique du Maroc), Tome 2",Figure extraite (OCR),histoire diplomatique du maroc التاريخ الدبلوماسي للمغرب من أقدم العصور الى العهد العلوي 2,Académie Royale du Maroc,1986,Antiquité - Période islamique,Arabe,,Rabat,Histoire diplomatique du Maroc,chunk_06,,Unknown,Abdelhadi Tazi (عبد الهادي التازي),,,,/workspaces/PHDM/ALL/ALLMD/histoire diplomatique du maroc التاريخ الدبلوماسي للمغرب من أقدم العصور الى العهد العلوي 2/_FIGURES,/workspaces/PHDM/ALL/ALLMD/histoire diplomatique du maroc التاريخ الدبلوماسي للمغرب من أقدم العصور الى العهد العلوي 2/_FIGURES/chunk_06_fig_08.png,,png,308622,483eea89052bebae4261e2e55993b40da1ffa29dc708ab38a2a738452414e0b8,682,944,kept,2026-02-07,
267,histoire_diplomatique_du_maroc_2__chunk_06_fig_09.png,,,# histoire diplomatique du maroc التاريخ الدبلوماسي للمغرب من أقدم العصور الى العهد العلوي 2,Abdelhadi Tazi (عبد الهادي التازي),,,Antiquité - Période islamique,,Monographie (arabe),"TAZI, Abdelhadi, al-Tarikh al-Diblumassi li-l-Maghrib (Histoire diplomatique du Maroc), Tome 2",Figure extraite (OCR),histoire diplomatique du maroc التاريخ الدبلوماسي للمغرب من أقدم العصور الى العهد العلوي 2,Académie Royale du Maroc,1986,Antiquité - Période islamique,Arabe,,Rabat,Histoire diplomatique du Maroc,chunk_06,,Unknown,Abdelhadi Tazi (عبد الهادي التازي),,,,/workspaces/PHDM/ALL/ALLMD/histoire diplomatique du maroc التاريخ الدبلوماسي للمغرب من أقدم العصور الى العهد العلوي 2/_FIGURES,/workspaces/PHDM/ALL/ALLMD/histoire diplomatique du maroc التاريخ الدبلوماسي للمغرب من أقدم العصور الى العهد العلوي 2/_FIGURES/chunk_06_fig_09.png,,png,160552,06dbadcda56f2b41dddd0a7138ffc89533a7a2f8bcabde5874a58d4d06f639d9,351,344,kept,2026-02-07,
268,histoire_diplomatique_du_maroc_2__chunk_06_fig_10.png,,,# histoire diplomatique du maroc التاريخ الدبلوماسي للمغرب من أقدم العصور الى العهد العلوي 2,Abdelhadi Tazi (عبد الهادي التازي),,,Antiquité - Période islamique,,Monographie (arabe),"TAZI, Abdelhadi, al-Tarikh al-Diblumassi li-l-Maghrib (Histoire diplomatique du Maroc), Tome 2",Figure extraite (OCR),histoire diplomatique du maroc التاريخ الدبلوماسي للمغرب من أقدم العصور الى العهد العلوي 2,Académie Royale du Maroc,1986,Antiquité - Période islamique,Arabe,,Rabat,Histoire diplomatique du Maroc,chunk_06,,Unknown,Abdelhadi Tazi (عبد الهادي التازي),,,,/workspaces/PHDM/ALL/ALLMD/histoire diplomatique du maroc التاريخ الدبلوماسي للمغرب من أقدم العصور الى العهد العلوي 2/_FIGURES,/workspaces/PHDM/ALL/ALLMD/histoire diplomatique du maroc التاريخ الدبلوماسي للمغرب من أقدم العصور الى العهد العلوي 2/_FIGURES/chunk_06_fig_10.png,,png,747849,d5e0b779b5803697e87a8af520e78f197d9a106ba673fadf71d836695c61756a,1277,1794,kept,2026-02-07,
269,histoire_diplomatique_du_maroc_2__chunk_06_fig_11.png,,,# histoire diplomatique du maroc التاريخ الدبلوماسي للمغرب من أقدم العصور الى العهد العلوي 2,Abdelhadi Tazi (عبد الهادي التازي),,,Antiquité - Période islamique,,Monographie (arabe),"TAZI, Abdelhadi, al-Tarikh al-Diblumassi li-l-Maghrib (Histoire diplomatique du Maroc), Tome 2",Figure extraite (OCR),histoire diplomatique du maroc التاريخ الدبلوماسي للمغرب من أقدم العصور الى العهد العلوي 2,Académie Royale du Maroc,1986,Antiquité - Période islamique,Arabe,,Rabat,Histoire diplomatique du Maroc,chunk_06,,Unknown,Abdelhadi Tazi (عبد الهادي التازي),,,,/workspaces/PHDM/ALL/ALLMD/histoire diplomatique du maroc التاريخ الدبلوماسي للمغرب من أقدم العصور الى العهد العلوي 2/_FIGURES,/workspaces/PHDM/ALL/ALLMD/histoire diplomatique du maroc التاريخ الدبلوماسي للمغرب من أقدم العصور الى العهد العلوي 2/_FIGURES/chunk_06_fig_11.png,,png,13815,bdb506acdaed11877f260f8b8f48471cb324231c719b107c06aaa6819b952f39,128,144,kept,2026-02-07,
270,histoire_diplomatique_du_maroc_2__chunk_06_fig_12.png,,,# histoire diplomatique du maroc التاريخ الدبلوماسي للمغرب من أقدم العصور الى العهد العلوي 2,Abdelhadi Tazi (عبد الهادي التازي),,,Antiquité - Période islamique,,Monographie (arabe),"TAZI, Abdelhadi, al-Tarikh al-Diblumassi li-l-Maghrib (Histoire diplomatique du Maroc), Tome 2",Figure extraite (OCR),histoire diplomatique du maroc التاريخ الدبلوماسي للمغرب من أقدم العصور الى العهد العلوي 2,Académie Royale du Maroc,1986,Antiquité - Période islamique,Arabe,,Rabat,Histoire diplomatique du Maroc,chunk_06,,Unknown,Abdelhadi Tazi (عبد الهادي التازي),,,,/workspaces/PHDM/ALL/ALLMD/histoire diplomatique du maroc التاريخ الدبلوماسي للمغرب من أقدم العصور الى العهد العلوي 2/_FIGURES,/workspaces/PHDM/ALL/ALLMD/histoire diplomatique du maroc التاريخ الدبلوماسي للمغرب من أقدم العصور الى العهد العلوي 2/_FIGURES/chunk_06_fig_12.png,,png,295190,7370daee47071e95ead4df8a79ff83f50dbff6b0f347fa629001d8158eddb31c,1141,828,kept,2026-02-07,
271,histoire_diplomatique_du_maroc_2__chunk_06_fig_13.png,,,# histoire diplomatique du maroc التاريخ الدبلوماسي للمغرب من أقدم العصور الى العهد العلوي 2,Abdelhadi Tazi (عبد الهادي التازي),,,Antiquité - Période islamique,,Monographie (arabe),"TAZI, Abdelhadi, al-Tarikh al-Diblumassi li-l-Maghrib (Histoire diplomatique du Maroc), Tome 2",Figure extraite (OCR),histoire diplomatique du maroc التاريخ الدبلوماسي للمغرب من أقدم العصور الى العهد العلوي 2,Académie Royale du Maroc,1986,Antiquité - Période islamique,Arabe,,Rabat,Histoire diplomatique du Maroc,chunk_06,,Unknown,Abdelhadi Tazi (عبد الهادي التازي),,,,/workspaces/PHDM/ALL/ALLMD/histoire diplomatique du maroc التاريخ الدبلوماسي للمغرب من أقدم العصور الى العهد العلوي 2/_FIGURES,/workspaces/PHDM/ALL/ALLMD/histoire diplomatique du maroc التاريخ الدبلوماسي للمغرب من أقدم العصور الى العهد العلوي 2/_FIGURES/chunk_06_fig_13.png,,png,3889016,f0bad7dd4683fe4e8fcab4d84a3c01faf1092e374f8dc0b6fee9e59656c79eb0,1383,1905,kept,2026-02-07,
272,histoire_diplomatique_du_maroc_2__chunk_06_fig_14.png,,,# histoire diplomatique du maroc التاريخ الدبلوماسي للمغرب من أقدم العصور الى العهد العلوي 2,Abdelhadi Tazi (عبد الهادي التازي),,,Antiquité - Période islamique,,Monographie (arabe),"TAZI, Abdelhadi, al-Tarikh al-Diblumassi li-l-Maghrib (Histoire diplomatique du Maroc), Tome 2",Figure extraite (OCR),histoire diplomatique du maroc التاريخ الدبلوماسي للمغرب من أقدم العصور الى العهد العلوي 2,Académie Royale du Maroc,1986,Antiquité - Période islamique,Arabe,,Rabat,Histoire diplomatique du Maroc,chunk_06,,Unknown,Abdelhadi Tazi (عبد الهادي التازي),,,,/workspaces/PHDM/ALL/ALLMD/histoire diplomatique du maroc التاريخ الدبلوماسي للمغرب من أقدم العصور الى العهد العلوي 2/_FIGURES,/workspaces/PHDM/ALL/ALLMD/histoire diplomatique du maroc التاريخ الدبلوماسي للمغرب من أقدم العصور الى العهد العلوي 2/_FIGURES/chunk_06_fig_14.png,,png,164153,166765996d0e96c4f319d5c6be39f7e5e8f87f1a699d60f6f9b381f0c7205426,659,984,kept,2026-02-07,
273,histoire_diplomatique_du_maroc_2__chunk_06_fig_15.png,,,# histoire diplomatique du maroc التاريخ الدبلوماسي للمغرب من أقدم العصور الى العهد العلوي 2,Abdelhadi Tazi (عبد الهادي التازي),,,Antiquité - Période islamique,,Monographie (arabe),"TAZI, Abdelhadi, al-Tarikh al-Diblumassi li-l-Maghrib (Histoire diplomatique du Maroc), Tome 2",Figure extraite (OCR),histoire diplomatique du maroc التاريخ الدبلوماسي للمغرب من أقدم العصور الى العهد العلوي 2,Académie Royale du Maroc,1986,Antiquité - Période islamique,Arabe,,Rabat,Histoire diplomatique du Maroc,chunk_06,,Unknown,Abdelhadi Tazi (عبد الهادي التازي),,,,/workspaces/PHDM/ALL/ALLMD/histoire diplomatique du maroc التاريخ الدبلوماسي للمغرب من أقدم العصور الى العهد العلوي 2/_FIGURES,/workspaces/PHDM/ALL/ALLMD/histoire diplomatique du maroc التاريخ الدبلوماسي للمغرب من أقدم العصور الى العهد العلوي 2/_FIGURES/chunk_06_fig_15.png,,png,420962,6661440f0e1d3cae461fa2b9fa71ed6834a75e59f0c58837964b21c5f5205685,1215,895,kept,2026-02-07,
274,histoire_diplomatique_du_maroc_2__chunk_06_fig_16.png,,,# histoire diplomatique du maroc التاريخ الدبلوماسي للمغرب من أقدم العصور الى العهد العلوي 2,Abdelhadi Tazi (عبد الهادي التازي),,,Antiquité - Période islamique,,Monographie (arabe),"TAZI, Abdelhadi, al-Tarikh al-Diblumassi li-l-Maghrib (Histoire diplomatique du Maroc), Tome 2",Figure extraite (OCR),histoire diplomatique du maroc التاريخ الدبلوماسي للمغرب من أقدم العصور الى العهد العلوي 2,Académie Royale du Maroc,1986,Antiquité - Période islamique,Arabe,,Rabat,Histoire diplomatique du Maroc,chunk_06,,Unknown,Abdelhadi Tazi (عبد الهادي التازي),,,,/workspaces/PHDM/ALL/ALLMD/histoire diplomatique du maroc التاريخ الدبلوماسي للمغرب من أقدم العصور الى العهد العلوي 2/_FIGURES,/workspaces/PHDM/ALL/ALLMD/histoire diplomatique du maroc التاريخ الدبلوماسي للمغرب من أقدم العصور الى العهد العلوي 2/_FIGURES/chunk_06_fig_16.png,,png,885344,b409cb5cdf1433953f523cfa55be798211e276f18ed83794e5db648db290feba,1127,1625,kept,2026-02-07,
275,histoire_diplomatique_du_maroc_2__chunk_07_fig_01.png,,,# histoire diplomatique du maroc التاريخ الدبلوماسي للمغرب من أقدم العصور الى العهد العلوي 2,Abdelhadi Tazi (عبد الهادي التازي),,,Antiquité - Période islamique,,Monographie (arabe),"TAZI, Abdelhadi, al-Tarikh al-Diblumassi li-l-Maghrib (Histoire diplomatique du Maroc), Tome 2",Figure extraite (OCR),histoire diplomatique du maroc التاريخ الدبلوماسي للمغرب من أقدم العصور الى العهد العلوي 2,Académie Royale du Maroc,1986,Antiquité - Période islamique,Arabe,,Rabat,Histoire diplomatique du Maroc,chunk_07,,Unknown,Abdelhadi Tazi (عبد الهادي التازي),,,,/workspaces/PHDM/ALL/ALLMD/histoire diplomatique du maroc التاريخ الدبلوماسي للمغرب من أقدم العصور الى العهد العلوي 2/_FIGURES,/workspaces/PHDM/ALL/ALLMD/histoire diplomatique du maroc التاريخ الدبلوماسي للمغرب من أقدم العصور الى العهد العلوي 2/_FIGURES/chunk_07_fig_01.png,,png,13080,759c03e3cdea9dfc0af62b7b372106b13997c49df97c24d18fecb6207bcd5eed,268,255,kept,2026-02-07,
276,histoire_diplomatique_du_maroc_2__chunk_07_fig_02.png,,,# histoire diplomatique du maroc التاريخ الدبلوماسي للمغرب من أقدم العصور الى العهد العلوي 2,Abdelhadi Tazi (عبد الهادي التازي),,,Antiquité - Période islamique,,Monographie (arabe),"TAZI, Abdelhadi, al-Tarikh al-Diblumassi li-l-Maghrib (Histoire diplomatique du Maroc), Tome 2",Figure extraite (OCR),histoire diplomatique du maroc التاريخ الدبلوماسي للمغرب من أقدم العصور الى العهد العلوي 2,Académie Royale du Maroc,1986,Antiquité - Période islamique,Arabe,,Rabat,Histoire diplomatique du Maroc,chunk_07,,Unknown,Abdelhadi Tazi (عبد الهادي التازي),,,,/workspaces/PHDM/ALL/ALLMD/histoire diplomatique du maroc التاريخ الدبلوماسي للمغرب من أقدم العصور الى العهد العلوي 2/_FIGURES,/workspaces/PHDM/ALL/ALLMD/histoire diplomatique du maroc التاريخ الدبلوماسي للمغرب من أقدم العصور الى العهد العلوي 2/_FIGURES/chunk_07_fig_02.png,,png,472058,8d552c4a13414b24f30870704f693a16d33ee1cadd0bdd0366b0a6ee8efafa5f,990,735,kept,2026-02-07,
278,histoire_diplomatique_du_maroc_2__chunk_07_fig_04.png,,,# histoire diplomatique du maroc التاريخ الدبلوماسي للمغرب من أقدم العصور الى العهد العلوي 2,Abdelhadi Tazi (عبد الهادي التازي),,,Antiquité - Période islamique,,Monographie (arabe),"TAZI, Abdelhadi, al-Tarikh al-Diblumassi li-l-Maghrib (Histoire diplomatique du Maroc), Tome 2",Figure extraite (OCR),histoire diplomatique du maroc التاريخ الدبلوماسي للمغرب من أقدم العصور الى العهد العلوي 2,Académie Royale du Maroc,1986,Antiquité - Période islamique,Arabe,,Rabat,Histoire diplomatique du Maroc,chunk_07,,Unknown,Abdelhadi Tazi (عبد الهادي التازي),,,,/workspaces/PHDM/ALL/ALLMD/histoire diplomatique du maroc التاريخ الدبلوماسي للمغرب من أقدم العصور الى العهد العلوي 2/_FIGURES,/workspaces/PHDM/ALL/ALLMD/histoire diplomatique du maroc التاريخ الدبلوماسي للمغرب من أقدم العصور الى العهد العلوي 2/_FIGURES/chunk_07_fig_04.png,,png,232997,0c7d5a659b33d0021434def8a8f1275ee3f4d61e23ad49a78724da9115d15be1,606,634,kept,2026-02-07,
279,histoire_diplomatique_du_maroc_6__chunk_01_fig_01.png,,,# histoire diplomatique du maroc التاريخ الدبلوماسي للمغرب من أقدم العصور الى العهد العلوي 6,Abdelhadi Tazi (عبد الهادي التازي),,,Période Saadienne - pré-Alaouite,,Monographie (arabe),"TAZI, Abdelhadi, al-Tarikh al-Diblumassi li-l-Maghrib (Histoire diplomatique du Maroc), Tome 6",Figure extraite (OCR),histoire diplomatique du maroc التاريخ الدبلوماسي للمغرب من أقدم العصور الى العهد العلوي 6,Académie Royale du Maroc,1988,Période Saadienne - pré-Alaouite,Arabe,,Rabat,Histoire diplomatique du Maroc,chunk_01,,Unknown,Abdelhadi Tazi (عبد الهادي التازي),,,,/workspaces/PHDM/ALL/ALLMD/histoire diplomatique du maroc التاريخ الدبلوماسي للمغرب من أقدم العصور الى العهد العلوي 6/_FIGURES,/workspaces/PHDM/ALL/ALLMD/histoire diplomatique du maroc التاريخ الدبلوماسي للمغرب من أقدم العصور الى العهد العلوي 6/_FIGURES/chunk_01_fig_01.png,,png,266278,e93bfb9594186f1ca79c7ee3ff15aac9d854397a3c671b60fedb514e9364e504,591,526,kept,2026-02-07,
281,histoire_diplomatique_du_maroc_6__chunk_01_fig_03.png,,,# histoire diplomatique du maroc التاريخ الدبلوماسي للمغرب من أقدم العصور الى العهد العلوي 6,Abdelhadi Tazi (عبد الهادي التازي),,,Période Saadienne - pré-Alaouite,,Monographie (arabe),"TAZI, Abdelhadi, al-Tarikh al-Diblumassi li-l-Maghrib (Histoire diplomatique du Maroc), Tome 6",Figure extraite (OCR),histoire diplomatique du maroc التاريخ الدبلوماسي للمغرب من أقدم العصور الى العهد العلوي 6,Académie Royale du Maroc,1988,Période Saadienne - pré-Alaouite,Arabe,,Rabat,Histoire diplomatique du Maroc,chunk_01,,Unknown,Abdelhadi Tazi (عبد الهادي التازي),,,,/workspaces/PHDM/ALL/ALLMD/histoire diplomatique du maroc التاريخ الدبلوماسي للمغرب من أقدم العصور الى العهد العلوي 6/_FIGURES,/workspaces/PHDM/ALL/ALLMD/histoire diplomatique du maroc التاريخ الدبلوماسي للمغرب من أقدم العصور الى العهد العلوي 6/_FIGURES/chunk_01_fig_03.png,,png,39785,9dbdd2265cc9d1f06982dc95e0b38779799b0009e73c31df6ff865d6d66e6298,558,492,kept,2026-02-07,
283,histoire_diplomatique_du_maroc_6__chunk_01_fig_05.png,,,# histoire diplomatique du maroc التاريخ الدبلوماسي للمغرب من أقدم العصور الى العهد العلوي 6,Abdelhadi Tazi (عبد الهادي التازي),,,Période Saadienne - pré-Alaouite,,Monographie (arabe),"TAZI, Abdelhadi, al-Tarikh al-Diblumassi li-l-Maghrib (Histoire diplomatique du Maroc), Tome 6",Figure extraite (OCR),histoire diplomatique du maroc التاريخ الدبلوماسي للمغرب من أقدم العصور الى العهد العلوي 6,Académie Royale du Maroc,1988,Période Saadienne - pré-Alaouite,Arabe,,Rabat,Histoire diplomatique du Maroc,chunk_01,,Unknown,Abdelhadi Tazi (عبد الهادي التازي),,,,/workspaces/PHDM/ALL/ALLMD/histoire diplomatique du maroc التاريخ الدبلوماسي للمغرب من أقدم العصور الى العهد العلوي 6/_FIGURES,/workspaces/PHDM/ALL/ALLMD/histoire diplomatique du maroc التاريخ الدبلوماسي للمغرب من أقدم العصور الى العهد العلوي 6/_FIGURES/chunk_01_fig_05.png,,png,313039,0b48d0ad7067d7a35d054f859f527066ebc20bd6793b67f0274c37e0c8d2d654,973,903,kept,2026-02-07,
285,histoire_diplomatique_du_maroc_6__chunk_01_fig_07.png,,,# histoire diplomatique du maroc التاريخ الدبلوماسي للمغرب من أقدم العصور الى العهد العلوي 6,Abdelhadi Tazi (عبد الهادي التازي),,,Période Saadienne - pré-Alaouite,,Monographie (arabe),"TAZI, Abdelhadi, al-Tarikh al-Diblumassi li-l-Maghrib (Histoire diplomatique du Maroc), Tome 6",Figure extraite (OCR),histoire diplomatique du maroc التاريخ الدبلوماسي للمغرب من أقدم العصور الى العهد العلوي 6,Académie Royale du Maroc,1988,Période Saadienne - pré-Alaouite,Arabe,,Rabat,Histoire diplomatique du Maroc,chunk_01,,Unknown,Abdelhadi Tazi (عبد الهادي التازي),,,,/workspaces/PHDM/ALL/ALLMD/histoire diplomatique du maroc التاريخ الدبلوماسي للمغرب من أقدم العصور الى العهد العلوي 6/_FIGURES,/workspaces/PHDM/ALL/ALLMD/histoire diplomatique du maroc التاريخ الدبلوماسي للمغرب من أقدم العصور الى العهد العلوي 6/_FIGURES/chunk_01_fig_07.png,,png,89212,41c4f012988db6aa4e09805e2f92669b4733979f4a01b810dc374a01886bb5de,479,336,kept,2026-02-07,
286,histoire_diplomatique_du_maroc_6__chunk_02_fig_01.png,,,# histoire diplomatique du maroc التاريخ الدبلوماسي للمغرب من أقدم العصور الى العهد العلوي 6,Abdelhadi Tazi (عبد الهادي التازي),,,Période Saadienne - pré-Alaouite,,Monographie (arabe),"TAZI, Abdelhadi, al-Tarikh al-Diblumassi li-l-Maghrib (Histoire diplomatique du Maroc), Tome 6",Figure extraite (OCR),histoire diplomatique du maroc التاريخ الدبلوماسي للمغرب من أقدم العصور الى العهد العلوي 6,Académie Royale du Maroc,1988,Période Saadienne - pré-Alaouite,Arabe,,Rabat,Histoire diplomatique du Maroc,chunk_02,,Unknown,Abdelhadi Tazi (عبد الهادي التازي),,,,/workspaces/PHDM/ALL/ALLMD/histoire diplomatique du maroc التاريخ الدبلوماسي للمغرب من أقدم العصور الى العهد العلوي 6/_FIGURES,/workspaces/PHDM/ALL/ALLMD/histoire diplomatique du maroc التاريخ الدبلوماسي للمغرب من أقدم العصور الى العهد العلوي 6/_FIGURES/chunk_02_fig_01.png,,png,638235,835b0d3622b470c2e543944b0f1da58c85cd4b68fd113b868262f764c1505a31,1236,1048,kept,2026-02-07,
287,histoire_diplomatique_du_maroc_6__chunk_02_fig_02.png,,,# histoire diplomatique du maroc التاريخ الدبلوماسي للمغرب من أقدم العصور الى العهد العلوي 6,Abdelhadi Tazi (عبد الهادي التازي),,,Période Saadienne - pré-Alaouite,,Monographie (arabe),"TAZI, Abdelhadi, al-Tarikh al-Diblumassi li-l-Maghrib (Histoire diplomatique du Maroc), Tome 6",Figure extraite (OCR),histoire diplomatique du maroc التاريخ الدبلوماسي للمغرب من أقدم العصور الى العهد العلوي 6,Académie Royale du Maroc,1988,Période Saadienne - pré-Alaouite,Arabe,,Rabat,Histoire diplomatique du Maroc,chunk_02,,Unknown,Abdelhadi Tazi (عبد الهادي التازي),,,,/workspaces/PHDM/ALL/ALLMD/histoire diplomatique du maroc التاريخ الدبلوماسي للمغرب من أقدم العصور الى العهد العلوي 6/_FIGURES,/workspaces/PHDM/ALL/ALLMD/histoire diplomatique du maroc التاريخ الدبلوماسي للمغرب من أقدم العصور الى العهد العلوي 6/_FIGURES/chunk_02_fig_02.png,,png,35846,832deb1f4125c90804c69174e72ae7e1aa2ec7835961b6efb5c9890859b3e033,915,186,kept,2026-02-07,
291,histoire_diplomatique_du_maroc_6__chunk_04_fig_02.png,,,# histoire diplomatique du maroc التاريخ الدبلوماسي للمغرب من أقدم العصور الى العهد العلوي 6,Abdelhadi Tazi (عبد الهادي التازي),,,Période Saadienne - pré-Alaouite,,Monographie (arabe),"TAZI, Abdelhadi, al-Tarikh al-Diblumassi li-l-Maghrib (Histoire diplomatique du Maroc), Tome 6",Figure extraite (OCR),histoire diplomatique du maroc التاريخ الدبلوماسي للمغرب من أقدم العصور الى العهد العلوي 6,Académie Royale du Maroc,1988,Période Saadienne - pré-Alaouite,Arabe,,Rabat,Histoire diplomatique du Maroc,chunk_04,,Unknown,Abdelhadi Tazi (عبد الهادي التازي),,,,/workspaces/PHDM/ALL/ALLMD/histoire diplomatique du maroc التاريخ الدبلوماسي للمغرب من أقدم العصور الى العهد العلوي 6/_FIGURES,/workspaces/PHDM/ALL/ALLMD/histoire diplomatique du maroc التاريخ الدبلوماسي للمغرب من أقدم العصور الى العهد العلوي 6/_FIGURES/chunk_04_fig_02.png,,png,1757832,660b21562b351e5247283649d201500eff100e340da68d84c3190133e08b8dcc,1627,1287,kept,2026-02-07,
295,histoire_diplomatique_du_maroc_6__chunk_04_fig_06.png,,,# histoire diplomatique du maroc التاريخ الدبلوماسي للمغرب من أقدم العصور الى العهد العلوي 6,Abdelhadi Tazi (عبد الهادي التازي),,,Période Saadienne - pré-Alaouite,,Monographie (arabe),"TAZI, Abdelhadi, al-Tarikh al-Diblumassi li-l-Maghrib (Histoire diplomatique du Maroc), Tome 6",Figure extraite (OCR),histoire diplomatique du maroc التاريخ الدبلوماسي للمغرب من أقدم العصور الى العهد العلوي 6,Académie Royale du Maroc,1988,Période Saadienne - pré-Alaouite,Arabe,,Rabat,Histoire diplomatique du Maroc,chunk_04,,Unknown,Abdelhadi Tazi (عبد الهادي التازي),,,,/workspaces/PHDM/ALL/ALLMD/histoire diplomatique du maroc التاريخ الدبلوماسي للمغرب من أقدم العصور الى العهد العلوي 6/_FIGURES,/workspaces/PHDM/ALL/ALLMD/histoire diplomatique du maroc التاريخ الدبلوماسي للمغرب من أقدم العصور الى العهد العلوي 6/_FIGURES/chunk_04_fig_06.png,,png,736860,14e171a30f051a6d1f531858f5eea07d80074cd87324fb5a8105d5eb365da3f9,1190,831,kept,2026-02-07,
296,histoire_diplomatique_du_maroc_6__chunk_04_fig_07.png,,,# histoire diplomatique du maroc التاريخ الدبلوماسي للمغرب من أقدم العصور الى العهد العلوي 6,Abdelhadi Tazi (عبد الهادي التازي),,,Période Saadienne - pré-Alaouite,,Monographie (arabe),"TAZI, Abdelhadi, al-Tarikh al-Diblumassi li-l-Maghrib (Histoire diplomatique du Maroc), Tome 6",Figure extraite (OCR),histoire diplomatique du maroc التاريخ الدبلوماسي للمغرب من أقدم العصور الى العهد العلوي 6,Académie Royale du Maroc,1988,Période Saadienne - pré-Alaouite,Arabe,,Rabat,Histoire diplomatique du Maroc,chunk_04,,Unknown,Abdelhadi Tazi (عبد الهادي التازي),,,,/workspaces/PHDM/ALL/ALLMD/histoire diplomatique du maroc التاريخ الدبلوماسي للمغرب من أقدم العصور الى العهد العلوي 6/_FIGURES,/workspaces/PHDM/ALL/ALLMD/histoire diplomatique du maroc التاريخ الدبلوماسي للمغرب من أقدم العصور الى العهد العلوي 6/_FIGURES/chunk_04_fig_07.png,,png,588255,815131b6d7329fee206fd6d5c47fc25f36da99ef5c308ead05f0dda5cb1175e2,811,1052,kept,2026-02-07,
297,histoire_diplomatique_du_maroc_6__chunk_04_fig_08.png,,,# histoire diplomatique du maroc التاريخ الدبلوماسي للمغرب من أقدم العصور الى العهد العلوي 6,Abdelhadi Tazi (عبد الهادي التازي),,,Période Saadienne - pré-Alaouite,,Monographie (arabe),"TAZI, Abdelhadi, al-Tarikh al-Diblumassi li-l-Maghrib (Histoire diplomatique du Maroc), Tome 6",Figure extraite (OCR),histoire diplomatique du maroc التاريخ الدبلوماسي للمغرب من أقدم العصور الى العهد العلوي 6,Académie Royale du Maroc,1988,Période Saadienne - pré-Alaouite,Arabe,,Rabat,Histoire diplomatique du Maroc,chunk_04,,Unknown,Abdelhadi Tazi (عبد الهادي التازي),,,,/workspaces/PHDM/ALL/ALLMD/histoire diplomatique du maroc التاريخ الدبلوماسي للمغرب من أقدم العصور الى العهد العلوي 6/_FIGURES,/workspaces/PHDM/ALL/ALLMD/histoire diplomatique du maroc التاريخ الدبلوماسي للمغرب من أقدم العصور الى العهد العلوي 6/_FIGURES/chunk_04_fig_08.png,,png,438594,3f7419a1382b468c24414c8866d7186594b0c6fdb8fc9857c3b23958749f4fa7,668,849,kept,2026-02-07,
298,histoire_diplomatique_du_maroc_6__chunk_04_fig_09.png,,,# histoire diplomatique du maroc التاريخ الدبلوماسي للمغرب من أقدم العصور الى العهد العلوي 6,Abdelhadi Tazi (عبد الهادي التازي),,,Période Saadienne - pré-Alaouite,,Monographie (arabe),"TAZI, Abdelhadi, al-Tarikh al-Diblumassi li-l-Maghrib (Histoire diplomatique du Maroc), Tome 6",Figure extraite (OCR),histoire diplomatique du maroc التاريخ الدبلوماسي للمغرب من أقدم العصور الى العهد العلوي 6,Académie Royale du Maroc,1988,Période Saadienne - pré-Alaouite,Arabe,,Rabat,Histoire diplomatique du Maroc,chunk_04,,Unknown,Abdelhadi Tazi (عبد الهادي التازي),,,,/workspaces/PHDM/ALL/ALLMD/histoire diplomatique du maroc التاريخ الدبلوماسي للمغرب من أقدم العصور الى العهد العلوي 6/_FIGURES,/workspaces/PHDM/ALL/ALLMD/histoire diplomatique du maroc التاريخ الدبلوماسي للمغرب من أقدم العصور الى العهد العلوي 6/_FIGURES/chunk_04_fig_09.png,,png,163909,da98fdb6aef500dab6c4ce49cae9bcda4baa17e4cbdd91cbf188f2ebc5b0b99e,323,431,kept,2026-02-07,
299,histoire_diplomatique_du_maroc_6__chunk_04_fig_10.png,,,# histoire diplomatique du maroc التاريخ الدبلوماسي للمغرب من أقدم العصور الى العهد العلوي 6,Abdelhadi Tazi (عبد الهادي التازي),,,Période Saadienne - pré-Alaouite,,Monographie (arabe),"TAZI, Abdelhadi, al-Tarikh al-Diblumassi li-l-Maghrib (Histoire diplomatique du Maroc), Tome 6",Figure extraite (OCR),histoire diplomatique du maroc التاريخ الدبلوماسي للمغرب من أقدم العصور الى العهد العلوي 6,Académie Royale du Maroc,1988,Période Saadienne - pré-Alaouite,Arabe,,Rabat,Histoire diplomatique du Maroc,chunk_04,,Unknown,Abdelhadi Tazi (عبد الهادي التازي),,,,/workspaces/PHDM/ALL/ALLMD/histoire diplomatique du maroc التاريخ الدبلوماسي للمغرب من أقدم العصور الى العهد العلوي 6/_FIGURES,/workspaces/PHDM/ALL/ALLMD/histoire diplomatique du maroc التاريخ الدبلوماسي للمغرب من أقدم العصور الى العهد العلوي 6/_FIGURES/chunk_04_fig_10.png,,png,487817,d8f7b8bdbb95bbcee5ec2cf74c92d8f39d9cb01be9ff12fd9239d4a419fe43d6,687,802,kept,2026-02-07,
300,histoire_diplomatique_du_maroc_6__chunk_04_fig_11.png,,,# histoire diplomatique du maroc التاريخ الدبلوماسي للمغرب من أقدم العصور الى العهد العلوي 6,Abdelhadi Tazi (عبد الهادي التازي),,,Période Saadienne - pré-Alaouite,,Monographie (arabe),"TAZI, Abdelhadi, al-Tarikh al-Diblumassi li-l-Maghrib (Histoire diplomatique du Maroc), Tome 6",Figure extraite (OCR),histoire diplomatique du maroc التاريخ الدبلوماسي للمغرب من أقدم العصور الى العهد العلوي 6,Académie Royale du Maroc,1988,Période Saadienne - pré-Alaouite,Arabe,,Rabat,Histoire diplomatique du Maroc,chunk_04,,Unknown,Abdelhadi Tazi (عبد الهادي التازي),,,,/workspaces/PHDM/ALL/ALLMD/histoire diplomatique du maroc التاريخ الدبلوماسي للمغرب من أقدم العصور الى العهد العلوي 6/_FIGURES,/workspaces/PHDM/ALL/ALLMD/histoire diplomatique du maroc التاريخ الدبلوماسي للمغرب من أقدم العصور الى العهد العلوي 6/_FIGURES/chunk_04_fig_11.png,,png,275540,2b9153b1721a166c0150b4468edbd697c9f1d7b206f419543dd03238ab667597,601,820,kept,2026-02-07,
304,histoire_diplomatique_du_maroc_6__chunk_06_fig_01.png,,,# histoire diplomatique du maroc التاريخ الدبلوماسي للمغرب من أقدم العصور الى العهد العلوي 6,Abdelhadi Tazi (عبد الهادي التازي),,,Période Saadienne - pré-Alaouite,,Monographie (arabe),"TAZI, Abdelhadi, al-Tarikh al-Diblumassi li-l-Maghrib (Histoire diplomatique du Maroc), Tome 6",Figure extraite (OCR),histoire diplomatique du maroc التاريخ الدبلوماسي للمغرب من أقدم العصور الى العهد العلوي 6,Académie Royale du Maroc,1988,Période Saadienne - pré-Alaouite,Arabe,,Rabat,Histoire diplomatique du Maroc,chunk_06,,Unknown,Abdelhadi Tazi (عبد الهادي التازي),,,,/workspaces/PHDM/ALL/ALLMD/histoire diplomatique du maroc التاريخ الدبلوماسي للمغرب من أقدم العصور الى العهد العلوي 6/_FIGURES,/workspaces/PHDM/ALL/ALLMD/histoire diplomatique du maroc التاريخ الدبلوماسي للمغرب من أقدم العصور الى العهد العلوي 6/_FIGURES/chunk_06_fig_01.png,,png,1430000,a06b819c365c7120545de60829e98746817ae6c01a3e77cc4186cd5cba029bd0,1569,1859,kept,2026-02-07,
305,histoire_diplomatique_du_maroc_6__chunk_06_fig_02.png,,,# histoire diplomatique du maroc التاريخ الدبلوماسي للمغرب من أقدم العصور الى العهد العلوي 6,Abdelhadi Tazi (عبد الهادي التازي),,,Période Saadienne - pré-Alaouite,,Monographie (arabe),"TAZI, Abdelhadi, al-Tarikh al-Diblumassi li-l-Maghrib (Histoire diplomatique du Maroc), Tome 6",Figure extraite (OCR),histoire diplomatique du maroc التاريخ الدبلوماسي للمغرب من أقدم العصور الى العهد العلوي 6,Académie Royale du Maroc,1988,Période Saadienne - pré-Alaouite,Arabe,,Rabat,Histoire diplomatique du Maroc,chunk_06,,Unknown,Abdelhadi Tazi (عبد الهادي التازي),,,,/workspaces/PHDM/ALL/ALLMD/histoire diplomatique du maroc التاريخ الدبلوماسي للمغرب من أقدم العصور الى العهد العلوي 6/_FIGURES,/workspaces/PHDM/ALL/ALLMD/histoire diplomatique du maroc التاريخ الدبلوماسي للمغرب من أقدم العصور الى العهد العلوي 6/_FIGURES/chunk_06_fig_02.png,,png,289129,b109db30d3d2ab69272a2c238c963f1865ca6c3850b6bf5487920c1187b3b4b6,1366,687,kept,2026-02-07,
307,histoire_diplomatique_du_maroc_6__chunk_06_fig_04.png,,,# histoire diplomatique du maroc التاريخ الدبلوماسي للمغرب من أقدم العصور الى العهد العلوي 6,Abdelhadi Tazi (عبد الهادي التازي),,,Période Saadienne - pré-Alaouite,,Monographie (arabe),"TAZI, Abdelhadi, al-Tarikh al-Diblumassi li-l-Maghrib (Histoire diplomatique du Maroc), Tome 6",Figure extraite (OCR),histoire diplomatique du maroc التاريخ الدبلوماسي للمغرب من أقدم العصور الى العهد العلوي 6,Académie Royale du Maroc,1988,Période Saadienne - pré-Alaouite,Arabe,,Rabat,Histoire diplomatique du Maroc,chunk_06,,Unknown,Abdelhadi Tazi (عبد الهادي التازي),,,,/workspaces/PHDM/ALL/ALLMD/histoire diplomatique du maroc التاريخ الدبلوماسي للمغرب من أقدم العصور الى العهد العلوي 6/_FIGURES,/workspaces/PHDM/ALL/ALLMD/histoire diplomatique du maroc التاريخ الدبلوماسي للمغرب من أقدم العصور الى العهد العلوي 6/_FIGURES/chunk_06_fig_04.png,,png,1624398,4d751bcb7f53ce5545c7d1d724cbdca2ec16f3320247d1109a80b152d470eb80,1408,1397,kept,2026-02-07,
308,histoire_diplomatique_du_maroc_6__chunk_06_fig_05.png,,,# histoire diplomatique du maroc التاريخ الدبلوماسي للمغرب من أقدم العصور الى العهد العلوي 6,Abdelhadi Tazi (عبد الهادي التازي),,,Période Saadienne - pré-Alaouite,,Monographie (arabe),"TAZI, Abdelhadi, al-Tarikh al-Diblumassi li-l-Maghrib (Histoire diplomatique du Maroc), Tome 6",Figure extraite (OCR),histoire diplomatique du maroc التاريخ الدبلوماسي للمغرب من أقدم العصور الى العهد العلوي 6,Académie Royale du Maroc,1988,Période Saadienne - pré-Alaouite,Arabe,,Rabat,Histoire diplomatique du Maroc,chunk_06,,Unknown,Abdelhadi Tazi (عبد الهادي التازي),,,,/workspaces/PHDM/ALL/ALLMD/histoire diplomatique du maroc التاريخ الدبلوماسي للمغرب من أقدم العصور الى العهد العلوي 6/_FIGURES,/workspaces/PHDM/ALL/ALLMD/histoire diplomatique du maroc التاريخ الدبلوماسي للمغرب من أقدم العصور الى العهد العلوي 6/_FIGURES/chunk_06_fig_05.png,,png,775107,40a54433593161f833694f1f9ab30be13e63175d34135c84d6bb9180bbab28d5,491,1479,kept,2026-02-07,
309,histoire_diplomatique_du_maroc_6__chunk_06_fig_06.png,,,# histoire diplomatique du maroc التاريخ الدبلوماسي للمغرب من أقدم العصور الى العهد العلوي 6,Abdelhadi Tazi (عبد الهادي التازي),,,Période Saadienne - pré-Alaouite,,Monographie (arabe),"TAZI, Abdelhadi, al-Tarikh al-Diblumassi li-l-Maghrib (Histoire diplomatique du Maroc), Tome 6",Figure extraite (OCR),histoire diplomatique du maroc التاريخ الدبلوماسي للمغرب من أقدم العصور الى العهد العلوي 6,Académie Royale du Maroc,1988,Période Saadienne - pré-Alaouite,Arabe,,Rabat,Histoire diplomatique du Maroc,chunk_06,,Unknown,Abdelhadi Tazi (عبد الهادي التازي),,,,/workspaces/PHDM/ALL/ALLMD/histoire diplomatique du maroc التاريخ الدبلوماسي للمغرب من أقدم العصور الى العهد العلوي 6/_FIGURES,/workspaces/PHDM/ALL/ALLMD/histoire diplomatique du maroc التاريخ الدبلوماسي للمغرب من أقدم العصور الى العهد العلوي 6/_FIGURES/chunk_06_fig_06.png,,png,2963448,a6edb85d7622018ed38af9e397c23bc5a8739903a417965d6a68c6db818875da,1492,1747,kept,2026-02-07,
310,histoire_diplomatique_du_maroc_6__chunk_06_fig_07.png,,,# histoire diplomatique du maroc التاريخ الدبلوماسي للمغرب من أقدم العصور الى العهد العلوي 6,Abdelhadi Tazi (عبد الهادي التازي),,,Période Saadienne - pré-Alaouite,,Monographie (arabe),"TAZI, Abdelhadi, al-Tarikh al-Diblumassi li-l-Maghrib (Histoire diplomatique du Maroc), Tome 6",Figure extraite (OCR),histoire diplomatique du maroc التاريخ الدبلوماسي للمغرب من أقدم العصور الى العهد العلوي 6,Académie Royale du Maroc,1988,Période Saadienne - pré-Alaouite,Arabe,,Rabat,Histoire diplomatique du Maroc,chunk_06,,Unknown,Abdelhadi Tazi (عبد الهادي التازي),,,,/workspaces/PHDM/ALL/ALLMD/histoire diplomatique du maroc التاريخ الدبلوماسي للمغرب من أقدم العصور الى العهد العلوي 6/_FIGURES,/workspaces/PHDM/ALL/ALLMD/histoire diplomatique du maroc التاريخ الدبلوماسي للمغرب من أقدم العصور الى العهد العلوي 6/_FIGURES/chunk_06_fig_07.png,,png,309784,26164486b460f07c9d4a66b4f579060ec957ed14bdc1b347e3b63b96162b2a84,818,742,kept,2026-02-07,
311,histoire_diplomatique_du_maroc_6__chunk_07_fig_01.png,,,# histoire diplomatique du maroc التاريخ الدبلوماسي للمغرب من أقدم العصور الى العهد العلوي 6,Abdelhadi Tazi (عبد الهادي التازي),,,Période Saadienne - pré-Alaouite,,Monographie (arabe),"TAZI, Abdelhadi, al-Tarikh al-Diblumassi li-l-Maghrib (Histoire diplomatique du Maroc), Tome 6",Figure extraite (OCR),histoire diplomatique du maroc التاريخ الدبلوماسي للمغرب من أقدم العصور الى العهد العلوي 6,Académie Royale du Maroc,1988,Période Saadienne - pré-Alaouite,Arabe,,Rabat,Histoire diplomatique du Maroc,chunk_07,,Unknown,Abdelhadi Tazi (عبد الهادي التازي),,,,/workspaces/PHDM/ALL/ALLMD/histoire diplomatique du maroc التاريخ الدبلوماسي للمغرب من أقدم العصور الى العهد العلوي 6/_FIGURES,/workspaces/PHDM/ALL/ALLMD/histoire diplomatique du maroc التاريخ الدبلوماسي للمغرب من أقدم العصور الى العهد العلوي 6/_FIGURES/chunk_07_fig_01.png,,png,596456,34992cf6eca6e43c78712f6a909beaa3c3fec80b06e2a2da1777fbc54e58f20a,903,815,kept,2026-02-07,
312,histoire_diplomatique_du_maroc_6__chunk_07_fig_02.png,,,# histoire diplomatique du maroc التاريخ الدبلوماسي للمغرب من أقدم العصور الى العهد العلوي 6,Abdelhadi Tazi (عبد الهادي التازي),,,Période Saadienne - pré-Alaouite,,Monographie (arabe),"TAZI, Abdelhadi, al-Tarikh al-Diblumassi li-l-Maghrib (Histoire diplomatique du Maroc), Tome 6",Figure extraite (OCR),histoire diplomatique du maroc التاريخ الدبلوماسي للمغرب من أقدم العصور الى العهد العلوي 6,Académie Royale du Maroc,1988,Période Saadienne - pré-Alaouite,Arabe,,Rabat,Histoire diplomatique du Maroc,chunk_07,,Unknown,Abdelhadi Tazi (عبد الهادي التازي),,,,/workspaces/PHDM/ALL/ALLMD/histoire diplomatique du maroc التاريخ الدبلوماسي للمغرب من أقدم العصور الى العهد العلوي 6/_FIGURES,/workspaces/PHDM/ALL/ALLMD/histoire diplomatique du maroc التاريخ الدبلوماسي للمغرب من أقدم العصور الى العهد العلوي 6/_FIGURES/chunk_07_fig_02.png,,png,792618,7288f8408ecd080525c0c43adfc1a052b72aed1b647710f100b0c74cde302540,1203,751,kept,2026-02-07,
313,histoire_diplomatique_du_maroc_6__chunk_07_fig_03.png,,,# histoire diplomatique du maroc التاريخ الدبلوماسي للمغرب من أقدم العصور الى العهد العلوي 6,Abdelhadi Tazi (عبد الهادي التازي),,,Période Saadienne - pré-Alaouite,,Monographie (arabe),"TAZI, Abdelhadi, al-Tarikh al-Diblumassi li-l-Maghrib (Histoire diplomatique du Maroc), Tome 6",Figure extraite (OCR),histoire diplomatique du maroc التاريخ الدبلوماسي للمغرب من أقدم العصور الى العهد العلوي 6,Académie Royale du Maroc,1988,Période Saadienne - pré-Alaouite,Arabe,,Rabat,Histoire diplomatique du Maroc,chunk_07,,Unknown,Abdelhadi Tazi (عبد الهادي التازي),,,,/workspaces/PHDM/ALL/ALLMD/histoire diplomatique du maroc التاريخ الدبلوماسي للمغرب من أقدم العصور الى العهد العلوي 6/_FIGURES,/workspaces/PHDM/ALL/ALLMD/histoire diplomatique du maroc التاريخ الدبلوماسي للمغرب من أقدم العصور الى العهد العلوي 6/_FIGURES/chunk_07_fig_03.png,,png,833281,9f2570e640a964aa684608d2c2bf7c2ac64ad80739564d5d206d3ffef5877207,1176,737,kept,2026-02-07,
314,histoire_diplomatique_du_maroc_6__chunk_07_fig_04.png,,,# histoire diplomatique du maroc التاريخ الدبلوماسي للمغرب من أقدم العصور الى العهد العلوي 6,Abdelhadi Tazi (عبد الهادي التازي),,,Période Saadienne - pré-Alaouite,,Monographie (arabe),"TAZI, Abdelhadi, al-Tarikh al-Diblumassi li-l-Maghrib (Histoire diplomatique du Maroc), Tome 6",Figure extraite (OCR),histoire diplomatique du maroc التاريخ الدبلوماسي للمغرب من أقدم العصور الى العهد العلوي 6,Académie Royale du Maroc,1988,Période Saadienne - pré-Alaouite,Arabe,,Rabat,Histoire diplomatique du Maroc,chunk_07,,Unknown,Abdelhadi Tazi (عبد الهادي التازي),,,,/workspaces/PHDM/ALL/ALLMD/histoire diplomatique du maroc التاريخ الدبلوماسي للمغرب من أقدم العصور الى العهد العلوي 6/_FIGURES,/workspaces/PHDM/ALL/ALLMD/histoire diplomatique du maroc التاريخ الدبلوماسي للمغرب من أقدم العصور الى العهد العلوي 6/_FIGURES/chunk_07_fig_04.png,,png,408323,8e478853fb13a71398c6482d42f7bce0e54c0a2cd7e514e06d85052e506332f2,1122,440,kept,2026-02-07,
315,histoire_diplomatique_du_maroc_6__chunk_07_fig_05.png,,,# histoire diplomatique du maroc التاريخ الدبلوماسي للمغرب من أقدم العصور الى العهد العلوي 6,Abdelhadi Tazi (عبد الهادي التازي),,,Période Saadienne - pré-Alaouite,,Monographie (arabe),"TAZI, Abdelhadi, al-Tarikh al-Diblumassi li-l-Maghrib (Histoire diplomatique du Maroc), Tome 6",Figure extraite (OCR),histoire diplomatique du maroc التاريخ الدبلوماسي للمغرب من أقدم العصور الى العهد العلوي 6,Académie Royale du Maroc,1988,Période Saadienne - pré-Alaouite,Arabe,,Rabat,Histoire diplomatique du Maroc,chunk_07,,Unknown,Abdelhadi Tazi (عبد الهادي التازي),,,,/workspaces/PHDM/ALL/ALLMD/histoire diplomatique du maroc التاريخ الدبلوماسي للمغرب من أقدم العصور الى العهد العلوي 6/_FIGURES,/workspaces/PHDM/ALL/ALLMD/histoire diplomatique du maroc التاريخ الدبلوماسي للمغرب من أقدم العصور الى العهد العلوي 6/_FIGURES/chunk_07_fig_05.png,,png,1241980,a7ab8c755690430adadffbcebf0f890acf6e21ffce5558f17d8b9a42f2dbfb32,1339,1443,kept,2026-02-07,
316,histoire_diplomatique_du_maroc_6__chunk_07_fig_06.png,,,# histoire diplomatique du maroc التاريخ الدبلوماسي للمغرب من أقدم العصور الى العهد العلوي 6,Abdelhadi Tazi (عبد الهادي التازي),,,Période Saadienne - pré-Alaouite,,Monographie (arabe),"TAZI, Abdelhadi, al-Tarikh al-Diblumassi li-l-Maghrib (Histoire diplomatique du Maroc), Tome 6",Figure extraite (OCR),histoire diplomatique du maroc التاريخ الدبلوماسي للمغرب من أقدم العصور الى العهد العلوي 6,Académie Royale du Maroc,1988,Période Saadienne - pré-Alaouite,Arabe,,Rabat,Histoire diplomatique du Maroc,chunk_07,,Unknown,Abdelhadi Tazi (عبد الهادي التازي),,,,/workspaces/PHDM/ALL/ALLMD/histoire diplomatique du maroc التاريخ الدبلوماسي للمغرب من أقدم العصور الى العهد العلوي 6/_FIGURES,/workspaces/PHDM/ALL/ALLMD/histoire diplomatique du maroc التاريخ الدبلوماسي للمغرب من أقدم العصور الى العهد العلوي 6/_FIGURES/chunk_07_fig_06.png,,png,446696,140d7c8a37efd683e47d9864fd68482b53519821b9540c5def4c005688c0cbcf,743,1060,kept,2026-02-07,
317,histoire_diplomatique_du_maroc_6__chunk_07_fig_07.png,,,# histoire diplomatique du maroc التاريخ الدبلوماسي للمغرب من أقدم العصور الى العهد العلوي 6,Abdelhadi Tazi (عبد الهادي التازي),,,Période Saadienne - pré-Alaouite,,Monographie (arabe),"TAZI, Abdelhadi, al-Tarikh al-Diblumassi li-l-Maghrib (Histoire diplomatique du Maroc), Tome 6",Figure extraite (OCR),histoire diplomatique du maroc التاريخ الدبلوماسي للمغرب من أقدم العصور الى العهد العلوي 6,Académie Royale du Maroc,1988,Période Saadienne - pré-Alaouite,Arabe,,Rabat,Histoire diplomatique du Maroc,chunk_07,,Unknown,Abdelhadi Tazi (عبد الهادي التازي),,,,/workspaces/PHDM/ALL/ALLMD/histoire diplomatique du maroc التاريخ الدبلوماسي للمغرب من أقدم العصور الى العهد العلوي 6/_FIGURES,/workspaces/PHDM/ALL/ALLMD/histoire diplomatique du maroc التاريخ الدبلوماسي للمغرب من أقدم العصور الى العهد العلوي 6/_FIGURES/chunk_07_fig_07.png,,png,679271,dbecc4fe1636d47a7ab67424d74a7c9f2e204191339e0e953942a32d41cda865,1057,692,kept,2026-02-07,
318,histoire_diplomatique_du_maroc_6__chunk_07_fig_08.png,,,# histoire diplomatique du maroc التاريخ الدبلوماسي للمغرب من أقدم العصور الى العهد العلوي 6,Abdelhadi Tazi (عبد الهادي التازي),,,Période Saadienne - pré-Alaouite,,Monographie (arabe),"TAZI, Abdelhadi, al-Tarikh al-Diblumassi li-l-Maghrib (Histoire diplomatique du Maroc), Tome 6",Figure extraite (OCR),histoire diplomatique du maroc التاريخ الدبلوماسي للمغرب من أقدم العصور الى العهد العلوي 6,Académie Royale du Maroc,1988,Période Saadienne - pré-Alaouite,Arabe,,Rabat,Histoire diplomatique du Maroc,chunk_07,,Unknown,Abdelhadi Tazi (عبد الهادي التازي),,,,/workspaces/PHDM/ALL/ALLMD/histoire diplomatique du maroc التاريخ الدبلوماسي للمغرب من أقدم العصور الى العهد العلوي 6/_FIGURES,/workspaces/PHDM/ALL/ALLMD/histoire diplomatique du maroc التاريخ الدبلوماسي للمغرب من أقدم العصور الى العهد العلوي 6/_FIGURES/chunk_07_fig_08.png,,png,2490081,5c3633238255539169bea93945417886a5430f9bd253433f5199c19fead3709e,1382,1861,kept,2026-02-07,
319,histoire_diplomatique_du_maroc_6__chunk_07_fig_09.png,,,# histoire diplomatique du maroc التاريخ الدبلوماسي للمغرب من أقدم العصور الى العهد العلوي 6,Abdelhadi Tazi (عبد الهادي التازي),,,Période Saadienne - pré-Alaouite,,Monographie (arabe),"TAZI, Abdelhadi, al-Tarikh al-Diblumassi li-l-Maghrib (Histoire diplomatique du Maroc), Tome 6",Figure extraite (OCR),histoire diplomatique du maroc التاريخ الدبلوماسي للمغرب من أقدم العصور الى العهد العلوي 6,Académie Royale du Maroc,1988,Période Saadienne - pré-Alaouite,Arabe,,Rabat,Histoire diplomatique du Maroc,chunk_07,,Unknown,Abdelhadi Tazi (عبد الهادي التازي),,,,/workspaces/PHDM/ALL/ALLMD/histoire diplomatique du maroc التاريخ الدبلوماسي للمغرب من أقدم العصور الى العهد العلوي 6/_FIGURES,/workspaces/PHDM/ALL/ALLMD/histoire diplomatique du maroc التاريخ الدبلوماسي للمغرب من أقدم العصور الى العهد العلوي 6/_FIGURES/chunk_07_fig_09.png,,png,1900262,803d4abfd6e7c0c4766b70a6d326207dc0922885cc9c03ea1e53ccef8962fa60,1581,2063,kept,2026-02-07,
320,histoire_diplomatique_du_maroc_6__chunk_07_fig_10.png,,,# histoire diplomatique du maroc التاريخ الدبلوماسي للمغرب من أقدم العصور الى العهد العلوي 6,Abdelhadi Tazi (عبد الهادي التازي),,,Période Saadienne - pré-Alaouite,,Monographie (arabe),"TAZI, Abdelhadi, al-Tarikh al-Diblumassi li-l-Maghrib (Histoire diplomatique du Maroc), Tome 6",Figure extraite (OCR),histoire diplomatique du maroc التاريخ الدبلوماسي للمغرب من أقدم العصور الى العهد العلوي 6,Académie Royale du Maroc,1988,Période Saadienne - pré-Alaouite,Arabe,,Rabat,Histoire diplomatique du Maroc,chunk_07,,Unknown,Abdelhadi Tazi (عبد الهادي التازي),,,,/workspaces/PHDM/ALL/ALLMD/histoire diplomatique du maroc التاريخ الدبلوماسي للمغرب من أقدم العصور الى العهد العلوي 6/_FIGURES,/workspaces/PHDM/ALL/ALLMD/histoire diplomatique du maroc التاريخ الدبلوماسي للمغرب من أقدم العصور الى العهد العلوي 6/_FIGURES/chunk_07_fig_10.png,,png,1777141,618dc3cfa04400a29209373c989d0f16b838457e337abe7566c3498b57046314,1449,1623,kept,2026-02-07,
322,histoire_diplomatique_du_maroc_6__chunk_07_fig_12.png,,,# histoire diplomatique du maroc التاريخ الدبلوماسي للمغرب من أقدم العصور الى العهد العلوي 6,Abdelhadi Tazi (عبد الهادي التازي),,,Période Saadienne - pré-Alaouite,,Monographie (arabe),"TAZI, Abdelhadi, al-Tarikh al-Diblumassi li-l-Maghrib (Histoire diplomatique du Maroc), Tome 6",Figure extraite (OCR),histoire diplomatique du maroc التاريخ الدبلوماسي للمغرب من أقدم العصور الى العهد العلوي 6,Académie Royale du Maroc,1988,Période Saadienne - pré-Alaouite,Arabe,,Rabat,Histoire diplomatique du Maroc,chunk_07,,Unknown,Abdelhadi Tazi (عبد الهادي التازي),,,,/workspaces/PHDM/ALL/ALLMD/histoire diplomatique du maroc التاريخ الدبلوماسي للمغرب من أقدم العصور الى العهد العلوي 6/_FIGURES,/workspaces/PHDM/ALL/ALLMD/histoire diplomatique du maroc التاريخ الدبلوماسي للمغرب من أقدم العصور الى العهد العلوي 6/_FIGURES/chunk_07_fig_12.png,,png,1667685,69a3c98b5e82c5c5bcb06f3c79b7d818ced040d1015c9a8c4d44b30aa6595767,1473,1942,kept,2026-02-07,
323,histoire_diplomatique_du_maroc_6__chunk_08_fig_01.png,,,# histoire diplomatique du maroc التاريخ الدبلوماسي للمغرب من أقدم العصور الى العهد العلوي 6,Abdelhadi Tazi (عبد الهادي التازي),,,Période Saadienne - pré-Alaouite,,Monographie (arabe),"TAZI, Abdelhadi, al-Tarikh al-Diblumassi li-l-Maghrib (Histoire diplomatique du Maroc), Tome 6",Figure extraite (OCR),histoire diplomatique du maroc التاريخ الدبلوماسي للمغرب من أقدم العصور الى العهد العلوي 6,Académie Royale du Maroc,1988,Période Saadienne - pré-Alaouite,Arabe,,Rabat,Histoire diplomatique du Maroc,chunk_08,,Unknown,Abdelhadi Tazi (عبد الهادي التازي),,,,/workspaces/PHDM/ALL/ALLMD/histoire diplomatique du maroc التاريخ الدبلوماسي للمغرب من أقدم العصور الى العهد العلوي 6/_FIGURES,/workspaces/PHDM/ALL/ALLMD/histoire diplomatique du maroc التاريخ الدبلوماسي للمغرب من أقدم العصور الى العهد العلوي 6/_FIGURES/chunk_08_fig_01.png,,png,693788,301e6bc3777ae7d4d5ca1b7452895d77afb16eac86c95bce902b69a9f40c71ab,1498,1048,kept,2026-02-07,
325,histoire_diplomatique_du_maroc_6__chunk_09_fig_01.png,,,# histoire diplomatique du maroc التاريخ الدبلوماسي للمغرب من أقدم العصور الى العهد العلوي 6,Abdelhadi Tazi (عبد الهادي التازي),,,Période Saadienne - pré-Alaouite,,Monographie (arabe),"TAZI, Abdelhadi, al-Tarikh al-Diblumassi li-l-Maghrib (Histoire diplomatique du Maroc), Tome 6",Figure extraite (OCR),histoire diplomatique du maroc التاريخ الدبلوماسي للمغرب من أقدم العصور الى العهد العلوي 6,Académie Royale du Maroc,1988,Période Saadienne - pré-Alaouite,Arabe,,Rabat,Histoire diplomatique du Maroc,chunk_09,,Unknown,Abdelhadi Tazi (عبد الهادي التازي),,,,/workspaces/PHDM/ALL/ALLMD/histoire diplomatique du maroc التاريخ الدبلوماسي للمغرب من أقدم العصور الى العهد العلوي 6/_FIGURES,/workspaces/PHDM/ALL/ALLMD/histoire diplomatique du maroc التاريخ الدبلوماسي للمغرب من أقدم العصور الى العهد العلوي 6/_FIGURES/chunk_09_fig_01.png,,png,2425650,46607b89902e105bd1a0f979534de9032a7f3773750edfad3b57f61df698b888,1351,1827,kept,2026-02-07,
326,histoire_diplomatique_du_maroc_6__chunk_09_fig_02.png,,,# histoire diplomatique du maroc التاريخ الدبلوماسي للمغرب من أقدم العصور الى العهد العلوي 6,Abdelhadi Tazi (عبد الهادي التازي),,,Période Saadienne - pré-Alaouite,,Monographie (arabe),"TAZI, Abdelhadi, al-Tarikh al-Diblumassi li-l-Maghrib (Histoire diplomatique du Maroc), Tome 6",Figure extraite (OCR),histoire diplomatique du maroc التاريخ الدبلوماسي للمغرب من أقدم العصور الى العهد العلوي 6,Académie Royale du Maroc,1988,Période Saadienne - pré-Alaouite,Arabe,,Rabat,Histoire diplomatique du Maroc,chunk_09,,Unknown,Abdelhadi Tazi (عبد الهادي التازي),,,,/workspaces/PHDM/ALL/ALLMD/histoire diplomatique du maroc التاريخ الدبلوماسي للمغرب من أقدم العصور الى العهد العلوي 6/_FIGURES,/workspaces/PHDM/ALL/ALLMD/histoire diplomatique du maroc التاريخ الدبلوماسي للمغرب من أقدم العصور الى العهد العلوي 6/_FIGURES/chunk_09_fig_02.png,,png,3177254,f12a7392a544b968c3673b81defb7513a210e0eed56952f3d0f53092351b2132,1252,1828,kept,2026-02-07,
327,histoire_diplomatique_du_maroc_6__chunk_09_fig_03.png,,,# histoire diplomatique du maroc التاريخ الدبلوماسي للمغرب من أقدم العصور الى العهد العلوي 6,Abdelhadi Tazi (عبد الهادي التازي),,,Période Saadienne - pré-Alaouite,,Monographie (arabe),"TAZI, Abdelhadi, al-Tarikh al-Diblumassi li-l-Maghrib (Histoire diplomatique du Maroc), Tome 6",Figure extraite (OCR),histoire diplomatique du maroc التاريخ الدبلوماسي للمغرب من أقدم العصور الى العهد العلوي 6,Académie Royale du Maroc,1988,Période Saadienne - pré-Alaouite,Arabe,,Rabat,Histoire diplomatique du Maroc,chunk_09,,Unknown,Abdelhadi Tazi (عبد الهادي التازي),,,,/workspaces/PHDM/ALL/ALLMD/histoire diplomatique du maroc التاريخ الدبلوماسي للمغرب من أقدم العصور الى العهد العلوي 6/_FIGURES,/workspaces/PHDM/ALL/ALLMD/histoire diplomatique du maroc التاريخ الدبلوماسي للمغرب من أقدم العصور الى العهد العلوي 6/_FIGURES/chunk_09_fig_03.png,,png,327182,1703309e9878215e494d61a681543cf64f5c82b3d9059316921e240dc1780df2,766,788,kept,2026-02-07,
328,histoire_diplomatique_du_maroc_6__chunk_09_fig_04.png,,,# histoire diplomatique du maroc التاريخ الدبلوماسي للمغرب من أقدم العصور الى العهد العلوي 6,Abdelhadi Tazi (عبد الهادي التازي),,,Période Saadienne - pré-Alaouite,,Monographie (arabe),"TAZI, Abdelhadi, al-Tarikh al-Diblumassi li-l-Maghrib (Histoire diplomatique du Maroc), Tome 6",Figure extraite (OCR),histoire diplomatique du maroc التاريخ الدبلوماسي للمغرب من أقدم العصور الى العهد العلوي 6,Académie Royale du Maroc,1988,Période Saadienne - pré-Alaouite,Arabe,,Rabat,Histoire diplomatique du Maroc,chunk_09,,Unknown,Abdelhadi Tazi (عبد الهادي التازي),,,,/workspaces/PHDM/ALL/ALLMD/histoire diplomatique du maroc التاريخ الدبلوماسي للمغرب من أقدم العصور الى العهد العلوي 6/_FIGURES,/workspaces/PHDM/ALL/ALLMD/histoire diplomatique du maroc التاريخ الدبلوماسي للمغرب من أقدم العصور الى العهد العلوي 6/_FIGURES/chunk_09_fig_04.png,,png,371426,d746c329f638ed118d80615fdae8813859a53c29fac349721f4ed3c10b1b06f1,714,778,kept,2026-02-07,
329,histoire_diplomatique_du_maroc_6__chunk_09_fig_05.png,,,# histoire diplomatique du maroc التاريخ الدبلوماسي للمغرب من أقدم العصور الى العهد العلوي 6,Abdelhadi Tazi (عبد الهادي التازي),,,Période Saadienne - pré-Alaouite,,Monographie (arabe),"TAZI, Abdelhadi, al-Tarikh al-Diblumassi li-l-Maghrib (Histoire diplomatique du Maroc), Tome 6",Figure extraite (OCR),histoire diplomatique du maroc التاريخ الدبلوماسي للمغرب من أقدم العصور الى العهد العلوي 6,Académie Royale du Maroc,1988,Période Saadienne - pré-Alaouite,Arabe,,Rabat,Histoire diplomatique du Maroc,chunk_09,,Unknown,Abdelhadi Tazi (عبد الهادي التازي),,,,/workspaces/PHDM/ALL/ALLMD/histoire diplomatique du maroc التاريخ الدبلوماسي للمغرب من أقدم العصور الى العهد العلوي 6/_FIGURES,/workspaces/PHDM/ALL/ALLMD/histoire diplomatique du maroc التاريخ الدبلوماسي للمغرب من أقدم العصور الى العهد العلوي 6/_FIGURES/chunk_09_fig_05.png,,png,421612,cf72fb3bb67faca9c4d2fc2a6f0fbaf556ee9b7271dd4a889a9aab2120a18826,780,871,kept,2026-02-07,
330,histoire_diplomatique_du_maroc_6__chunk_09_fig_06.png,,,# histoire diplomatique du maroc التاريخ الدبلوماسي للمغرب من أقدم العصور الى العهد العلوي 6,Abdelhadi Tazi (عبد الهادي التازي),,,Période Saadienne - pré-Alaouite,,Monographie (arabe),"TAZI, Abdelhadi, al-Tarikh al-Diblumassi li-l-Maghrib (Histoire diplomatique du Maroc), Tome 6",Figure extraite (OCR),histoire diplomatique du maroc التاريخ الدبلوماسي للمغرب من أقدم العصور الى العهد العلوي 6,Académie Royale du Maroc,1988,Période Saadienne - pré-Alaouite,Arabe,,Rabat,Histoire diplomatique du Maroc,chunk_09,,Unknown,Abdelhadi Tazi (عبد الهادي التازي),,,,/workspaces/PHDM/ALL/ALLMD/histoire diplomatique du maroc التاريخ الدبلوماسي للمغرب من أقدم العصور الى العهد العلوي 6/_FIGURES,/workspaces/PHDM/ALL/ALLMD/histoire diplomatique du maroc التاريخ الدبلوماسي للمغرب من أقدم العصور الى العهد العلوي 6/_FIGURES/chunk_09_fig_06.png,,png,489555,efa9ff36e8d9b4191dfeca306900dece7ded23673fa30e63b649212c935bba0c,984,316,kept,2026-02-07,
331,histoire_diplomatique_du_maroc_6__chunk_09_fig_07.png,,,# histoire diplomatique du maroc التاريخ الدبلوماسي للمغرب من أقدم العصور الى العهد العلوي 6,Abdelhadi Tazi (عبد الهادي التازي),,,Période Saadienne - pré-Alaouite,,Monographie (arabe),"TAZI, Abdelhadi, al-Tarikh al-Diblumassi li-l-Maghrib (Histoire diplomatique du Maroc), Tome 6",Figure extraite (OCR),histoire diplomatique du maroc التاريخ الدبلوماسي للمغرب من أقدم العصور الى العهد العلوي 6,Académie Royale du Maroc,1988,Période Saadienne - pré-Alaouite,Arabe,,Rabat,Histoire diplomatique du Maroc,chunk_09,,Unknown,Abdelhadi Tazi (عبد الهادي التازي),,,,/workspaces/PHDM/ALL/ALLMD/histoire diplomatique du maroc التاريخ الدبلوماسي للمغرب من أقدم العصور الى العهد العلوي 6/_FIGURES,/workspaces/PHDM/ALL/ALLMD/histoire diplomatique du maroc التاريخ الدبلوماسي للمغرب من أقدم العصور الى العهد العلوي 6/_FIGURES/chunk_09_fig_07.png,,png,132952,8edd65e7838ae69c11dc7894154aa9841d5e9f4b7f33bf1694a7a23f52212100,301,256,kept,2026-02-07,
333,histoire_diplomatique_du_maroc_6__chunk_09_fig_09.png,,,# histoire diplomatique du maroc التاريخ الدبلوماسي للمغرب من أقدم العصور الى العهد العلوي 6,Abdelhadi Tazi (عبد الهادي التازي),,,Période Saadienne - pré-Alaouite,,Monographie (arabe),"TAZI, Abdelhadi, al-Tarikh al-Diblumassi li-l-Maghrib (Histoire diplomatique du Maroc), Tome 6",Figure extraite (OCR),histoire diplomatique du maroc التاريخ الدبلوماسي للمغرب من أقدم العصور الى العهد العلوي 6,Académie Royale du Maroc,1988,Période Saadienne - pré-Alaouite,Arabe,,Rabat,Histoire diplomatique du Maroc,chunk_09,,Unknown,Abdelhadi Tazi (عبد الهادي التازي),,,,/workspaces/PHDM/ALL/ALLMD/histoire diplomatique du maroc التاريخ الدبلوماسي للمغرب من أقدم العصور الى العهد العلوي 6/_FIGURES,/workspaces/PHDM/ALL/ALLMD/histoire diplomatique du maroc التاريخ الدبلوماسي للمغرب من أقدم العصور الى العهد العلوي 6/_FIGURES/chunk_09_fig_09.png,,png,1218385,2ac4384b4adbf8933fa37ab339d90eef0286b6273a0e38ed4b3dc4f85cf72559,1165,1610,kept,2026-02-07,
334,histoire_diplomatique_du_maroc_6__chunk_09_fig_10.png,,,# histoire diplomatique du maroc التاريخ الدبلوماسي للمغرب من أقدم العصور الى العهد العلوي 6,Abdelhadi Tazi (عبد الهادي التازي),,,Période Saadienne - pré-Alaouite,,Monographie (arabe),"TAZI, Abdelhadi, al-Tarikh al-Diblumassi li-l-Maghrib (Histoire diplomatique du Maroc), Tome 6",Figure extraite (OCR),histoire diplomatique du maroc التاريخ الدبلوماسي للمغرب من أقدم العصور الى العهد العلوي 6,Académie Royale du Maroc,1988,Période Saadienne - pré-Alaouite,Arabe,,Rabat,Histoire diplomatique du Maroc,chunk_09,,Unknown,Abdelhadi Tazi (عبد الهادي التازي),,,,/workspaces/PHDM/ALL/ALLMD/histoire diplomatique du maroc التاريخ الدبلوماسي للمغرب من أقدم العصور الى العهد العلوي 6/_FIGURES,/workspaces/PHDM/ALL/ALLMD/histoire diplomatique du maroc التاريخ الدبلوماسي للمغرب من أقدم العصور الى العهد العلوي 6/_FIGURES/chunk_09_fig_10.png,,png,1631174,a4f440e61ff076fb562d71e37d6f016e1bdafdd95ac208e55b55b7d55cef61ab,1159,1563,kept,2026-02-07,
335,histoire_diplomatique_du_maroc_6__chunk_09_fig_11.png,,,# histoire diplomatique du maroc التاريخ الدبلوماسي للمغرب من أقدم العصور الى العهد العلوي 6,Abdelhadi Tazi (عبد الهادي التازي),,,Période Saadienne - pré-Alaouite,,Monographie (arabe),"TAZI, Abdelhadi, al-Tarikh al-Diblumassi li-l-Maghrib (Histoire diplomatique du Maroc), Tome 6",Figure extraite (OCR),histoire diplomatique du maroc التاريخ الدبلوماسي للمغرب من أقدم العصور الى العهد العلوي 6,Académie Royale du Maroc,1988,Période Saadienne - pré-Alaouite,Arabe,,Rabat,Histoire diplomatique du Maroc,chunk_09,,Unknown,Abdelhadi Tazi (عبد الهادي التازي),,,,/workspaces/PHDM/ALL/ALLMD/histoire diplomatique du maroc التاريخ الدبلوماسي للمغرب من أقدم العصور الى العهد العلوي 6/_FIGURES,/workspaces/PHDM/ALL/ALLMD/histoire diplomatique du maroc التاريخ الدبلوماسي للمغرب من أقدم العصور الى العهد العلوي 6/_FIGURES/chunk_09_fig_11.png,,png,23621,881349725b0c76e14fbbd1c8749c05b91b7543026572c64aba718990a0ec0499,175,172,kept,2026-02-07,
337,histoire_diplomatique_du_maroc_6__chunk_10_fig_02.png,,,# histoire diplomatique du maroc التاريخ الدبلوماسي للمغرب من أقدم العصور الى العهد العلوي 6,Abdelhadi Tazi (عبد الهادي التازي),,,Période Saadienne - pré-Alaouite,,Monographie (arabe),"TAZI, Abdelhadi, al-Tarikh al-Diblumassi li-l-Maghrib (Histoire diplomatique du Maroc), Tome 6",Figure extraite (OCR),histoire diplomatique du maroc التاريخ الدبلوماسي للمغرب من أقدم العصور الى العهد العلوي 6,Académie Royale du Maroc,1988,Période Saadienne - pré-Alaouite,Arabe,,Rabat,Histoire diplomatique du Maroc,chunk_10,,Unknown,Abdelhadi Tazi (عبد الهادي التازي),,,,/workspaces/PHDM/ALL/ALLMD/histoire diplomatique du maroc التاريخ الدبلوماسي للمغرب من أقدم العصور الى العهد العلوي 6/_FIGURES,/workspaces/PHDM/ALL/ALLMD/histoire diplomatique du maroc التاريخ الدبلوماسي للمغرب من أقدم العصور الى العهد العلوي 6/_FIGURES/chunk_10_fig_02.png,,png,702243,224bc6abacfb9383155ca9386eb09462158e4d2e05b9de7cde8b661f57637cc5,1046,1531,kept,2026-02-07,
338,histoire_diplomatique_du_maroc_6__chunk_10_fig_03.png,,,# histoire diplomatique du maroc التاريخ الدبلوماسي للمغرب من أقدم العصور الى العهد العلوي 6,Abdelhadi Tazi (عبد الهادي التازي),,,Période Saadienne - pré-Alaouite,,Monographie (arabe),"TAZI, Abdelhadi, al-Tarikh al-Diblumassi li-l-Maghrib (Histoire diplomatique du Maroc), Tome 6",Figure extraite (OCR),histoire diplomatique du maroc التاريخ الدبلوماسي للمغرب من أقدم العصور الى العهد العلوي 6,Académie Royale du Maroc,1988,Période Saadienne - pré-Alaouite,Arabe,,Rabat,Histoire diplomatique du Maroc,chunk_10,,Unknown,Abdelhadi Tazi (عبد الهادي التازي),,,,/workspaces/PHDM/ALL/ALLMD/histoire diplomatique du maroc التاريخ الدبلوماسي للمغرب من أقدم العصور الى العهد العلوي 6/_FIGURES,/workspaces/PHDM/ALL/ALLMD/histoire diplomatique du maroc التاريخ الدبلوماسي للمغرب من أقدم العصور الى العهد العلوي 6/_FIGURES/chunk_10_fig_03.png,,png,319246,e182cd27753325c4a73dc4642e3084ca01ae2095679f0d97ffd28ed200d0117f,670,365,kept,2026-02-07,
339,histoire_diplomatique_du_maroc_6__chunk_10_fig_04.png,,,# histoire diplomatique du maroc التاريخ الدبلوماسي للمغرب من أقدم العصور الى العهد العلوي 6,Abdelhadi Tazi (عبد الهادي التازي),,,Période Saadienne - pré-Alaouite,,Monographie (arabe),"TAZI, Abdelhadi, al-Tarikh al-Diblumassi li-l-Maghrib (Histoire diplomatique du Maroc), Tome 6",Figure extraite (OCR),histoire diplomatique du maroc التاريخ الدبلوماسي للمغرب من أقدم العصور الى العهد العلوي 6,Académie Royale du Maroc,1988,Période Saadienne - pré-Alaouite,Arabe,,Rabat,Histoire diplomatique du Maroc,chunk_10,,Unknown,Abdelhadi Tazi (عبد الهادي التازي),,,,/workspaces/PHDM/ALL/ALLMD/histoire diplomatique du maroc التاريخ الدبلوماسي للمغرب من أقدم العصور الى العهد العلوي 6/_FIGURES,/workspaces/PHDM/ALL/ALLMD/histoire diplomatique du maroc التاريخ الدبلوماسي للمغرب من أقدم العصور الى العهد العلوي 6/_FIGURES/chunk_10_fig_04.png,,png,2031698,bb7c7834fa88be265b67dc9a7eb1f82cefce0d0c7e35f30f407f68207b514463,1202,1681,kept,2026-02-07,
340,histoire_diplomatique_du_maroc_6__chunk_10_fig_05.png,,,# histoire diplomatique du maroc التاريخ الدبلوماسي للمغرب من أقدم العصور الى العهد العلوي 6,Abdelhadi Tazi (عبد الهادي التازي),,,Période Saadienne - pré-Alaouite,,Monographie (arabe),"TAZI, Abdelhadi, al-Tarikh al-Diblumassi li-l-Maghrib (Histoire diplomatique du Maroc), Tome 6",Figure extraite (OCR),histoire diplomatique du maroc التاريخ الدبلوماسي للمغرب من أقدم العصور الى العهد العلوي 6,Académie Royale du Maroc,1988,Période Saadienne - pré-Alaouite,Arabe,,Rabat,Histoire diplomatique du Maroc,chunk_10,,Unknown,Abdelhadi Tazi (عبد الهادي التازي),,,,/workspaces/PHDM/ALL/ALLMD/histoire diplomatique du maroc التاريخ الدبلوماسي للمغرب من أقدم العصور الى العهد العلوي 6/_FIGURES,/workspaces/PHDM/ALL/ALLMD/histoire diplomatique du maroc التاريخ الدبلوماسي للمغرب من أقدم العصور الى العهد العلوي 6/_FIGURES/chunk_10_fig_05.png,,png,1376079,51af3ccfa7576ad441ec367ddb2cb1d62a9ec982a63e5be7a54f94cf735d960f,1299,1929,kept,2026-02-07,
341,histoire_diplomatique_du_maroc_6__chunk_10_fig_06.png,,,# histoire diplomatique du maroc التاريخ الدبلوماسي للمغرب من أقدم العصور الى العهد العلوي 6,Abdelhadi Tazi (عبد الهادي التازي),,,Période Saadienne - pré-Alaouite,,Monographie (arabe),"TAZI, Abdelhadi, al-Tarikh al-Diblumassi li-l-Maghrib (Histoire diplomatique du Maroc), Tome 6",Figure extraite (OCR),histoire diplomatique du maroc التاريخ الدبلوماسي للمغرب من أقدم العصور الى العهد العلوي 6,Académie Royale du Maroc,1988,Période Saadienne - pré-Alaouite,Arabe,,Rabat,Histoire diplomatique du Maroc,chunk_10,,Unknown,Abdelhadi Tazi (عبد الهادي التازي),,,,/workspaces/PHDM/ALL/ALLMD/histoire diplomatique du maroc التاريخ الدبلوماسي للمغرب من أقدم العصور الى العهد العلوي 6/_FIGURES,/workspaces/PHDM/ALL/ALLMD/histoire diplomatique du maroc التاريخ الدبلوماسي للمغرب من أقدم العصور الى العهد العلوي 6/_FIGURES/chunk_10_fig_06.png,,png,1316079,a54813728d6de182970ea47b09b49340f337eb0e80a94e6dbb44b4140d2d3490,1621,1860,kept,2026-02-07,
342,histoire_diplomatique_du_maroc_6__chunk_10_fig_07.png,,,# histoire diplomatique du maroc التاريخ الدبلوماسي للمغرب من أقدم العصور الى العهد العلوي 6,Abdelhadi Tazi (عبد الهادي التازي),,,Période Saadienne - pré-Alaouite,,Monographie (arabe),"TAZI, Abdelhadi, al-Tarikh al-Diblumassi li-l-Maghrib (Histoire diplomatique du Maroc), Tome 6",Figure extraite (OCR),histoire diplomatique du maroc التاريخ الدبلوماسي للمغرب من أقدم العصور الى العهد العلوي 6,Académie Royale du Maroc,1988,Période Saadienne - pré-Alaouite,Arabe,,Rabat,Histoire diplomatique du Maroc,chunk_10,,Unknown,Abdelhadi Tazi (عبد الهادي التازي),,,,/workspaces/PHDM/ALL/ALLMD/histoire diplomatique du maroc التاريخ الدبلوماسي للمغرب من أقدم العصور الى العهد العلوي 6/_FIGURES,/workspaces/PHDM/ALL/ALLMD/histoire diplomatique du maroc التاريخ الدبلوماسي للمغرب من أقدم العصور الى العهد العلوي 6/_FIGURES/chunk_10_fig_07.png,,png,233857,85f2f7f19e8bc4b4d544c177be68662c9589f1904e21cbdb844e2b740767ddf5,620,754,kept,2026-02-07,
344,histoire_diplomatique_du_maroc_6__chunk_11_fig_02.png,,,# histoire diplomatique du maroc التاريخ الدبلوماسي للمغرب من أقدم العصور الى العهد العلوي 6,Abdelhadi Tazi (عبد الهادي التازي),,,Période Saadienne - pré-Alaouite,,Monographie (arabe),"TAZI, Abdelhadi, al-Tarikh al-Diblumassi li-l-Maghrib (Histoire diplomatique du Maroc), Tome 6",Figure extraite (OCR),histoire diplomatique du maroc التاريخ الدبلوماسي للمغرب من أقدم العصور الى العهد العلوي 6,Académie Royale du Maroc,1988,Période Saadienne - pré-Alaouite,Arabe,,Rabat,Histoire diplomatique du Maroc,chunk_11,,Unknown,Abdelhadi Tazi (عبد الهادي التازي),,,,/workspaces/PHDM/ALL/ALLMD/histoire diplomatique du maroc التاريخ الدبلوماسي للمغرب من أقدم العصور الى العهد العلوي 6/_FIGURES,/workspaces/PHDM/ALL/ALLMD/histoire diplomatique du maroc التاريخ الدبلوماسي للمغرب من أقدم العصور الى العهد العلوي 6/_FIGURES/chunk_11_fig_02.png,,png,1190124,795ec4ee020c4a072c2dbd462b0e0ada694ec825a346c149b7b5c73eea4b674e,1136,1168,kept,2026-02-07,
345,histoire_diplomatique_du_maroc_6__chunk_11_fig_03.png,,,# histoire diplomatique du maroc التاريخ الدبلوماسي للمغرب من أقدم العصور الى العهد العلوي 6,Abdelhadi Tazi (عبد الهادي التازي),,,Période Saadienne - pré-Alaouite,,Monographie (arabe),"TAZI, Abdelhadi, al-Tarikh al-Diblumassi li-l-Maghrib (Histoire diplomatique du Maroc), Tome 6",Figure extraite (OCR),histoire diplomatique du maroc التاريخ الدبلوماسي للمغرب من أقدم العصور الى العهد العلوي 6,Académie Royale du Maroc,1988,Période Saadienne - pré-Alaouite,Arabe,,Rabat,Histoire diplomatique du Maroc,chunk_11,,Unknown,Abdelhadi Tazi (عبد الهادي التازي),,,,/workspaces/PHDM/ALL/ALLMD/histoire diplomatique du maroc التاريخ الدبلوماسي للمغرب من أقدم العصور الى العهد العلوي 6/_FIGURES,/workspaces/PHDM/ALL/ALLMD/histoire diplomatique du maroc التاريخ الدبلوماسي للمغرب من أقدم العصور الى العهد العلوي 6/_FIGURES/chunk_11_fig_03.png,,png,41479,218bf70fd3350820d97d2cab4375b29685c97c97520202d48e621edbe2bae6ff,253,227,kept,2026-02-07,
346,histoire_diplomatique_du_maroc_6__chunk_12_fig_01.png,,,# histoire diplomatique du maroc التاريخ الدبلوماسي للمغرب من أقدم العصور الى العهد العلوي 6,Abdelhadi Tazi (عبد الهادي التازي),,,Période Saadienne - pré-Alaouite,,Monographie (arabe),"TAZI, Abdelhadi, al-Tarikh al-Diblumassi li-l-Maghrib (Histoire diplomatique du Maroc), Tome 6",Figure extraite (OCR),histoire diplomatique du maroc التاريخ الدبلوماسي للمغرب من أقدم العصور الى العهد العلوي 6,Académie Royale du Maroc,1988,Période Saadienne - pré-Alaouite,Arabe,,Rabat,Histoire diplomatique du Maroc,chunk_12,,Unknown,Abdelhadi Tazi (عبد الهادي التازي),,,,/workspaces/PHDM/ALL/ALLMD/histoire diplomatique du maroc التاريخ الدبلوماسي للمغرب من أقدم العصور الى العهد العلوي 6/_FIGURES,/workspaces/PHDM/ALL/ALLMD/histoire diplomatique du maroc التاريخ الدبلوماسي للمغرب من أقدم العصور الى العهد العلوي 6/_FIGURES/chunk_12_fig_01.png,,png,140470,993dbc0a08f16cde73bb04baac5e8c248badbb73b5aac159c6e93a7767df20f3,349,314,kept,2026-02-07,
348,histoire_diplomatique_du_maroc_6__chunk_12_fig_03.png,,,# histoire diplomatique du maroc التاريخ الدبلوماسي للمغرب من أقدم العصور الى العهد العلوي 6,Abdelhadi Tazi (عبد الهادي التازي),,,Période Saadienne - pré-Alaouite,,Monographie (arabe),"TAZI, Abdelhadi, al-Tarikh al-Diblumassi li-l-Maghrib (Histoire diplomatique du Maroc), Tome 6",Figure extraite (OCR),histoire diplomatique du maroc التاريخ الدبلوماسي للمغرب من أقدم العصور الى العهد العلوي 6,Académie Royale du Maroc,1988,Période Saadienne - pré-Alaouite,Arabe,,Rabat,Histoire diplomatique du Maroc,chunk_12,,Unknown,Abdelhadi Tazi (عبد الهادي التازي),,,,/workspaces/PHDM/ALL/ALLMD/histoire diplomatique du maroc التاريخ الدبلوماسي للمغرب من أقدم العصور الى العهد العلوي 6/_FIGURES,/workspaces/PHDM/ALL/ALLMD/histoire diplomatique du maroc التاريخ الدبلوماسي للمغرب من أقدم العصور الى العهد العلوي 6/_FIGURES/chunk_12_fig_03.png,,png,1266138,e4b5e7809cc9455a88c4204cd0eb11aeed6c35629639ccf37a0b17fbc1f14d09,1458,1023,kept,2026-02-07,
350,histoire_diplomatique_du_maroc_6__chunk_13_fig_01.png,,,# histoire diplomatique du maroc التاريخ الدبلوماسي للمغرب من أقدم العصور الى العهد العلوي 6,Abdelhadi Tazi (عبد الهادي التازي),,,Période Saadienne - pré-Alaouite,,Monographie (arabe),"TAZI, Abdelhadi, al-Tarikh al-Diblumassi li-l-Maghrib (Histoire diplomatique du Maroc), Tome 6",Figure extraite (OCR),histoire diplomatique du maroc التاريخ الدبلوماسي للمغرب من أقدم العصور الى العهد العلوي 6,Académie Royale du Maroc,1988,Période Saadienne - pré-Alaouite,Arabe,,Rabat,Histoire diplomatique du Maroc,chunk_13,,Unknown,Abdelhadi Tazi (عبد الهادي التازي),,,,/workspaces/PHDM/ALL/ALLMD/histoire diplomatique du maroc التاريخ الدبلوماسي للمغرب من أقدم العصور الى العهد العلوي 6/_FIGURES,/workspaces/PHDM/ALL/ALLMD/histoire diplomatique du maroc التاريخ الدبلوماسي للمغرب من أقدم العصور الى العهد العلوي 6/_FIGURES/chunk_13_fig_01.png,,png,2131255,282f1f21b6fe1795f00cca5bb8699986435a94a08efa2040fa7c4120c384064b,1553,1860,kept,2026-02-07,
351,histoire_diplomatique_du_maroc_6__chunk_13_fig_02.png,,,# histoire diplomatique du maroc التاريخ الدبلوماسي للمغرب من أقدم العصور الى العهد العلوي 6,Abdelhadi Tazi (عبد الهادي التازي),,,Période Saadienne - pré-Alaouite,,Monographie (arabe),"TAZI, Abdelhadi, al-Tarikh al-Diblumassi li-l-Maghrib (Histoire diplomatique du Maroc), Tome 6",Figure extraite (OCR),histoire diplomatique du maroc التاريخ الدبلوماسي للمغرب من أقدم العصور الى العهد العلوي 6,Académie Royale du Maroc,1988,Période Saadienne - pré-Alaouite,Arabe,,Rabat,Histoire diplomatique du Maroc,chunk_13,,Unknown,Abdelhadi Tazi (عبد الهادي التازي),,,,/workspaces/PHDM/ALL/ALLMD/histoire diplomatique du maroc التاريخ الدبلوماسي للمغرب من أقدم العصور الى العهد العلوي 6/_FIGURES,/workspaces/PHDM/ALL/ALLMD/histoire diplomatique du maroc التاريخ الدبلوماسي للمغرب من أقدم العصور الى العهد العلوي 6/_FIGURES/chunk_13_fig_02.png,,png,2874834,0cfae65b04e272907f88beb9db677e30659c1404a16a4dda7ced67a1424fcc67,1494,1871,kept,2026-02-07,
354,histoire_diplomatique_du_maroc_6__chunk_14_fig_02.png,,,# histoire diplomatique du maroc التاريخ الدبلوماسي للمغرب من أقدم العصور الى العهد العلوي 6,Abdelhadi Tazi (عبد الهادي التازي),,,Période Saadienne - pré-Alaouite,,Monographie (arabe),"TAZI, Abdelhadi, al-Tarikh al-Diblumassi li-l-Maghrib (Histoire diplomatique du Maroc), Tome 6",Figure extraite (OCR),histoire diplomatique du maroc التاريخ الدبلوماسي للمغرب من أقدم العصور الى العهد العلوي 6,Académie Royale du Maroc,1988,Période Saadienne - pré-Alaouite,Arabe,,Rabat,Histoire diplomatique du Maroc,chunk_14,,Unknown,Abdelhadi Tazi (عبد الهادي التازي),,,,/workspaces/PHDM/ALL/ALLMD/histoire diplomatique du maroc التاريخ الدبلوماسي للمغرب من أقدم العصور الى العهد العلوي 6/_FIGURES,/workspaces/PHDM/ALL/ALLMD/histoire diplomatique du maroc التاريخ الدبلوماسي للمغرب من أقدم العصور الى العهد العلوي 6/_FIGURES/chunk_14_fig_02.png,,png,357404,ad0d61d376f30f64a9e9ba2a6f23a37855715dd1a3b2bc53479c24c5824a83e9,620,585,kept,2026-02-07,
355,histoire_diplomatique_du_maroc_7__chunk_01_fig_01.png,,,# histoire diplomatique du maroc التاريخ الدبلوماسي للمغرب من أقدم العصور الى العهد العلوي 7,Abdelhadi Tazi (عبد الهادي التازي),,,Période Alaouite (XVIIe-XIXe s.),,Monographie (arabe),"TAZI, Abdelhadi, al-Tarikh al-Diblumassi li-l-Maghrib (Histoire diplomatique du Maroc), Tome 7",Figure extraite (OCR),histoire diplomatique du maroc التاريخ الدبلوماسي للمغرب من أقدم العصور الى العهد العلوي 7,Académie Royale du Maroc,1989,Période Alaouite (XVIIe-XIXe s.),Arabe,,Rabat,Histoire diplomatique du Maroc,chunk_01,,Unknown,Abdelhadi Tazi (عبد الهادي التازي),,,,/workspaces/PHDM/ALL/ALLMD/histoire diplomatique du maroc التاريخ الدبلوماسي للمغرب من أقدم العصور الى العهد العلوي 7/_FIGURES,/workspaces/PHDM/ALL/ALLMD/histoire diplomatique du maroc التاريخ الدبلوماسي للمغرب من أقدم العصور الى العهد العلوي 7/_FIGURES/chunk_01_fig_01.png,,png,322104,ca5e4e7b3a36f7cdd202e27074596c1da8188e7c5302a5335f095f84a5e684d6,671,692,kept,2026-02-07,
357,histoire_diplomatique_du_maroc_7__chunk_01_fig_03.png,,,# histoire diplomatique du maroc التاريخ الدبلوماسي للمغرب من أقدم العصور الى العهد العلوي 7,Abdelhadi Tazi (عبد الهادي التازي),,,Période Alaouite (XVIIe-XIXe s.),,Monographie (arabe),"TAZI, Abdelhadi, al-Tarikh al-Diblumassi li-l-Maghrib (Histoire diplomatique du Maroc), Tome 7",Figure extraite (OCR),histoire diplomatique du maroc التاريخ الدبلوماسي للمغرب من أقدم العصور الى العهد العلوي 7,Académie Royale du Maroc,1989,Période Alaouite (XVIIe-XIXe s.),Arabe,,Rabat,Histoire diplomatique du Maroc,chunk_01,,Unknown,Abdelhadi Tazi (عبد الهادي التازي),,,,/workspaces/PHDM/ALL/ALLMD/histoire diplomatique du maroc التاريخ الدبلوماسي للمغرب من أقدم العصور الى العهد العلوي 7/_FIGURES,/workspaces/PHDM/ALL/ALLMD/histoire diplomatique du maroc التاريخ الدبلوماسي للمغرب من أقدم العصور الى العهد العلوي 7/_FIGURES/chunk_01_fig_03.png,,png,182267,45a110f814da429e5912d3def96f9f04d5fdd0220fb7036d4b6e0593eed6dcc6,508,510,kept,2026-02-07,
359,histoire_diplomatique_du_maroc_7__chunk_01_fig_05.png,,,# histoire diplomatique du maroc التاريخ الدبلوماسي للمغرب من أقدم العصور الى العهد العلوي 7,Abdelhadi Tazi (عبد الهادي التازي),,,Période Alaouite (XVIIe-XIXe s.),,Monographie (arabe),"TAZI, Abdelhadi, al-Tarikh al-Diblumassi li-l-Maghrib (Histoire diplomatique du Maroc), Tome 7",Figure extraite (OCR),histoire diplomatique du maroc التاريخ الدبلوماسي للمغرب من أقدم العصور الى العهد العلوي 7,Académie Royale du Maroc,1989,Période Alaouite (XVIIe-XIXe s.),Arabe,,Rabat,Histoire diplomatique du Maroc,chunk_01,,Unknown,Abdelhadi Tazi (عبد الهادي التازي),,,,/workspaces/PHDM/ALL/ALLMD/histoire diplomatique du maroc التاريخ الدبلوماسي للمغرب من أقدم العصور الى العهد العلوي 7/_FIGURES,/workspaces/PHDM/ALL/ALLMD/histoire diplomatique du maroc التاريخ الدبلوماسي للمغرب من أقدم العصور الى العهد العلوي 7/_FIGURES/chunk_01_fig_05.png,,png,261884,b52959c8dbb2004bc4f4d85693a1ad43ca983d1c35441a72aeffe19f47d1a657,1475,1043,kept,2026-02-07,
360,histoire_diplomatique_du_maroc_7__chunk_01_fig_06.png,,,# histoire diplomatique du maroc التاريخ الدبلوماسي للمغرب من أقدم العصور الى العهد العلوي 7,Abdelhadi Tazi (عبد الهادي التازي),,,Période Alaouite (XVIIe-XIXe s.),,Monographie (arabe),"TAZI, Abdelhadi, al-Tarikh al-Diblumassi li-l-Maghrib (Histoire diplomatique du Maroc), Tome 7",Figure extraite (OCR),histoire diplomatique du maroc التاريخ الدبلوماسي للمغرب من أقدم العصور الى العهد العلوي 7,Académie Royale du Maroc,1989,Période Alaouite (XVIIe-XIXe s.),Arabe,,Rabat,Histoire diplomatique du Maroc,chunk_01,,Unknown,Abdelhadi Tazi (عبد الهادي التازي),,,,/workspaces/PHDM/ALL/ALLMD/histoire diplomatique du maroc التاريخ الدبلوماسي للمغرب من أقدم العصور الى العهد العلوي 7/_FIGURES,/workspaces/PHDM/ALL/ALLMD/histoire diplomatique du maroc التاريخ الدبلوماسي للمغرب من أقدم العصور الى العهد العلوي 7/_FIGURES/chunk_01_fig_06.png,,png,68037,0219a6926d7be4ca9ff8bec8d221d08228fc0f384328977f2b48874d0d04ee2d,408,530,kept,2026-02-07,
361,histoire_diplomatique_du_maroc_7__chunk_01_fig_07.png,,,# histoire diplomatique du maroc التاريخ الدبلوماسي للمغرب من أقدم العصور الى العهد العلوي 7,Abdelhadi Tazi (عبد الهادي التازي),,,Période Alaouite (XVIIe-XIXe s.),,Monographie (arabe),"TAZI, Abdelhadi, al-Tarikh al-Diblumassi li-l-Maghrib (Histoire diplomatique du Maroc), Tome 7",Figure extraite (OCR),histoire diplomatique du maroc التاريخ الدبلوماسي للمغرب من أقدم العصور الى العهد العلوي 7,Académie Royale du Maroc,1989,Période Alaouite (XVIIe-XIXe s.),Arabe,,Rabat,Histoire diplomatique du Maroc,chunk_01,,Unknown,Abdelhadi Tazi (عبد الهادي التازي),,,,/workspaces/PHDM/ALL/ALLMD/histoire diplomatique du maroc التاريخ الدبلوماسي للمغرب من أقدم العصور الى العهد العلوي 7/_FIGURES,/workspaces/PHDM/ALL/ALLMD/histoire diplomatique du maroc التاريخ الدبلوماسي للمغرب من أقدم العصور الى العهد العلوي 7/_FIGURES/chunk_01_fig_07.png,,png,420132,d53079147dc3944616dfe19961360658ebb977d444565e00516085774986edd5,1197,834,kept,2026-02-07,
362,histoire_diplomatique_du_maroc_7__chunk_01_fig_08.png,,,# histoire diplomatique du maroc التاريخ الدبلوماسي للمغرب من أقدم العصور الى العهد العلوي 7,Abdelhadi Tazi (عبد الهادي التازي),,,Période Alaouite (XVIIe-XIXe s.),,Monographie (arabe),"TAZI, Abdelhadi, al-Tarikh al-Diblumassi li-l-Maghrib (Histoire diplomatique du Maroc), Tome 7",Figure extraite (OCR),histoire diplomatique du maroc التاريخ الدبلوماسي للمغرب من أقدم العصور الى العهد العلوي 7,Académie Royale du Maroc,1989,Période Alaouite (XVIIe-XIXe s.),Arabe,,Rabat,Histoire diplomatique du Maroc,chunk_01,,Unknown,Abdelhadi Tazi (عبد الهادي التازي),,,,/workspaces/PHDM/ALL/ALLMD/histoire diplomatique du maroc التاريخ الدبلوماسي للمغرب من أقدم العصور الى العهد العلوي 7/_FIGURES,/workspaces/PHDM/ALL/ALLMD/histoire diplomatique du maroc التاريخ الدبلوماسي للمغرب من أقدم العصور الى العهد العلوي 7/_FIGURES/chunk_01_fig_08.png,,png,793971,caefb233ba7f5f7792808ecd3b9f86764c496e5053b07a7742834d126d883147,1588,1178,kept,2026-02-07,
363,histoire_diplomatique_du_maroc_7__chunk_01_fig_09.png,,,# histoire diplomatique du maroc التاريخ الدبلوماسي للمغرب من أقدم العصور الى العهد العلوي 7,Abdelhadi Tazi (عبد الهادي التازي),,,Période Alaouite (XVIIe-XIXe s.),,Monographie (arabe),"TAZI, Abdelhadi, al-Tarikh al-Diblumassi li-l-Maghrib (Histoire diplomatique du Maroc), Tome 7",Figure extraite (OCR),histoire diplomatique du maroc التاريخ الدبلوماسي للمغرب من أقدم العصور الى العهد العلوي 7,Académie Royale du Maroc,1989,Période Alaouite (XVIIe-XIXe s.),Arabe,,Rabat,Histoire diplomatique du Maroc,chunk_01,,Unknown,Abdelhadi Tazi (عبد الهادي التازي),,,,/workspaces/PHDM/ALL/ALLMD/histoire diplomatique du maroc التاريخ الدبلوماسي للمغرب من أقدم العصور الى العهد العلوي 7/_FIGURES,/workspaces/PHDM/ALL/ALLMD/histoire diplomatique du maroc التاريخ الدبلوماسي للمغرب من أقدم العصور الى العهد العلوي 7/_FIGURES/chunk_01_fig_09.png,,png,135957,e3decbc20a1cf1969ae96c1bf53b80b058148743bcbc9337e74fa0b7d0130dba,864,531,kept,2026-02-07,
364,histoire_diplomatique_du_maroc_7__chunk_02_fig_01.png,,,# histoire diplomatique du maroc التاريخ الدبلوماسي للمغرب من أقدم العصور الى العهد العلوي 7,Abdelhadi Tazi (عبد الهادي التازي),,,Période Alaouite (XVIIe-XIXe s.),,Monographie (arabe),"TAZI, Abdelhadi, al-Tarikh al-Diblumassi li-l-Maghrib (Histoire diplomatique du Maroc), Tome 7",Figure extraite (OCR),histoire diplomatique du maroc التاريخ الدبلوماسي للمغرب من أقدم العصور الى العهد العلوي 7,Académie Royale du Maroc,1989,Période Alaouite (XVIIe-XIXe s.),Arabe,,Rabat,Histoire diplomatique du Maroc,chunk_02,,Unknown,Abdelhadi Tazi (عبد الهادي التازي),,,,/workspaces/PHDM/ALL/ALLMD/histoire diplomatique du maroc التاريخ الدبلوماسي للمغرب من أقدم العصور الى العهد العلوي 7/_FIGURES,/workspaces/PHDM/ALL/ALLMD/histoire diplomatique du maroc التاريخ الدبلوماسي للمغرب من أقدم العصور الى العهد العلوي 7/_FIGURES/chunk_02_fig_01.png,,png,48829,9d419e058d51c6851a55e4fa267b832e1e4984cdad2cfd257e8d3a250fb197dc,350,453,kept,2026-02-07,
365,histoire_diplomatique_du_maroc_7__chunk_02_fig_02.png,,,# histoire diplomatique du maroc التاريخ الدبلوماسي للمغرب من أقدم العصور الى العهد العلوي 7,Abdelhadi Tazi (عبد الهادي التازي),,,Période Alaouite (XVIIe-XIXe s.),,Monographie (arabe),"TAZI, Abdelhadi, al-Tarikh al-Diblumassi li-l-Maghrib (Histoire diplomatique du Maroc), Tome 7",Figure extraite (OCR),histoire diplomatique du maroc التاريخ الدبلوماسي للمغرب من أقدم العصور الى العهد العلوي 7,Académie Royale du Maroc,1989,Période Alaouite (XVIIe-XIXe s.),Arabe,,Rabat,Histoire diplomatique du Maroc,chunk_02,,Unknown,Abdelhadi Tazi (عبد الهادي التازي),,,,/workspaces/PHDM/ALL/ALLMD/histoire diplomatique du maroc التاريخ الدبلوماسي للمغرب من أقدم العصور الى العهد العلوي 7/_FIGURES,/workspaces/PHDM/ALL/ALLMD/histoire diplomatique du maroc التاريخ الدبلوماسي للمغرب من أقدم العصور الى العهد العلوي 7/_FIGURES/chunk_02_fig_02.png,,png,1065248,61a0e06a53cd51e1036120b75acfe14c1a29656b3d625e4b91e94a9ed590e15d,1059,1821,kept,2026-02-07,
366,histoire_diplomatique_du_maroc_7__chunk_02_fig_03.png,,,# histoire diplomatique du maroc التاريخ الدبلوماسي للمغرب من أقدم العصور الى العهد العلوي 7,Abdelhadi Tazi (عبد الهادي التازي),,,Période Alaouite (XVIIe-XIXe s.),,Monographie (arabe),"TAZI, Abdelhadi, al-Tarikh al-Diblumassi li-l-Maghrib (Histoire diplomatique du Maroc), Tome 7",Figure extraite (OCR),histoire diplomatique du maroc التاريخ الدبلوماسي للمغرب من أقدم العصور الى العهد العلوي 7,Académie Royale du Maroc,1989,Période Alaouite (XVIIe-XIXe s.),Arabe,,Rabat,Histoire diplomatique du Maroc,chunk_02,,Unknown,Abdelhadi Tazi (عبد الهادي التازي),,,,/workspaces/PHDM/ALL/ALLMD/histoire diplomatique du maroc التاريخ الدبلوماسي للمغرب من أقدم العصور الى العهد العلوي 7/_FIGURES,/workspaces/PHDM/ALL/ALLMD/histoire diplomatique du maroc التاريخ الدبلوماسي للمغرب من أقدم العصور الى العهد العلوي 7/_FIGURES/chunk_02_fig_03.png,,png,67486,1c7ba209a502e1878b33514f9628bd78104032f24f8e620848ec2d24b7b044f8,396,535,kept,2026-02-07,
367,histoire_diplomatique_du_maroc_7__chunk_03_fig_01.png,,,# histoire diplomatique du maroc التاريخ الدبلوماسي للمغرب من أقدم العصور الى العهد العلوي 7,Abdelhadi Tazi (عبد الهادي التازي),,,Période Alaouite (XVIIe-XIXe s.),,Monographie (arabe),"TAZI, Abdelhadi, al-Tarikh al-Diblumassi li-l-Maghrib (Histoire diplomatique du Maroc), Tome 7",Figure extraite (OCR),histoire diplomatique du maroc التاريخ الدبلوماسي للمغرب من أقدم العصور الى العهد العلوي 7,Académie Royale du Maroc,1989,Période Alaouite (XVIIe-XIXe s.),Arabe,,Rabat,Histoire diplomatique du Maroc,chunk_03,,Unknown,Abdelhadi Tazi (عبد الهادي التازي),,,,/workspaces/PHDM/ALL/ALLMD/histoire diplomatique du maroc التاريخ الدبلوماسي للمغرب من أقدم العصور الى العهد العلوي 7/_FIGURES,/workspaces/PHDM/ALL/ALLMD/histoire diplomatique du maroc التاريخ الدبلوماسي للمغرب من أقدم العصور الى العهد العلوي 7/_FIGURES/chunk_03_fig_01.png,,png,825437,344b7107303b9f3664c0c8fd9e1c048e8f8fa7c5f1fa317fc50e729a49b2f7ea,1172,1830,kept,2026-02-07,
369,histoire_diplomatique_du_maroc_7__chunk_03_fig_03.png,,,# histoire diplomatique du maroc التاريخ الدبلوماسي للمغرب من أقدم العصور الى العهد العلوي 7,Abdelhadi Tazi (عبد الهادي التازي),,,Période Alaouite (XVIIe-XIXe s.),,Monographie (arabe),"TAZI, Abdelhadi, al-Tarikh al-Diblumassi li-l-Maghrib (Histoire diplomatique du Maroc), Tome 7",Figure extraite (OCR),histoire diplomatique du maroc التاريخ الدبلوماسي للمغرب من أقدم العصور الى العهد العلوي 7,Académie Royale du Maroc,1989,Période Alaouite (XVIIe-XIXe s.),Arabe,,Rabat,Histoire diplomatique du Maroc,chunk_03,,Unknown,Abdelhadi Tazi (عبد الهادي التازي),,,,/workspaces/PHDM/ALL/ALLMD/histoire diplomatique du maroc التاريخ الدبلوماسي للمغرب من أقدم العصور الى العهد العلوي 7/_FIGURES,/workspaces/PHDM/ALL/ALLMD/histoire diplomatique du maroc التاريخ الدبلوماسي للمغرب من أقدم العصور الى العهد العلوي 7/_FIGURES/chunk_03_fig_03.png,,png,337471,c47ee632f61159733f6cf851240ddf6af4a98e6fc75fe6c8fe8e2bea834470ac,1004,993,kept,2026-02-07,
370,histoire_diplomatique_du_maroc_7__chunk_03_fig_04.png,,,# histoire diplomatique du maroc التاريخ الدبلوماسي للمغرب من أقدم العصور الى العهد العلوي 7,Abdelhadi Tazi (عبد الهادي التازي),,,Période Alaouite (XVIIe-XIXe s.),,Monographie (arabe),"TAZI, Abdelhadi, al-Tarikh al-Diblumassi li-l-Maghrib (Histoire diplomatique du Maroc), Tome 7",Figure extraite (OCR),histoire diplomatique du maroc التاريخ الدبلوماسي للمغرب من أقدم العصور الى العهد العلوي 7,Académie Royale du Maroc,1989,Période Alaouite (XVIIe-XIXe s.),Arabe,,Rabat,Histoire diplomatique du Maroc,chunk_03,,Unknown,Abdelhadi Tazi (عبد الهادي التازي),,,,/workspaces/PHDM/ALL/ALLMD/histoire diplomatique du maroc التاريخ الدبلوماسي للمغرب من أقدم العصور الى العهد العلوي 7/_FIGURES,/workspaces/PHDM/ALL/ALLMD/histoire diplomatique du maroc التاريخ الدبلوماسي للمغرب من أقدم العصور الى العهد العلوي 7/_FIGURES/chunk_03_fig_04.png,,png,211354,53912e0ba0459bc678825bf21ef07ec13612776334df650a8cba917fdb79d174,1141,420,kept,2026-02-07,
371,histoire_diplomatique_du_maroc_7__chunk_03_fig_05.png,,,# histoire diplomatique du maroc التاريخ الدبلوماسي للمغرب من أقدم العصور الى العهد العلوي 7,Abdelhadi Tazi (عبد الهادي التازي),,,Période Alaouite (XVIIe-XIXe s.),,Monographie (arabe),"TAZI, Abdelhadi, al-Tarikh al-Diblumassi li-l-Maghrib (Histoire diplomatique du Maroc), Tome 7",Figure extraite (OCR),histoire diplomatique du maroc التاريخ الدبلوماسي للمغرب من أقدم العصور الى العهد العلوي 7,Académie Royale du Maroc,1989,Période Alaouite (XVIIe-XIXe s.),Arabe,,Rabat,Histoire diplomatique du Maroc,chunk_03,,Unknown,Abdelhadi Tazi (عبد الهادي التازي),,,,/workspaces/PHDM/ALL/ALLMD/histoire diplomatique du maroc التاريخ الدبلوماسي للمغرب من أقدم العصور الى العهد العلوي 7/_FIGURES,/workspaces/PHDM/ALL/ALLMD/histoire diplomatique du maroc التاريخ الدبلوماسي للمغرب من أقدم العصور الى العهد العلوي 7/_FIGURES/chunk_03_fig_05.png,,png,111452,a5ebe400491276d4a03a75b19a5d6fb62be428b45083f662d0860754606bba87,984,653,kept,2026-02-07,
372,histoire_diplomatique_du_maroc_7__chunk_03_fig_06.png,,,# histoire diplomatique du maroc التاريخ الدبلوماسي للمغرب من أقدم العصور الى العهد العلوي 7,Abdelhadi Tazi (عبد الهادي التازي),,,Période Alaouite (XVIIe-XIXe s.),,Monographie (arabe),"TAZI, Abdelhadi, al-Tarikh al-Diblumassi li-l-Maghrib (Histoire diplomatique du Maroc), Tome 7",Figure extraite (OCR),histoire diplomatique du maroc التاريخ الدبلوماسي للمغرب من أقدم العصور الى العهد العلوي 7,Académie Royale du Maroc,1989,Période Alaouite (XVIIe-XIXe s.),Arabe,,Rabat,Histoire diplomatique du Maroc,chunk_03,,Unknown,Abdelhadi Tazi (عبد الهادي التازي),,,,/workspaces/PHDM/ALL/ALLMD/histoire diplomatique du maroc التاريخ الدبلوماسي للمغرب من أقدم العصور الى العهد العلوي 7/_FIGURES,/workspaces/PHDM/ALL/ALLMD/histoire diplomatique du maroc التاريخ الدبلوماسي للمغرب من أقدم العصور الى العهد العلوي 7/_FIGURES/chunk_03_fig_06.png,,png,233036,e012e3e25eca72a3cba8283b692c0a3f1b8471d645a3790c934a9966a1dc4c2b,944,673,kept,2026-02-07,
373,histoire_diplomatique_du_maroc_7__chunk_03_fig_07.png,,,# histoire diplomatique du maroc التاريخ الدبلوماسي للمغرب من أقدم العصور الى العهد العلوي 7,Abdelhadi Tazi (عبد الهادي التازي),,,Période Alaouite (XVIIe-XIXe s.),,Monographie (arabe),"TAZI, Abdelhadi, al-Tarikh al-Diblumassi li-l-Maghrib (Histoire diplomatique du Maroc), Tome 7",Figure extraite (OCR),histoire diplomatique du maroc التاريخ الدبلوماسي للمغرب من أقدم العصور الى العهد العلوي 7,Académie Royale du Maroc,1989,Période Alaouite (XVIIe-XIXe s.),Arabe,,Rabat,Histoire diplomatique du Maroc,chunk_03,,Unknown,Abdelhadi Tazi (عبد الهادي التازي),,,,/workspaces/PHDM/ALL/ALLMD/histoire diplomatique du maroc التاريخ الدبلوماسي للمغرب من أقدم العصور الى العهد العلوي 7/_FIGURES,/workspaces/PHDM/ALL/ALLMD/histoire diplomatique du maroc التاريخ الدبلوماسي للمغرب من أقدم العصور الى العهد العلوي 7/_FIGURES/chunk_03_fig_07.png,,png,25738,446b99aaf734a3a038efa5cdd77084f45f2e0888c0a364d4e840850e8c74c87a,308,349,kept,2026-02-07,
374,histoire_diplomatique_du_maroc_7__chunk_03_fig_08.png,,,# histoire diplomatique du maroc التاريخ الدبلوماسي للمغرب من أقدم العصور الى العهد العلوي 7,Abdelhadi Tazi (عبد الهادي التازي),,,Période Alaouite (XVIIe-XIXe s.),,Monographie (arabe),"TAZI, Abdelhadi, al-Tarikh al-Diblumassi li-l-Maghrib (Histoire diplomatique du Maroc), Tome 7",Figure extraite (OCR),histoire diplomatique du maroc التاريخ الدبلوماسي للمغرب من أقدم العصور الى العهد العلوي 7,Académie Royale du Maroc,1989,Période Alaouite (XVIIe-XIXe s.),Arabe,,Rabat,Histoire diplomatique du Maroc,chunk_03,,Unknown,Abdelhadi Tazi (عبد الهادي التازي),,,,/workspaces/PHDM/ALL/ALLMD/histoire diplomatique du maroc التاريخ الدبلوماسي للمغرب من أقدم العصور الى العهد العلوي 7/_FIGURES,/workspaces/PHDM/ALL/ALLMD/histoire diplomatique du maroc التاريخ الدبلوماسي للمغرب من أقدم العصور الى العهد العلوي 7/_FIGURES/chunk_03_fig_08.png,,png,2605265,5bf9602b7f6346cf0f8b26b75c195ca7d03cbc1056e00ec120ecf309d52ec1e1,1879,1416,kept,2026-02-07,
375,histoire_diplomatique_du_maroc_7__chunk_04_fig_01.png,,,# histoire diplomatique du maroc التاريخ الدبلوماسي للمغرب من أقدم العصور الى العهد العلوي 7,Abdelhadi Tazi (عبد الهادي التازي),,,Période Alaouite (XVIIe-XIXe s.),,Monographie (arabe),"TAZI, Abdelhadi, al-Tarikh al-Diblumassi li-l-Maghrib (Histoire diplomatique du Maroc), Tome 7",Figure extraite (OCR),histoire diplomatique du maroc التاريخ الدبلوماسي للمغرب من أقدم العصور الى العهد العلوي 7,Académie Royale du Maroc,1989,Période Alaouite (XVIIe-XIXe s.),Arabe,,Rabat,Histoire diplomatique du Maroc,chunk_04,,Unknown,Abdelhadi Tazi (عبد الهادي التازي),,,,/workspaces/PHDM/ALL/ALLMD/histoire diplomatique du maroc التاريخ الدبلوماسي للمغرب من أقدم العصور الى العهد العلوي 7/_FIGURES,/workspaces/PHDM/ALL/ALLMD/histoire diplomatique du maroc التاريخ الدبلوماسي للمغرب من أقدم العصور الى العهد العلوي 7/_FIGURES/chunk_04_fig_01.png,,png,141952,3b8f21ecc1cab78de2f3bde6d3c0af473f1e45ec174c6f7d0bd5ea8e2a978e3a,770,517,kept,2026-02-07,
376,histoire_diplomatique_du_maroc_7__chunk_04_fig_02.png,,,# histoire diplomatique du maroc التاريخ الدبلوماسي للمغرب من أقدم العصور الى العهد العلوي 7,Abdelhadi Tazi (عبد الهادي التازي),,,Période Alaouite (XVIIe-XIXe s.),,Monographie (arabe),"TAZI, Abdelhadi, al-Tarikh al-Diblumassi li-l-Maghrib (Histoire diplomatique du Maroc), Tome 7",Figure extraite (OCR),histoire diplomatique du maroc التاريخ الدبلوماسي للمغرب من أقدم العصور الى العهد العلوي 7,Académie Royale du Maroc,1989,Période Alaouite (XVIIe-XIXe s.),Arabe,,Rabat,Histoire diplomatique du Maroc,chunk_04,,Unknown,Abdelhadi Tazi (عبد الهادي التازي),,,,/workspaces/PHDM/ALL/ALLMD/histoire diplomatique du maroc التاريخ الدبلوماسي للمغرب من أقدم العصور الى العهد العلوي 7/_FIGURES,/workspaces/PHDM/ALL/ALLMD/histoire diplomatique du maroc التاريخ الدبلوماسي للمغرب من أقدم العصور الى العهد العلوي 7/_FIGURES/chunk_04_fig_02.png,,png,507218,20be5d755f094b3642c2568763b1d7106475ae552c4bec57145054263c607521,1247,935,kept,2026-02-07,
377,histoire_diplomatique_du_maroc_7__chunk_04_fig_03.png,,,# histoire diplomatique du maroc التاريخ الدبلوماسي للمغرب من أقدم العصور الى العهد العلوي 7,Abdelhadi Tazi (عبد الهادي التازي),,,Période Alaouite (XVIIe-XIXe s.),,Monographie (arabe),"TAZI, Abdelhadi, al-Tarikh al-Diblumassi li-l-Maghrib (Histoire diplomatique du Maroc), Tome 7",Figure extraite (OCR),histoire diplomatique du maroc التاريخ الدبلوماسي للمغرب من أقدم العصور الى العهد العلوي 7,Académie Royale du Maroc,1989,Période Alaouite (XVIIe-XIXe s.),Arabe,,Rabat,Histoire diplomatique du Maroc,chunk_04,,Unknown,Abdelhadi Tazi (عبد الهادي التازي),,,,/workspaces/PHDM/ALL/ALLMD/histoire diplomatique du maroc التاريخ الدبلوماسي للمغرب من أقدم العصور الى العهد العلوي 7/_FIGURES,/workspaces/PHDM/ALL/ALLMD/histoire diplomatique du maroc التاريخ الدبلوماسي للمغرب من أقدم العصور الى العهد العلوي 7/_FIGURES/chunk_04_fig_03.png,,png,919468,02649794f57fddeaa3cb60ec1d148256bf20cca7dd37bdcb26f28f5b0eeee9ba,1388,1827,kept,2026-02-07,
378,histoire_diplomatique_du_maroc_7__chunk_04_fig_04.png,,,# histoire diplomatique du maroc التاريخ الدبلوماسي للمغرب من أقدم العصور الى العهد العلوي 7,Abdelhadi Tazi (عبد الهادي التازي),,,Période Alaouite (XVIIe-XIXe s.),,Monographie (arabe),"TAZI, Abdelhadi, al-Tarikh al-Diblumassi li-l-Maghrib (Histoire diplomatique du Maroc), Tome 7",Figure extraite (OCR),histoire diplomatique du maroc التاريخ الدبلوماسي للمغرب من أقدم العصور الى العهد العلوي 7,Académie Royale du Maroc,1989,Période Alaouite (XVIIe-XIXe s.),Arabe,,Rabat,Histoire diplomatique du Maroc,chunk_04,,Unknown,Abdelhadi Tazi (عبد الهادي التازي),,,,/workspaces/PHDM/ALL/ALLMD/histoire diplomatique du maroc التاريخ الدبلوماسي للمغرب من أقدم العصور الى العهد العلوي 7/_FIGURES,/workspaces/PHDM/ALL/ALLMD/histoire diplomatique du maroc التاريخ الدبلوماسي للمغرب من أقدم العصور الى العهد العلوي 7/_FIGURES/chunk_04_fig_04.png,,png,371029,0e7fc84fcc0e7e697ab8e52338807720ceee2177e6f554be18005771c5128bb4,1126,931,kept,2026-02-07,
379,histoire_diplomatique_du_maroc_7__chunk_04_fig_05.png,,,# histoire diplomatique du maroc التاريخ الدبلوماسي للمغرب من أقدم العصور الى العهد العلوي 7,Abdelhadi Tazi (عبد الهادي التازي),,,Période Alaouite (XVIIe-XIXe s.),,Monographie (arabe),"TAZI, Abdelhadi, al-Tarikh al-Diblumassi li-l-Maghrib (Histoire diplomatique du Maroc), Tome 7",Figure extraite (OCR),histoire diplomatique du maroc التاريخ الدبلوماسي للمغرب من أقدم العصور الى العهد العلوي 7,Académie Royale du Maroc,1989,Période Alaouite (XVIIe-XIXe s.),Arabe,,Rabat,Histoire diplomatique du Maroc,chunk_04,,Unknown,Abdelhadi Tazi (عبد الهادي التازي),,,,/workspaces/PHDM/ALL/ALLMD/histoire diplomatique du maroc التاريخ الدبلوماسي للمغرب من أقدم العصور الى العهد العلوي 7/_FIGURES,/workspaces/PHDM/ALL/ALLMD/histoire diplomatique du maroc التاريخ الدبلوماسي للمغرب من أقدم العصور الى العهد العلوي 7/_FIGURES/chunk_04_fig_05.png,,png,193905,6ecba1ed7cb7dd32c0fd7e04a298833d63371871316b98fe9de8559794be1e6a,1146,824,kept,2026-02-07,
380,histoire_diplomatique_du_maroc_7__chunk_04_fig_06.png,,,# histoire diplomatique du maroc التاريخ الدبلوماسي للمغرب من أقدم العصور الى العهد العلوي 7,Abdelhadi Tazi (عبد الهادي التازي),,,Période Alaouite (XVIIe-XIXe s.),,Monographie (arabe),"TAZI, Abdelhadi, al-Tarikh al-Diblumassi li-l-Maghrib (Histoire diplomatique du Maroc), Tome 7",Figure extraite (OCR),histoire diplomatique du maroc التاريخ الدبلوماسي للمغرب من أقدم العصور الى العهد العلوي 7,Académie Royale du Maroc,1989,Période Alaouite (XVIIe-XIXe s.),Arabe,,Rabat,Histoire diplomatique du Maroc,chunk_04,,Unknown,Abdelhadi Tazi (عبد الهادي التازي),,,,/workspaces/PHDM/ALL/ALLMD/histoire diplomatique du maroc التاريخ الدبلوماسي للمغرب من أقدم العصور الى العهد العلوي 7/_FIGURES,/workspaces/PHDM/ALL/ALLMD/histoire diplomatique du maroc التاريخ الدبلوماسي للمغرب من أقدم العصور الى العهد العلوي 7/_FIGURES/chunk_04_fig_06.png,,png,86089,1937703dd9bbf4b31679721d7b0fa60b8c4fb132597956c7ec0b565dc66f1674,455,651,kept,2026-02-07,
381,histoire_diplomatique_du_maroc_7__chunk_04_fig_07.png,,,# histoire diplomatique du maroc التاريخ الدبلوماسي للمغرب من أقدم العصور الى العهد العلوي 7,Abdelhadi Tazi (عبد الهادي التازي),,,Période Alaouite (XVIIe-XIXe s.),,Monographie (arabe),"TAZI, Abdelhadi, al-Tarikh al-Diblumassi li-l-Maghrib (Histoire diplomatique du Maroc), Tome 7",Figure extraite (OCR),histoire diplomatique du maroc التاريخ الدبلوماسي للمغرب من أقدم العصور الى العهد العلوي 7,Académie Royale du Maroc,1989,Période Alaouite (XVIIe-XIXe s.),Arabe,,Rabat,Histoire diplomatique du Maroc,chunk_04,,Unknown,Abdelhadi Tazi (عبد الهادي التازي),,,,/workspaces/PHDM/ALL/ALLMD/histoire diplomatique du maroc التاريخ الدبلوماسي للمغرب من أقدم العصور الى العهد العلوي 7/_FIGURES,/workspaces/PHDM/ALL/ALLMD/histoire diplomatique du maroc التاريخ الدبلوماسي للمغرب من أقدم العصور الى العهد العلوي 7/_FIGURES/chunk_04_fig_07.png,,png,201055,997cd4fa2f379412c790affe67102b491d0a553cbaf866c9d325542371d4600a,911,668,kept,2026-02-07,
382,histoire_diplomatique_du_maroc_7__chunk_04_fig_08.png,,,# histoire diplomatique du maroc التاريخ الدبلوماسي للمغرب من أقدم العصور الى العهد العلوي 7,Abdelhadi Tazi (عبد الهادي التازي),,,Période Alaouite (XVIIe-XIXe s.),,Monographie (arabe),"TAZI, Abdelhadi, al-Tarikh al-Diblumassi li-l-Maghrib (Histoire diplomatique du Maroc), Tome 7",Figure extraite (OCR),histoire diplomatique du maroc التاريخ الدبلوماسي للمغرب من أقدم العصور الى العهد العلوي 7,Académie Royale du Maroc,1989,Période Alaouite (XVIIe-XIXe s.),Arabe,,Rabat,Histoire diplomatique du Maroc,chunk_04,,Unknown,Abdelhadi Tazi (عبد الهادي التازي),,,,/workspaces/PHDM/ALL/ALLMD/histoire diplomatique du maroc التاريخ الدبلوماسي للمغرب من أقدم العصور الى العهد العلوي 7/_FIGURES,/workspaces/PHDM/ALL/ALLMD/histoire diplomatique du maroc التاريخ الدبلوماسي للمغرب من أقدم العصور الى العهد العلوي 7/_FIGURES/chunk_04_fig_08.png,,png,587799,8179d6864c52ca6c1bd2389924f0404a0c67003b4f5f10c5948648757fabc76a,1120,716,kept,2026-02-07,
383,histoire_diplomatique_du_maroc_7__chunk_04_fig_09.png,,,# histoire diplomatique du maroc التاريخ الدبلوماسي للمغرب من أقدم العصور الى العهد العلوي 7,Abdelhadi Tazi (عبد الهادي التازي),,,Période Alaouite (XVIIe-XIXe s.),,Monographie (arabe),"TAZI, Abdelhadi, al-Tarikh al-Diblumassi li-l-Maghrib (Histoire diplomatique du Maroc), Tome 7",Figure extraite (OCR),histoire diplomatique du maroc التاريخ الدبلوماسي للمغرب من أقدم العصور الى العهد العلوي 7,Académie Royale du Maroc,1989,Période Alaouite (XVIIe-XIXe s.),Arabe,,Rabat,Histoire diplomatique du Maroc,chunk_04,,Unknown,Abdelhadi Tazi (عبد الهادي التازي),,,,/workspaces/PHDM/ALL/ALLMD/histoire diplomatique du maroc التاريخ الدبلوماسي للمغرب من أقدم العصور الى العهد العلوي 7/_FIGURES,/workspaces/PHDM/ALL/ALLMD/histoire diplomatique du maroc التاريخ الدبلوماسي للمغرب من أقدم العصور الى العهد العلوي 7/_FIGURES/chunk_04_fig_09.png,,png,210146,e634858c7146930fbe78fd831d3d7dc5b5dd2347411d8277b98051617c2f8ca4,600,749,kept,2026-02-07,
385,histoire_diplomatique_du_maroc_7__chunk_04_fig_11.png,,,# histoire diplomatique du maroc التاريخ الدبلوماسي للمغرب من أقدم العصور الى العهد العلوي 7,Abdelhadi Tazi (عبد الهادي التازي),,,Période Alaouite (XVIIe-XIXe s.),,Monographie (arabe),"TAZI, Abdelhadi, al-Tarikh al-Diblumassi li-l-Maghrib (Histoire diplomatique du Maroc), Tome 7",Figure extraite (OCR),histoire diplomatique du maroc التاريخ الدبلوماسي للمغرب من أقدم العصور الى العهد العلوي 7,Académie Royale du Maroc,1989,Période Alaouite (XVIIe-XIXe s.),Arabe,,Rabat,Histoire diplomatique du Maroc,chunk_04,,Unknown,Abdelhadi Tazi (عبد الهادي التازي),,,,/workspaces/PHDM/ALL/ALLMD/histoire diplomatique du maroc التاريخ الدبلوماسي للمغرب من أقدم العصور الى العهد العلوي 7/_FIGURES,/workspaces/PHDM/ALL/ALLMD/histoire diplomatique du maroc التاريخ الدبلوماسي للمغرب من أقدم العصور الى العهد العلوي 7/_FIGURES/chunk_04_fig_11.png,,png,467065,85bda2e1cdd9f45235de7b830be4966bc8ec5b5006fced519dabcd04c89fbd88,1126,760,kept,2026-02-07,
386,histoire_diplomatique_du_maroc_7__chunk_05_fig_01.png,,,# histoire diplomatique du maroc التاريخ الدبلوماسي للمغرب من أقدم العصور الى العهد العلوي 7,Abdelhadi Tazi (عبد الهادي التازي),,,Période Alaouite (XVIIe-XIXe s.),,Monographie (arabe),"TAZI, Abdelhadi, al-Tarikh al-Diblumassi li-l-Maghrib (Histoire diplomatique du Maroc), Tome 7",Figure extraite (OCR),histoire diplomatique du maroc التاريخ الدبلوماسي للمغرب من أقدم العصور الى العهد العلوي 7,Académie Royale du Maroc,1989,Période Alaouite (XVIIe-XIXe s.),Arabe,,Rabat,Histoire diplomatique du Maroc,chunk_05,,Unknown,Abdelhadi Tazi (عبد الهادي التازي),,,,/workspaces/PHDM/ALL/ALLMD/histoire diplomatique du maroc التاريخ الدبلوماسي للمغرب من أقدم العصور الى العهد العلوي 7/_FIGURES,/workspaces/PHDM/ALL/ALLMD/histoire diplomatique du maroc التاريخ الدبلوماسي للمغرب من أقدم العصور الى العهد العلوي 7/_FIGURES/chunk_05_fig_01.png,,png,20619,205f51f0857f217330861ffb679e59e01f283041664c521d4a1e0001d135dbf8,171,146,kept,2026-02-07,
387,histoire_diplomatique_du_maroc_7__chunk_05_fig_02.png,,,# histoire diplomatique du maroc التاريخ الدبلوماسي للمغرب من أقدم العصور الى العهد العلوي 7,Abdelhadi Tazi (عبد الهادي التازي),,,Période Alaouite (XVIIe-XIXe s.),,Monographie (arabe),"TAZI, Abdelhadi, al-Tarikh al-Diblumassi li-l-Maghrib (Histoire diplomatique du Maroc), Tome 7",Figure extraite (OCR),histoire diplomatique du maroc التاريخ الدبلوماسي للمغرب من أقدم العصور الى العهد العلوي 7,Académie Royale du Maroc,1989,Période Alaouite (XVIIe-XIXe s.),Arabe,,Rabat,Histoire diplomatique du Maroc,chunk_05,,Unknown,Abdelhadi Tazi (عبد الهادي التازي),,,,/workspaces/PHDM/ALL/ALLMD/histoire diplomatique du maroc التاريخ الدبلوماسي للمغرب من أقدم العصور الى العهد العلوي 7/_FIGURES,/workspaces/PHDM/ALL/ALLMD/histoire diplomatique du maroc التاريخ الدبلوماسي للمغرب من أقدم العصور الى العهد العلوي 7/_FIGURES/chunk_05_fig_02.png,,png,30486,ab9eb6f1fe6a8ec8f48ca915b93c66188ff886da7c85ec7297f35c726c693851,203,193,kept,2026-02-07,
388,histoire_diplomatique_du_maroc_7__chunk_05_fig_03.png,,,# histoire diplomatique du maroc التاريخ الدبلوماسي للمغرب من أقدم العصور الى العهد العلوي 7,Abdelhadi Tazi (عبد الهادي التازي),,,Période Alaouite (XVIIe-XIXe s.),,Monographie (arabe),"TAZI, Abdelhadi, al-Tarikh al-Diblumassi li-l-Maghrib (Histoire diplomatique du Maroc), Tome 7",Figure extraite (OCR),histoire diplomatique du maroc التاريخ الدبلوماسي للمغرب من أقدم العصور الى العهد العلوي 7,Académie Royale du Maroc,1989,Période Alaouite (XVIIe-XIXe s.),Arabe,,Rabat,Histoire diplomatique du Maroc,chunk_05,,Unknown,Abdelhadi Tazi (عبد الهادي التازي),,,,/workspaces/PHDM/ALL/ALLMD/histoire diplomatique du maroc التاريخ الدبلوماسي للمغرب من أقدم العصور الى العهد العلوي 7/_FIGURES,/workspaces/PHDM/ALL/ALLMD/histoire diplomatique du maroc التاريخ الدبلوماسي للمغرب من أقدم العصور الى العهد العلوي 7/_FIGURES/chunk_05_fig_03.png,,png,225023,456f813ce62889ffb564ffd89e486d9a0195fd8e591d6f2fbfaa3e3ec674be58,1133,664,kept,2026-02-07,
389,histoire_diplomatique_du_maroc_7__chunk_05_fig_04.png,,,# histoire diplomatique du maroc التاريخ الدبلوماسي للمغرب من أقدم العصور الى العهد العلوي 7,Abdelhadi Tazi (عبد الهادي التازي),,,Période Alaouite (XVIIe-XIXe s.),,Monographie (arabe),"TAZI, Abdelhadi, al-Tarikh al-Diblumassi li-l-Maghrib (Histoire diplomatique du Maroc), Tome 7",Figure extraite (OCR),histoire diplomatique du maroc التاريخ الدبلوماسي للمغرب من أقدم العصور الى العهد العلوي 7,Académie Royale du Maroc,1989,Période Alaouite (XVIIe-XIXe s.),Arabe,,Rabat,Histoire diplomatique du Maroc,chunk_05,,Unknown,Abdelhadi Tazi (عبد الهادي التازي),,,,/workspaces/PHDM/ALL/ALLMD/histoire diplomatique du maroc التاريخ الدبلوماسي للمغرب من أقدم العصور الى العهد العلوي 7/_FIGURES,/workspaces/PHDM/ALL/ALLMD/histoire diplomatique du maroc التاريخ الدبلوماسي للمغرب من أقدم العصور الى العهد العلوي 7/_FIGURES/chunk_05_fig_04.png,,png,479018,1d20a26bace05046858d3f9407a2ec2809bbd4c8865a3a0381e0c40833cbbc5c,1588,1074,kept,2026-02-07,
395,histoire_diplomatique_du_maroc_7__chunk_07_fig_01.png,,,# histoire diplomatique du maroc التاريخ الدبلوماسي للمغرب من أقدم العصور الى العهد العلوي 7,Abdelhadi Tazi (عبد الهادي التازي),,,Période Alaouite (XVIIe-XIXe s.),,Monographie (arabe),"TAZI, Abdelhadi, al-Tarikh al-Diblumassi li-l-Maghrib (Histoire diplomatique du Maroc), Tome 7",Figure extraite (OCR),histoire diplomatique du maroc التاريخ الدبلوماسي للمغرب من أقدم العصور الى العهد العلوي 7,Académie Royale du Maroc,1989,Période Alaouite (XVIIe-XIXe s.),Arabe,,Rabat,Histoire diplomatique du Maroc,chunk_07,,Unknown,Abdelhadi Tazi (عبد الهادي التازي),,,,/workspaces/PHDM/ALL/ALLMD/histoire diplomatique du maroc التاريخ الدبلوماسي للمغرب من أقدم العصور الى العهد العلوي 7/_FIGURES,/workspaces/PHDM/ALL/ALLMD/histoire diplomatique du maroc التاريخ الدبلوماسي للمغرب من أقدم العصور الى العهد العلوي 7/_FIGURES/chunk_07_fig_01.png,,png,129209,d464773fc51ee35c0e9dccf8897fc2d669839958c656d984b26f9f1baa308d83,715,891,kept,2026-02-07,
396,histoire_diplomatique_du_maroc_7__chunk_07_fig_02.png,,,# histoire diplomatique du maroc التاريخ الدبلوماسي للمغرب من أقدم العصور الى العهد العلوي 7,Abdelhadi Tazi (عبد الهادي التازي),,,Période Alaouite (XVIIe-XIXe s.),,Monographie (arabe),"TAZI, Abdelhadi, al-Tarikh al-Diblumassi li-l-Maghrib (Histoire diplomatique du Maroc), Tome 7",Figure extraite (OCR),histoire diplomatique du maroc التاريخ الدبلوماسي للمغرب من أقدم العصور الى العهد العلوي 7,Académie Royale du Maroc,1989,Période Alaouite (XVIIe-XIXe s.),Arabe,,Rabat,Histoire diplomatique du Maroc,chunk_07,,Unknown,Abdelhadi Tazi (عبد الهادي التازي),,,,/workspaces/PHDM/ALL/ALLMD/histoire diplomatique du maroc التاريخ الدبلوماسي للمغرب من أقدم العصور الى العهد العلوي 7/_FIGURES,/workspaces/PHDM/ALL/ALLMD/histoire diplomatique du maroc التاريخ الدبلوماسي للمغرب من أقدم العصور الى العهد العلوي 7/_FIGURES/chunk_07_fig_02.png,,png,378598,ef6adfefa3cbd0c2cbedc9d06156ae78245131b9972fefaa3486a5063ab43a86,628,864,kept,2026-02-07,
397,histoire_diplomatique_du_maroc_7__chunk_07_fig_03.png,,,# histoire diplomatique du maroc التاريخ الدبلوماسي للمغرب من أقدم العصور الى العهد العلوي 7,Abdelhadi Tazi (عبد الهادي التازي),,,Période Alaouite (XVIIe-XIXe s.),,Monographie (arabe),"TAZI, Abdelhadi, al-Tarikh al-Diblumassi li-l-Maghrib (Histoire diplomatique du Maroc), Tome 7",Figure extraite (OCR),histoire diplomatique du maroc التاريخ الدبلوماسي للمغرب من أقدم العصور الى العهد العلوي 7,Académie Royale du Maroc,1989,Période Alaouite (XVIIe-XIXe s.),Arabe,,Rabat,Histoire diplomatique du Maroc,chunk_07,,Unknown,Abdelhadi Tazi (عبد الهادي التازي),,,,/workspaces/PHDM/ALL/ALLMD/histoire diplomatique du maroc التاريخ الدبلوماسي للمغرب من أقدم العصور الى العهد العلوي 7/_FIGURES,/workspaces/PHDM/ALL/ALLMD/histoire diplomatique du maroc التاريخ الدبلوماسي للمغرب من أقدم العصور الى العهد العلوي 7/_FIGURES/chunk_07_fig_03.png,,png,435395,67c92d0d30dd8116069eef6fb44d9728ec22839479f7fbf339fe0501d9e02b85,978,655,kept,2026-02-07,
398,histoire_diplomatique_du_maroc_7__chunk_07_fig_04.png,,,# histoire diplomatique du maroc التاريخ الدبلوماسي للمغرب من أقدم العصور الى العهد العلوي 7,Abdelhadi Tazi (عبد الهادي التازي),,,Période Alaouite (XVIIe-XIXe s.),,Monographie (arabe),"TAZI, Abdelhadi, al-Tarikh al-Diblumassi li-l-Maghrib (Histoire diplomatique du Maroc), Tome 7",Figure extraite (OCR),histoire diplomatique du maroc التاريخ الدبلوماسي للمغرب من أقدم العصور الى العهد العلوي 7,Académie Royale du Maroc,1989,Période Alaouite (XVIIe-XIXe s.),Arabe,,Rabat,Histoire diplomatique du Maroc,chunk_07,,Unknown,Abdelhadi Tazi (عبد الهادي التازي),,,,/workspaces/PHDM/ALL/ALLMD/histoire diplomatique du maroc التاريخ الدبلوماسي للمغرب من أقدم العصور الى العهد العلوي 7/_FIGURES,/workspaces/PHDM/ALL/ALLMD/histoire diplomatique du maroc التاريخ الدبلوماسي للمغرب من أقدم العصور الى العهد العلوي 7/_FIGURES/chunk_07_fig_04.png,,png,254225,a5d3610fd404a918de81291c0b1d2cc1ef4c8d68012a1380576b0f872dd1c4ee,1528,887,kept,2026-02-07,
399,histoire_diplomatique_du_maroc_7__chunk_07_fig_05.png,,,# histoire diplomatique du maroc التاريخ الدبلوماسي للمغرب من أقدم العصور الى العهد العلوي 7,Abdelhadi Tazi (عبد الهادي التازي),,,Période Alaouite (XVIIe-XIXe s.),,Monographie (arabe),"TAZI, Abdelhadi, al-Tarikh al-Diblumassi li-l-Maghrib (Histoire diplomatique du Maroc), Tome 7",Figure extraite (OCR),histoire diplomatique du maroc التاريخ الدبلوماسي للمغرب من أقدم العصور الى العهد العلوي 7,Académie Royale du Maroc,1989,Période Alaouite (XVIIe-XIXe s.),Arabe,,Rabat,Histoire diplomatique du Maroc,chunk_07,,Unknown,Abdelhadi Tazi (عبد الهادي التازي),,,,/workspaces/PHDM/ALL/ALLMD/histoire diplomatique du maroc التاريخ الدبلوماسي للمغرب من أقدم العصور الى العهد العلوي 7/_FIGURES,/workspaces/PHDM/ALL/ALLMD/histoire diplomatique du maroc التاريخ الدبلوماسي للمغرب من أقدم العصور الى العهد العلوي 7/_FIGURES/chunk_07_fig_05.png,,png,878371,13ff3efca467610951dc32f48c01e88bf2b726cdcce9b156d1f8089c1a2b801d,919,1415,kept,2026-02-07,
400,histoire_diplomatique_du_maroc_7__chunk_07_fig_06.png,,,# histoire diplomatique du maroc التاريخ الدبلوماسي للمغرب من أقدم العصور الى العهد العلوي 7,Abdelhadi Tazi (عبد الهادي التازي),,,Période Alaouite (XVIIe-XIXe s.),,Monographie (arabe),"TAZI, Abdelhadi, al-Tarikh al-Diblumassi li-l-Maghrib (Histoire diplomatique du Maroc), Tome 7",Figure extraite (OCR),histoire diplomatique du maroc التاريخ الدبلوماسي للمغرب من أقدم العصور الى العهد العلوي 7,Académie Royale du Maroc,1989,Période Alaouite (XVIIe-XIXe s.),Arabe,,Rabat,Histoire diplomatique du Maroc,chunk_07,,Unknown,Abdelhadi Tazi (عبد الهادي التازي),,,,/workspaces/PHDM/ALL/ALLMD/histoire diplomatique du maroc التاريخ الدبلوماسي للمغرب من أقدم العصور الى العهد العلوي 7/_FIGURES,/workspaces/PHDM/ALL/ALLMD/histoire diplomatique du maroc التاريخ الدبلوماسي للمغرب من أقدم العصور الى العهد العلوي 7/_FIGURES/chunk_07_fig_06.png,,png,367398,4cab4a70d3b4bd62955bd8b170e0a46c3fe685987e1f851c94c1446e2a656ee2,1231,937,kept,2026-02-07,
402,histoire_diplomatique_du_maroc_7__chunk_08_fig_02.png,,,# histoire diplomatique du maroc التاريخ الدبلوماسي للمغرب من أقدم العصور الى العهد العلوي 7,Abdelhadi Tazi (عبد الهادي التازي),,,Période Alaouite (XVIIe-XIXe s.),,Monographie (arabe),"TAZI, Abdelhadi, al-Tarikh al-Diblumassi li-l-Maghrib (Histoire diplomatique du Maroc), Tome 7",Figure extraite (OCR),histoire diplomatique du maroc التاريخ الدبلوماسي للمغرب من أقدم العصور الى العهد العلوي 7,Académie Royale du Maroc,1989,Période Alaouite (XVIIe-XIXe s.),Arabe,,Rabat,Histoire diplomatique du Maroc,chunk_08,,Unknown,Abdelhadi Tazi (عبد الهادي التازي),,,,/workspaces/PHDM/ALL/ALLMD/histoire diplomatique du maroc التاريخ الدبلوماسي للمغرب من أقدم العصور الى العهد العلوي 7/_FIGURES,/workspaces/PHDM/ALL/ALLMD/histoire diplomatique du maroc التاريخ الدبلوماسي للمغرب من أقدم العصور الى العهد العلوي 7/_FIGURES/chunk_08_fig_02.png,,png,162574,597ab5346d8d0a3afb791029c81165d0002817650c6737c6271118c2030e0f7c,746,497,kept,2026-02-07,
403,histoire_diplomatique_du_maroc_7__chunk_08_fig_03.png,,,# histoire diplomatique du maroc التاريخ الدبلوماسي للمغرب من أقدم العصور الى العهد العلوي 7,Abdelhadi Tazi (عبد الهادي التازي),,,Période Alaouite (XVIIe-XIXe s.),,Monographie (arabe),"TAZI, Abdelhadi, al-Tarikh al-Diblumassi li-l-Maghrib (Histoire diplomatique du Maroc), Tome 7",Figure extraite (OCR),histoire diplomatique du maroc التاريخ الدبلوماسي للمغرب من أقدم العصور الى العهد العلوي 7,Académie Royale du Maroc,1989,Période Alaouite (XVIIe-XIXe s.),Arabe,,Rabat,Histoire diplomatique du Maroc,chunk_08,,Unknown,Abdelhadi Tazi (عبد الهادي التازي),,,,/workspaces/PHDM/ALL/ALLMD/histoire diplomatique du maroc التاريخ الدبلوماسي للمغرب من أقدم العصور الى العهد العلوي 7/_FIGURES,/workspaces/PHDM/ALL/ALLMD/histoire diplomatique du maroc التاريخ الدبلوماسي للمغرب من أقدم العصور الى العهد العلوي 7/_FIGURES/chunk_08_fig_03.png,,png,512053,ea90edb06e55b99a4467d5cf20e1348484c34c34ee2904495c08b4c67dc9b2d0,1192,771,kept,2026-02-07,
404,histoire_diplomatique_du_maroc_7__chunk_08_fig_04.png,,,# histoire diplomatique du maroc التاريخ الدبلوماسي للمغرب من أقدم العصور الى العهد العلوي 7,Abdelhadi Tazi (عبد الهادي التازي),,,Période Alaouite (XVIIe-XIXe s.),,Monographie (arabe),"TAZI, Abdelhadi, al-Tarikh al-Diblumassi li-l-Maghrib (Histoire diplomatique du Maroc), Tome 7",Figure extraite (OCR),histoire diplomatique du maroc التاريخ الدبلوماسي للمغرب من أقدم العصور الى العهد العلوي 7,Académie Royale du Maroc,1989,Période Alaouite (XVIIe-XIXe s.),Arabe,,Rabat,Histoire diplomatique du Maroc,chunk_08,,Unknown,Abdelhadi Tazi (عبد الهادي التازي),,,,/workspaces/PHDM/ALL/ALLMD/histoire diplomatique du maroc التاريخ الدبلوماسي للمغرب من أقدم العصور الى العهد العلوي 7/_FIGURES,/workspaces/PHDM/ALL/ALLMD/histoire diplomatique du maroc التاريخ الدبلوماسي للمغرب من أقدم العصور الى العهد العلوي 7/_FIGURES/chunk_08_fig_04.png,,png,78331,b48ff721c08b5e0dd2b7c91dcd49e0686e5a92f9e8a7ca0d9f0a3cca8fcc5ac3,568,333,kept,2026-02-07,
405,histoire_diplomatique_du_maroc_7__chunk_08_fig_05.png,,,# histoire diplomatique du maroc التاريخ الدبلوماسي للمغرب من أقدم العصور الى العهد العلوي 7,Abdelhadi Tazi (عبد الهادي التازي),,,Période Alaouite (XVIIe-XIXe s.),,Monographie (arabe),"TAZI, Abdelhadi, al-Tarikh al-Diblumassi li-l-Maghrib (Histoire diplomatique du Maroc), Tome 7",Figure extraite (OCR),histoire diplomatique du maroc التاريخ الدبلوماسي للمغرب من أقدم العصور الى العهد العلوي 7,Académie Royale du Maroc,1989,Période Alaouite (XVIIe-XIXe s.),Arabe,,Rabat,Histoire diplomatique du Maroc,chunk_08,,Unknown,Abdelhadi Tazi (عبد الهادي التازي),,,,/workspaces/PHDM/ALL/ALLMD/histoire diplomatique du maroc التاريخ الدبلوماسي للمغرب من أقدم العصور الى العهد العلوي 7/_FIGURES,/workspaces/PHDM/ALL/ALLMD/histoire diplomatique du maroc التاريخ الدبلوماسي للمغرب من أقدم العصور الى العهد العلوي 7/_FIGURES/chunk_08_fig_05.png,,png,90174,1bc8a8ea46765b543fd566f3aac2f8090255a18c6a32770c1a433dcf59bf2c62,601,443,kept,2026-02-07,
406,histoire_diplomatique_du_maroc_7__chunk_08_fig_06.png,,,# histoire diplomatique du maroc التاريخ الدبلوماسي للمغرب من أقدم العصور الى العهد العلوي 7,Abdelhadi Tazi (عبد الهادي التازي),,,Période Alaouite (XVIIe-XIXe s.),,Monographie (arabe),"TAZI, Abdelhadi, al-Tarikh al-Diblumassi li-l-Maghrib (Histoire diplomatique du Maroc), Tome 7",Figure extraite (OCR),histoire diplomatique du maroc التاريخ الدبلوماسي للمغرب من أقدم العصور الى العهد العلوي 7,Académie Royale du Maroc,1989,Période Alaouite (XVIIe-XIXe s.),Arabe,,Rabat,Histoire diplomatique du Maroc,chunk_08,,Unknown,Abdelhadi Tazi (عبد الهادي التازي),,,,/workspaces/PHDM/ALL/ALLMD/histoire diplomatique du maroc التاريخ الدبلوماسي للمغرب من أقدم العصور الى العهد العلوي 7/_FIGURES,/workspaces/PHDM/ALL/ALLMD/histoire diplomatique du maroc التاريخ الدبلوماسي للمغرب من أقدم العصور الى العهد العلوي 7/_FIGURES/chunk_08_fig_06.png,,png,183492,77334e7be27750d218e2109881b9860caa25420829c2d4312f8d4125e49d0b46,958,786,kept,2026-02-07,
407,histoire_diplomatique_du_maroc_7__chunk_08_fig_07.png,,,# histoire diplomatique du maroc التاريخ الدبلوماسي للمغرب من أقدم العصور الى العهد العلوي 7,Abdelhadi Tazi (عبد الهادي التازي),,,Période Alaouite (XVIIe-XIXe s.),,Monographie (arabe),"TAZI, Abdelhadi, al-Tarikh al-Diblumassi li-l-Maghrib (Histoire diplomatique du Maroc), Tome 7",Figure extraite (OCR),histoire diplomatique du maroc التاريخ الدبلوماسي للمغرب من أقدم العصور الى العهد العلوي 7,Académie Royale du Maroc,1989,Période Alaouite (XVIIe-XIXe s.),Arabe,,Rabat,Histoire diplomatique du Maroc,chunk_08,,Unknown,Abdelhadi Tazi (عبد الهادي التازي),,,,/workspaces/PHDM/ALL/ALLMD/histoire diplomatique du maroc التاريخ الدبلوماسي للمغرب من أقدم العصور الى العهد العلوي 7/_FIGURES,/workspaces/PHDM/ALL/ALLMD/histoire diplomatique du maroc التاريخ الدبلوماسي للمغرب من أقدم العصور الى العهد العلوي 7/_FIGURES/chunk_08_fig_07.png,,png,92268,579bebcc44fa8918a78de81f450717531d0a89bc4e02f74571dee93c9e43a77e,442,706,kept,2026-02-07,
408,histoire_diplomatique_du_maroc_7__chunk_08_fig_08.png,,,# histoire diplomatique du maroc التاريخ الدبلوماسي للمغرب من أقدم العصور الى العهد العلوي 7,Abdelhadi Tazi (عبد الهادي التازي),,,Période Alaouite (XVIIe-XIXe s.),,Monographie (arabe),"TAZI, Abdelhadi, al-Tarikh al-Diblumassi li-l-Maghrib (Histoire diplomatique du Maroc), Tome 7",Figure extraite (OCR),histoire diplomatique du maroc التاريخ الدبلوماسي للمغرب من أقدم العصور الى العهد العلوي 7,Académie Royale du Maroc,1989,Période Alaouite (XVIIe-XIXe s.),Arabe,,Rabat,Histoire diplomatique du Maroc,chunk_08,,Unknown,Abdelhadi Tazi (عبد الهادي التازي),,,,/workspaces/PHDM/ALL/ALLMD/histoire diplomatique du maroc التاريخ الدبلوماسي للمغرب من أقدم العصور الى العهد العلوي 7/_FIGURES,/workspaces/PHDM/ALL/ALLMD/histoire diplomatique du maroc التاريخ الدبلوماسي للمغرب من أقدم العصور الى العهد العلوي 7/_FIGURES/chunk_08_fig_08.png,,png,580888,754b6499f1039c98381f443d9964ffa16e9d5641c767ceffb184167679b3a022,1323,938,kept,2026-02-07,
409,histoire_diplomatique_du_maroc_7__chunk_08_fig_09.png,,,# histoire diplomatique du maroc التاريخ الدبلوماسي للمغرب من أقدم العصور الى العهد العلوي 7,Abdelhadi Tazi (عبد الهادي التازي),,,Période Alaouite (XVIIe-XIXe s.),,Monographie (arabe),"TAZI, Abdelhadi, al-Tarikh al-Diblumassi li-l-Maghrib (Histoire diplomatique du Maroc), Tome 7",Figure extraite (OCR),histoire diplomatique du maroc التاريخ الدبلوماسي للمغرب من أقدم العصور الى العهد العلوي 7,Académie Royale du Maroc,1989,Période Alaouite (XVIIe-XIXe s.),Arabe,,Rabat,Histoire diplomatique du Maroc,chunk_08,,Unknown,Abdelhadi Tazi (عبد الهادي التازي),,,,/workspaces/PHDM/ALL/ALLMD/histoire diplomatique du maroc التاريخ الدبلوماسي للمغرب من أقدم العصور الى العهد العلوي 7/_FIGURES,/workspaces/PHDM/ALL/ALLMD/histoire diplomatique du maroc التاريخ الدبلوماسي للمغرب من أقدم العصور الى العهد العلوي 7/_FIGURES/chunk_08_fig_09.png,,png,652241,d8b50da3ecf2ee1ad01adbc4115a2724bdf0ded7f41c3d674d19fd16081d1884,1549,1093,kept,2026-02-07,
411,histoire_diplomatique_du_maroc_7__chunk_08_fig_11.png,,,# histoire diplomatique du maroc التاريخ الدبلوماسي للمغرب من أقدم العصور الى العهد العلوي 7,Abdelhadi Tazi (عبد الهادي التازي),,,Période Alaouite (XVIIe-XIXe s.),,Monographie (arabe),"TAZI, Abdelhadi, al-Tarikh al-Diblumassi li-l-Maghrib (Histoire diplomatique du Maroc), Tome 7",Figure extraite (OCR),histoire diplomatique du maroc التاريخ الدبلوماسي للمغرب من أقدم العصور الى العهد العلوي 7,Académie Royale du Maroc,1989,Période Alaouite (XVIIe-XIXe s.),Arabe,,Rabat,Histoire diplomatique du Maroc,chunk_08,,Unknown,Abdelhadi Tazi (عبد الهادي التازي),,,,/workspaces/PHDM/ALL/ALLMD/histoire diplomatique du maroc التاريخ الدبلوماسي للمغرب من أقدم العصور الى العهد العلوي 7/_FIGURES,/workspaces/PHDM/ALL/ALLMD/histoire diplomatique du maroc التاريخ الدبلوماسي للمغرب من أقدم العصور الى العهد العلوي 7/_FIGURES/chunk_08_fig_11.png,,png,187517,1182b502bcbf1ddab7ba78ebdabdf13c233915ddaeec3806962517052753620d,1163,742,kept,2026-02-07,
412,histoire_diplomatique_du_maroc_7__chunk_08_fig_12.png,,,# histoire diplomatique du maroc التاريخ الدبلوماسي للمغرب من أقدم العصور الى العهد العلوي 7,Abdelhadi Tazi (عبد الهادي التازي),,,Période Alaouite (XVIIe-XIXe s.),,Monographie (arabe),"TAZI, Abdelhadi, al-Tarikh al-Diblumassi li-l-Maghrib (Histoire diplomatique du Maroc), Tome 7",Figure extraite (OCR),histoire diplomatique du maroc التاريخ الدبلوماسي للمغرب من أقدم العصور الى العهد العلوي 7,Académie Royale du Maroc,1989,Période Alaouite (XVIIe-XIXe s.),Arabe,,Rabat,Histoire diplomatique du Maroc,chunk_08,,Unknown,Abdelhadi Tazi (عبد الهادي التازي),,,,/workspaces/PHDM/ALL/ALLMD/histoire diplomatique du maroc التاريخ الدبلوماسي للمغرب من أقدم العصور الى العهد العلوي 7/_FIGURES,/workspaces/PHDM/ALL/ALLMD/histoire diplomatique du maroc التاريخ الدبلوماسي للمغرب من أقدم العصور الى العهد العلوي 7/_FIGURES/chunk_08_fig_12.png,,png,1311416,e636375cc6a573ffc19dccd6b27d1180356251461aaff26b438302d6361c7446,1311,1603,kept,2026-02-07,
413,histoire_diplomatique_du_maroc_7__chunk_08_fig_13.png,,,# histoire diplomatique du maroc التاريخ الدبلوماسي للمغرب من أقدم العصور الى العهد العلوي 7,Abdelhadi Tazi (عبد الهادي التازي),,,Période Alaouite (XVIIe-XIXe s.),,Monographie (arabe),"TAZI, Abdelhadi, al-Tarikh al-Diblumassi li-l-Maghrib (Histoire diplomatique du Maroc), Tome 7",Figure extraite (OCR),histoire diplomatique du maroc التاريخ الدبلوماسي للمغرب من أقدم العصور الى العهد العلوي 7,Académie Royale du Maroc,1989,Période Alaouite (XVIIe-XIXe s.),Arabe,,Rabat,Histoire diplomatique du Maroc,chunk_08,,Unknown,Abdelhadi Tazi (عبد الهادي التازي),,,,/workspaces/PHDM/ALL/ALLMD/histoire diplomatique du maroc التاريخ الدبلوماسي للمغرب من أقدم العصور الى العهد العلوي 7/_FIGURES,/workspaces/PHDM/ALL/ALLMD/histoire diplomatique du maroc التاريخ الدبلوماسي للمغرب من أقدم العصور الى العهد العلوي 7/_FIGURES/chunk_08_fig_13.png,,png,379166,fbf305c14fbc6572eec2e1f89fdd8ff67ccd04ca1f4c6d1ce4a9426631f8c4b7,1091,815,kept,2026-02-07,
414,histoire_diplomatique_du_maroc_7__chunk_09_fig_01.png,,,# histoire diplomatique du maroc التاريخ الدبلوماسي للمغرب من أقدم العصور الى العهد العلوي 7,Abdelhadi Tazi (عبد الهادي التازي),,,Période Alaouite (XVIIe-XIXe s.),,Monographie (arabe),"TAZI, Abdelhadi, al-Tarikh al-Diblumassi li-l-Maghrib (Histoire diplomatique du Maroc), Tome 7",Figure extraite (OCR),histoire diplomatique du maroc التاريخ الدبلوماسي للمغرب من أقدم العصور الى العهد العلوي 7,Académie Royale du Maroc,1989,Période Alaouite (XVIIe-XIXe s.),Arabe,,Rabat,Histoire diplomatique du Maroc,chunk_09,,Unknown,Abdelhadi Tazi (عبد الهادي التازي),,,,/workspaces/PHDM/ALL/ALLMD/histoire diplomatique du maroc التاريخ الدبلوماسي للمغرب من أقدم العصور الى العهد العلوي 7/_FIGURES,/workspaces/PHDM/ALL/ALLMD/histoire diplomatique du maroc التاريخ الدبلوماسي للمغرب من أقدم العصور الى العهد العلوي 7/_FIGURES/chunk_09_fig_01.png,,png,342947,dceb9012cf2182b3077db729b25256849c64238dd28cfce5c4e4ddbdacc76c3a,1148,917,kept,2026-02-07,
415,histoire_diplomatique_du_maroc_7__chunk_09_fig_02.png,,,# histoire diplomatique du maroc التاريخ الدبلوماسي للمغرب من أقدم العصور الى العهد العلوي 7,Abdelhadi Tazi (عبد الهادي التازي),,,Période Alaouite (XVIIe-XIXe s.),,Monographie (arabe),"TAZI, Abdelhadi, al-Tarikh al-Diblumassi li-l-Maghrib (Histoire diplomatique du Maroc), Tome 7",Figure extraite (OCR),histoire diplomatique du maroc التاريخ الدبلوماسي للمغرب من أقدم العصور الى العهد العلوي 7,Académie Royale du Maroc,1989,Période Alaouite (XVIIe-XIXe s.),Arabe,,Rabat,Histoire diplomatique du Maroc,chunk_09,,Unknown,Abdelhadi Tazi (عبد الهادي التازي),,,,/workspaces/PHDM/ALL/ALLMD/histoire diplomatique du maroc التاريخ الدبلوماسي للمغرب من أقدم العصور الى العهد العلوي 7/_FIGURES,/workspaces/PHDM/ALL/ALLMD/histoire diplomatique du maroc التاريخ الدبلوماسي للمغرب من أقدم العصور الى العهد العلوي 7/_FIGURES/chunk_09_fig_02.png,,png,609895,0a515e888ccae0324ba5ec90106a8acca1b1f6d592df9deede7c77baa7119f79,1327,957,kept,2026-02-07,
416,histoire_diplomatique_du_maroc_7__chunk_09_fig_03.png,,,# histoire diplomatique du maroc التاريخ الدبلوماسي للمغرب من أقدم العصور الى العهد العلوي 7,Abdelhadi Tazi (عبد الهادي التازي),,,Période Alaouite (XVIIe-XIXe s.),,Monographie (arabe),"TAZI, Abdelhadi, al-Tarikh al-Diblumassi li-l-Maghrib (Histoire diplomatique du Maroc), Tome 7",Figure extraite (OCR),histoire diplomatique du maroc التاريخ الدبلوماسي للمغرب من أقدم العصور الى العهد العلوي 7,Académie Royale du Maroc,1989,Période Alaouite (XVIIe-XIXe s.),Arabe,,Rabat,Histoire diplomatique du Maroc,chunk_09,,Unknown,Abdelhadi Tazi (عبد الهادي التازي),,,,/workspaces/PHDM/ALL/ALLMD/histoire diplomatique du maroc التاريخ الدبلوماسي للمغرب من أقدم العصور الى العهد العلوي 7/_FIGURES,/workspaces/PHDM/ALL/ALLMD/histoire diplomatique du maroc التاريخ الدبلوماسي للمغرب من أقدم العصور الى العهد العلوي 7/_FIGURES/chunk_09_fig_03.png,,png,395354,1d58489cced74f150caa21bebd6dfcec36d67236e50134de023e2eda5a639d80,1351,777,kept,2026-02-07,
417,histoire_diplomatique_du_maroc_7__chunk_09_fig_04.png,,,# histoire diplomatique du maroc التاريخ الدبلوماسي للمغرب من أقدم العصور الى العهد العلوي 7,Abdelhadi Tazi (عبد الهادي التازي),,,Période Alaouite (XVIIe-XIXe s.),,Monographie (arabe),"TAZI, Abdelhadi, al-Tarikh al-Diblumassi li-l-Maghrib (Histoire diplomatique du Maroc), Tome 7",Figure extraite (OCR),histoire diplomatique du maroc التاريخ الدبلوماسي للمغرب من أقدم العصور الى العهد العلوي 7,Académie Royale du Maroc,1989,Période Alaouite (XVIIe-XIXe s.),Arabe,,Rabat,Histoire diplomatique du Maroc,chunk_09,,Unknown,Abdelhadi Tazi (عبد الهادي التازي),,,,/workspaces/PHDM/ALL/ALLMD/histoire diplomatique du maroc التاريخ الدبلوماسي للمغرب من أقدم العصور الى العهد العلوي 7/_FIGURES,/workspaces/PHDM/ALL/ALLMD/histoire diplomatique du maroc التاريخ الدبلوماسي للمغرب من أقدم العصور الى العهد العلوي 7/_FIGURES/chunk_09_fig_04.png,,png,711262,0b20fb755d72278f35460fbe6d2032f0f86cc632ec373f801cdb192596104598,1436,1527,kept,2026-02-07,
418,histoire_diplomatique_du_maroc_7__chunk_09_fig_05.png,,,# histoire diplomatique du maroc التاريخ الدبلوماسي للمغرب من أقدم العصور الى العهد العلوي 7,Abdelhadi Tazi (عبد الهادي التازي),,,Période Alaouite (XVIIe-XIXe s.),,Monographie (arabe),"TAZI, Abdelhadi, al-Tarikh al-Diblumassi li-l-Maghrib (Histoire diplomatique du Maroc), Tome 7",Figure extraite (OCR),histoire diplomatique du maroc التاريخ الدبلوماسي للمغرب من أقدم العصور الى العهد العلوي 7,Académie Royale du Maroc,1989,Période Alaouite (XVIIe-XIXe s.),Arabe,,Rabat,Histoire diplomatique du Maroc,chunk_09,,Unknown,Abdelhadi Tazi (عبد الهادي التازي),,,,/workspaces/PHDM/ALL/ALLMD/histoire diplomatique du maroc التاريخ الدبلوماسي للمغرب من أقدم العصور الى العهد العلوي 7/_FIGURES,/workspaces/PHDM/ALL/ALLMD/histoire diplomatique du maroc التاريخ الدبلوماسي للمغرب من أقدم العصور الى العهد العلوي 7/_FIGURES/chunk_09_fig_05.png,,png,676170,f95c89a3e233e44f971bddf2b54382b27365fe740a3457463d2f2523977a25bb,1494,1285,kept,2026-02-07,
419,histoire_diplomatique_du_maroc_7__chunk_09_fig_06.png,,,# histoire diplomatique du maroc التاريخ الدبلوماسي للمغرب من أقدم العصور الى العهد العلوي 7,Abdelhadi Tazi (عبد الهادي التازي),,,Période Alaouite (XVIIe-XIXe s.),,Monographie (arabe),"TAZI, Abdelhadi, al-Tarikh al-Diblumassi li-l-Maghrib (Histoire diplomatique du Maroc), Tome 7",Figure extraite (OCR),histoire diplomatique du maroc التاريخ الدبلوماسي للمغرب من أقدم العصور الى العهد العلوي 7,Académie Royale du Maroc,1989,Période Alaouite (XVIIe-XIXe s.),Arabe,,Rabat,Histoire diplomatique du Maroc,chunk_09,,Unknown,Abdelhadi Tazi (عبد الهادي التازي),,,,/workspaces/PHDM/ALL/ALLMD/histoire diplomatique du maroc التاريخ الدبلوماسي للمغرب من أقدم العصور الى العهد العلوي 7/_FIGURES,/workspaces/PHDM/ALL/ALLMD/histoire diplomatique du maroc التاريخ الدبلوماسي للمغرب من أقدم العصور الى العهد العلوي 7/_FIGURES/chunk_09_fig_06.png,,png,866942,d4069ac115fb0eab71134fe713a478750dc1ba986de7c09b485d00a08a07bf0d,1522,1137,kept,2026-02-07,
420,histoire_diplomatique_du_maroc_7__chunk_09_fig_07.png,,,# histoire diplomatique du maroc التاريخ الدبلوماسي للمغرب من أقدم العصور الى العهد العلوي 7,Abdelhadi Tazi (عبد الهادي التازي),,,Période Alaouite (XVIIe-XIXe s.),,Monographie (arabe),"TAZI, Abdelhadi, al-Tarikh al-Diblumassi li-l-Maghrib (Histoire diplomatique du Maroc), Tome 7",Figure extraite (OCR),histoire diplomatique du maroc التاريخ الدبلوماسي للمغرب من أقدم العصور الى العهد العلوي 7,Académie Royale du Maroc,1989,Période Alaouite (XVIIe-XIXe s.),Arabe,,Rabat,Histoire diplomatique du Maroc,chunk_09,,Unknown,Abdelhadi Tazi (عبد الهادي التازي),,,,/workspaces/PHDM/ALL/ALLMD/histoire diplomatique du maroc التاريخ الدبلوماسي للمغرب من أقدم العصور الى العهد العلوي 7/_FIGURES,/workspaces/PHDM/ALL/ALLMD/histoire diplomatique du maroc التاريخ الدبلوماسي للمغرب من أقدم العصور الى العهد العلوي 7/_FIGURES/chunk_09_fig_07.png,,png,456342,00be5edc59f38157d8b8d3d109ac4e4ae6077238b100ea261803133e2177cb83,796,775,kept,2026-02-07,
421,histoire_diplomatique_du_maroc_7__chunk_09_fig_08.png,,,# histoire diplomatique du maroc التاريخ الدبلوماسي للمغرب من أقدم العصور الى العهد العلوي 7,Abdelhadi Tazi (عبد الهادي التازي),,,Période Alaouite (XVIIe-XIXe s.),,Monographie (arabe),"TAZI, Abdelhadi, al-Tarikh al-Diblumassi li-l-Maghrib (Histoire diplomatique du Maroc), Tome 7",Figure extraite (OCR),histoire diplomatique du maroc التاريخ الدبلوماسي للمغرب من أقدم العصور الى العهد العلوي 7,Académie Royale du Maroc,1989,Période Alaouite (XVIIe-XIXe s.),Arabe,,Rabat,Histoire diplomatique du Maroc,chunk_09,,Unknown,Abdelhadi Tazi (عبد الهادي التازي),,,,/workspaces/PHDM/ALL/ALLMD/histoire diplomatique du maroc التاريخ الدبلوماسي للمغرب من أقدم العصور الى العهد العلوي 7/_FIGURES,/workspaces/PHDM/ALL/ALLMD/histoire diplomatique du maroc التاريخ الدبلوماسي للمغرب من أقدم العصور الى العهد العلوي 7/_FIGURES/chunk_09_fig_08.png,,png,592333,0fb3240617090c26fdb6371be6260927f1127a8d4c225c581b9a6406ee751f22,1070,652,kept,2026-02-07,
422,histoire_diplomatique_du_maroc_7__chunk_09_fig_09.png,,,# histoire diplomatique du maroc التاريخ الدبلوماسي للمغرب من أقدم العصور الى العهد العلوي 7,Abdelhadi Tazi (عبد الهادي التازي),,,Période Alaouite (XVIIe-XIXe s.),,Monographie (arabe),"TAZI, Abdelhadi, al-Tarikh al-Diblumassi li-l-Maghrib (Histoire diplomatique du Maroc), Tome 7",Figure extraite (OCR),histoire diplomatique du maroc التاريخ الدبلوماسي للمغرب من أقدم العصور الى العهد العلوي 7,Académie Royale du Maroc,1989,Période Alaouite (XVIIe-XIXe s.),Arabe,,Rabat,Histoire diplomatique du Maroc,chunk_09,,Unknown,Abdelhadi Tazi (عبد الهادي التازي),,,,/workspaces/PHDM/ALL/ALLMD/histoire diplomatique du maroc التاريخ الدبلوماسي للمغرب من أقدم العصور الى العهد العلوي 7/_FIGURES,/workspaces/PHDM/ALL/ALLMD/histoire diplomatique du maroc التاريخ الدبلوماسي للمغرب من أقدم العصور الى العهد العلوي 7/_FIGURES/chunk_09_fig_09.png,,png,590334,9057efaa617695d45202afb114072b05b5b38891e7d416895235bdaff9dc9e91,848,951,kept,2026-02-07,
423,histoire_diplomatique_du_maroc_7__chunk_09_fig_10.png,,,# histoire diplomatique du maroc التاريخ الدبلوماسي للمغرب من أقدم العصور الى العهد العلوي 7,Abdelhadi Tazi (عبد الهادي التازي),,,Période Alaouite (XVIIe-XIXe s.),,Monographie (arabe),"TAZI, Abdelhadi, al-Tarikh al-Diblumassi li-l-Maghrib (Histoire diplomatique du Maroc), Tome 7",Figure extraite (OCR),histoire diplomatique du maroc التاريخ الدبلوماسي للمغرب من أقدم العصور الى العهد العلوي 7,Académie Royale du Maroc,1989,Période Alaouite (XVIIe-XIXe s.),Arabe,,Rabat,Histoire diplomatique du Maroc,chunk_09,,Unknown,Abdelhadi Tazi (عبد الهادي التازي),,,,/workspaces/PHDM/ALL/ALLMD/histoire diplomatique du maroc التاريخ الدبلوماسي للمغرب من أقدم العصور الى العهد العلوي 7/_FIGURES,/workspaces/PHDM/ALL/ALLMD/histoire diplomatique du maroc التاريخ الدبلوماسي للمغرب من أقدم العصور الى العهد العلوي 7/_FIGURES/chunk_09_fig_10.png,,png,478337,9c015f7f06e666e35949bd9ba0a1252b9c0b090a0861df7b46b236a96d58ca2b,1130,969,kept,2026-02-07,
424,histoire_diplomatique_du_maroc_7__chunk_09_fig_11.png,,,# histoire diplomatique du maroc التاريخ الدبلوماسي للمغرب من أقدم العصور الى العهد العلوي 7,Abdelhadi Tazi (عبد الهادي التازي),,,Période Alaouite (XVIIe-XIXe s.),,Monographie (arabe),"TAZI, Abdelhadi, al-Tarikh al-Diblumassi li-l-Maghrib (Histoire diplomatique du Maroc), Tome 7",Figure extraite (OCR),histoire diplomatique du maroc التاريخ الدبلوماسي للمغرب من أقدم العصور الى العهد العلوي 7,Académie Royale du Maroc,1989,Période Alaouite (XVIIe-XIXe s.),Arabe,,Rabat,Histoire diplomatique du Maroc,chunk_09,,Unknown,Abdelhadi Tazi (عبد الهادي التازي),,,,/workspaces/PHDM/ALL/ALLMD/histoire diplomatique du maroc التاريخ الدبلوماسي للمغرب من أقدم العصور الى العهد العلوي 7/_FIGURES,/workspaces/PHDM/ALL/ALLMD/histoire diplomatique du maroc التاريخ الدبلوماسي للمغرب من أقدم العصور الى العهد العلوي 7/_FIGURES/chunk_09_fig_11.png,,png,188950,7cd48684e76ed7c79490e43b9f1bfb1f282cb4cb12e1f7b7bf78c5253402216c,648,812,kept,2026-02-07,
425,histoire_diplomatique_du_maroc_7__chunk_09_fig_12.png,,,# histoire diplomatique du maroc التاريخ الدبلوماسي للمغرب من أقدم العصور الى العهد العلوي 7,Abdelhadi Tazi (عبد الهادي التازي),,,Période Alaouite (XVIIe-XIXe s.),,Monographie (arabe),"TAZI, Abdelhadi, al-Tarikh al-Diblumassi li-l-Maghrib (Histoire diplomatique du Maroc), Tome 7",Figure extraite (OCR),histoire diplomatique du maroc التاريخ الدبلوماسي للمغرب من أقدم العصور الى العهد العلوي 7,Académie Royale du Maroc,1989,Période Alaouite (XVIIe-XIXe s.),Arabe,,Rabat,Histoire diplomatique du Maroc,chunk_09,,Unknown,Abdelhadi Tazi (عبد الهادي التازي),,,,/workspaces/PHDM/ALL/ALLMD/histoire diplomatique du maroc التاريخ الدبلوماسي للمغرب من أقدم العصور الى العهد العلوي 7/_FIGURES,/workspaces/PHDM/ALL/ALLMD/histoire diplomatique du maroc التاريخ الدبلوماسي للمغرب من أقدم العصور الى العهد العلوي 7/_FIGURES/chunk_09_fig_12.png,,png,559501,dd2773f242a7bcdbdcc743b4a9dc027f3b85f83b0a9c9f18012cb6648474319e,1358,933,kept,2026-02-07,
426,histoire_diplomatique_du_maroc_7__chunk_09_fig_13.png,,,# histoire diplomatique du maroc التاريخ الدبلوماسي للمغرب من أقدم العصور الى العهد العلوي 7,Abdelhadi Tazi (عبد الهادي التازي),,,Période Alaouite (XVIIe-XIXe s.),,Monographie (arabe),"TAZI, Abdelhadi, al-Tarikh al-Diblumassi li-l-Maghrib (Histoire diplomatique du Maroc), Tome 7",Figure extraite (OCR),histoire diplomatique du maroc التاريخ الدبلوماسي للمغرب من أقدم العصور الى العهد العلوي 7,Académie Royale du Maroc,1989,Période Alaouite (XVIIe-XIXe s.),Arabe,,Rabat,Histoire diplomatique du Maroc,chunk_09,,Unknown,Abdelhadi Tazi (عبد الهادي التازي),,,,/workspaces/PHDM/ALL/ALLMD/histoire diplomatique du maroc التاريخ الدبلوماسي للمغرب من أقدم العصور الى العهد العلوي 7/_FIGURES,/workspaces/PHDM/ALL/ALLMD/histoire diplomatique du maroc التاريخ الدبلوماسي للمغرب من أقدم العصور الى العهد العلوي 7/_FIGURES/chunk_09_fig_13.png,,png,457431,e6e22ac4e0ca0398e03aa2b674c72f4f2ae9decd3b7e10e06ef646570f638252,1220,860,kept,2026-02-07,
427,histoire_diplomatique_du_maroc_7__chunk_09_fig_14.png,,,# histoire diplomatique du maroc التاريخ الدبلوماسي للمغرب من أقدم العصور الى العهد العلوي 7,Abdelhadi Tazi (عبد الهادي التازي),,,Période Alaouite (XVIIe-XIXe s.),,Monographie (arabe),"TAZI, Abdelhadi, al-Tarikh al-Diblumassi li-l-Maghrib (Histoire diplomatique du Maroc), Tome 7",Figure extraite (OCR),histoire diplomatique du maroc التاريخ الدبلوماسي للمغرب من أقدم العصور الى العهد العلوي 7,Académie Royale du Maroc,1989,Période Alaouite (XVIIe-XIXe s.),Arabe,,Rabat,Histoire diplomatique du Maroc,chunk_09,,Unknown,Abdelhadi Tazi (عبد الهادي التازي),,,,/workspaces/PHDM/ALL/ALLMD/histoire diplomatique du maroc التاريخ الدبلوماسي للمغرب من أقدم العصور الى العهد العلوي 7/_FIGURES,/workspaces/PHDM/ALL/ALLMD/histoire diplomatique du maroc التاريخ الدبلوماسي للمغرب من أقدم العصور الى العهد العلوي 7/_FIGURES/chunk_09_fig_14.png,,png,248880,67a5e85407e66ad501be8512dd569314bcaef7c9762d4459e49e8b5bc7ecb3f9,1000,736,kept,2026-02-07,
428,histoire_diplomatique_du_maroc_7__chunk_10_fig_01.png,,,# histoire diplomatique du maroc التاريخ الدبلوماسي للمغرب من أقدم العصور الى العهد العلوي 7,Abdelhadi Tazi (عبد الهادي التازي),,,Période Alaouite (XVIIe-XIXe s.),,Monographie (arabe),"TAZI, Abdelhadi, al-Tarikh al-Diblumassi li-l-Maghrib (Histoire diplomatique du Maroc), Tome 7",Figure extraite (OCR),histoire diplomatique du maroc التاريخ الدبلوماسي للمغرب من أقدم العصور الى العهد العلوي 7,Académie Royale du Maroc,1989,Période Alaouite (XVIIe-XIXe s.),Arabe,,Rabat,Histoire diplomatique du Maroc,chunk_10,,Unknown,Abdelhadi Tazi (عبد الهادي التازي),,,,/workspaces/PHDM/ALL/ALLMD/histoire diplomatique du maroc التاريخ الدبلوماسي للمغرب من أقدم العصور الى العهد العلوي 7/_FIGURES,/workspaces/PHDM/ALL/ALLMD/histoire diplomatique du maroc التاريخ الدبلوماسي للمغرب من أقدم العصور الى العهد العلوي 7/_FIGURES/chunk_10_fig_01.png,,png,215771,3a987a6a56c063514f0f430d7a7f6f68519f83e665e41128c0fb90da9eab85c4,1286,865,kept,2026-02-07,
429,histoire_diplomatique_du_maroc_7__chunk_10_fig_02.png,,,# histoire diplomatique du maroc التاريخ الدبلوماسي للمغرب من أقدم العصور الى العهد العلوي 7,Abdelhadi Tazi (عبد الهادي التازي),,,Période Alaouite (XVIIe-XIXe s.),,Monographie (arabe),"TAZI, Abdelhadi, al-Tarikh al-Diblumassi li-l-Maghrib (Histoire diplomatique du Maroc), Tome 7",Figure extraite (OCR),histoire diplomatique du maroc التاريخ الدبلوماسي للمغرب من أقدم العصور الى العهد العلوي 7,Académie Royale du Maroc,1989,Période Alaouite (XVIIe-XIXe s.),Arabe,,Rabat,Histoire diplomatique du Maroc,chunk_10,,Unknown,Abdelhadi Tazi (عبد الهادي التازي),,,,/workspaces/PHDM/ALL/ALLMD/histoire diplomatique du maroc التاريخ الدبلوماسي للمغرب من أقدم العصور الى العهد العلوي 7/_FIGURES,/workspaces/PHDM/ALL/ALLMD/histoire diplomatique du maroc التاريخ الدبلوماسي للمغرب من أقدم العصور الى العهد العلوي 7/_FIGURES/chunk_10_fig_02.png,,png,177825,973eb23bb90282f28c1be306cbbba5077a0b792fa5ff88428565dfe207e7ff81,1194,618,kept,2026-02-07,
430,histoire_diplomatique_du_maroc_7__chunk_10_fig_03.png,,,# histoire diplomatique du maroc التاريخ الدبلوماسي للمغرب من أقدم العصور الى العهد العلوي 7,Abdelhadi Tazi (عبد الهادي التازي),,,Période Alaouite (XVIIe-XIXe s.),,Monographie (arabe),"TAZI, Abdelhadi, al-Tarikh al-Diblumassi li-l-Maghrib (Histoire diplomatique du Maroc), Tome 7",Figure extraite (OCR),histoire diplomatique du maroc التاريخ الدبلوماسي للمغرب من أقدم العصور الى العهد العلوي 7,Académie Royale du Maroc,1989,Période Alaouite (XVIIe-XIXe s.),Arabe,,Rabat,Histoire diplomatique du Maroc,chunk_10,,Unknown,Abdelhadi Tazi (عبد الهادي التازي),,,,/workspaces/PHDM/ALL/ALLMD/histoire diplomatique du maroc التاريخ الدبلوماسي للمغرب من أقدم العصور الى العهد العلوي 7/_FIGURES,/workspaces/PHDM/ALL/ALLMD/histoire diplomatique du maroc التاريخ الدبلوماسي للمغرب من أقدم العصور الى العهد العلوي 7/_FIGURES/chunk_10_fig_03.png,,png,780077,b5850649affc77b43f4c1494191e59662bb158826fc28dfb0d667153e596d5f5,1106,1349,kept,2026-02-07,
431,histoire_diplomatique_du_maroc_7__chunk_10_fig_04.png,,,# histoire diplomatique du maroc التاريخ الدبلوماسي للمغرب من أقدم العصور الى العهد العلوي 7,Abdelhadi Tazi (عبد الهادي التازي),,,Période Alaouite (XVIIe-XIXe s.),,Monographie (arabe),"TAZI, Abdelhadi, al-Tarikh al-Diblumassi li-l-Maghrib (Histoire diplomatique du Maroc), Tome 7",Figure extraite (OCR),histoire diplomatique du maroc التاريخ الدبلوماسي للمغرب من أقدم العصور الى العهد العلوي 7,Académie Royale du Maroc,1989,Période Alaouite (XVIIe-XIXe s.),Arabe,,Rabat,Histoire diplomatique du Maroc,chunk_10,,Unknown,Abdelhadi Tazi (عبد الهادي التازي),,,,/workspaces/PHDM/ALL/ALLMD/histoire diplomatique du maroc التاريخ الدبلوماسي للمغرب من أقدم العصور الى العهد العلوي 7/_FIGURES,/workspaces/PHDM/ALL/ALLMD/histoire diplomatique du maroc التاريخ الدبلوماسي للمغرب من أقدم العصور الى العهد العلوي 7/_FIGURES/chunk_10_fig_04.png,,png,1087958,0e8379a6d272d62553c5d5323e37e64d2674a43244b0a40b826e3a155a8cd173,1358,1051,kept,2026-02-07,
432,histoire_diplomatique_du_maroc_7__chunk_10_fig_05.png,,,# histoire diplomatique du maroc التاريخ الدبلوماسي للمغرب من أقدم العصور الى العهد العلوي 7,Abdelhadi Tazi (عبد الهادي التازي),,,Période Alaouite (XVIIe-XIXe s.),,Monographie (arabe),"TAZI, Abdelhadi, al-Tarikh al-Diblumassi li-l-Maghrib (Histoire diplomatique du Maroc), Tome 7",Figure extraite (OCR),histoire diplomatique du maroc التاريخ الدبلوماسي للمغرب من أقدم العصور الى العهد العلوي 7,Académie Royale du Maroc,1989,Période Alaouite (XVIIe-XIXe s.),Arabe,,Rabat,Histoire diplomatique du Maroc,chunk_10,,Unknown,Abdelhadi Tazi (عبد الهادي التازي),,,,/workspaces/PHDM/ALL/ALLMD/histoire diplomatique du maroc التاريخ الدبلوماسي للمغرب من أقدم العصور الى العهد العلوي 7/_FIGURES,/workspaces/PHDM/ALL/ALLMD/histoire diplomatique du maroc التاريخ الدبلوماسي للمغرب من أقدم العصور الى العهد العلوي 7/_FIGURES/chunk_10_fig_05.png,,png,503469,3ce87d03c2b78ea383c4899e1718fe61a988800fde3e634a7dc826b6338d03f5,1355,881,kept,2026-02-07,
433,histoire_diplomatique_du_maroc_7__chunk_10_fig_06.png,,,# histoire diplomatique du maroc التاريخ الدبلوماسي للمغرب من أقدم العصور الى العهد العلوي 7,Abdelhadi Tazi (عبد الهادي التازي),,,Période Alaouite (XVIIe-XIXe s.),,Monographie (arabe),"TAZI, Abdelhadi, al-Tarikh al-Diblumassi li-l-Maghrib (Histoire diplomatique du Maroc), Tome 7",Figure extraite (OCR),histoire diplomatique du maroc التاريخ الدبلوماسي للمغرب من أقدم العصور الى العهد العلوي 7,Académie Royale du Maroc,1989,Période Alaouite (XVIIe-XIXe s.),Arabe,,Rabat,Histoire diplomatique du Maroc,chunk_10,,Unknown,Abdelhadi Tazi (عبد الهادي التازي),,,,/workspaces/PHDM/ALL/ALLMD/histoire diplomatique du maroc التاريخ الدبلوماسي للمغرب من أقدم العصور الى العهد العلوي 7/_FIGURES,/workspaces/PHDM/ALL/ALLMD/histoire diplomatique du maroc التاريخ الدبلوماسي للمغرب من أقدم العصور الى العهد العلوي 7/_FIGURES/chunk_10_fig_06.png,,png,363965,b95316c1d6ec28414634f1f1c859414b93f57f91b4300c82f3ac829f3cc1ae5a,1441,1645,kept,2026-02-07,
434,histoire_diplomatique_du_maroc_7__chunk_10_fig_07.png,,,# histoire diplomatique du maroc التاريخ الدبلوماسي للمغرب من أقدم العصور الى العهد العلوي 7,Abdelhadi Tazi (عبد الهادي التازي),,,Période Alaouite (XVIIe-XIXe s.),,Monographie (arabe),"TAZI, Abdelhadi, al-Tarikh al-Diblumassi li-l-Maghrib (Histoire diplomatique du Maroc), Tome 7",Figure extraite (OCR),histoire diplomatique du maroc التاريخ الدبلوماسي للمغرب من أقدم العصور الى العهد العلوي 7,Académie Royale du Maroc,1989,Période Alaouite (XVIIe-XIXe s.),Arabe,,Rabat,Histoire diplomatique du Maroc,chunk_10,,Unknown,Abdelhadi Tazi (عبد الهادي التازي),,,,/workspaces/PHDM/ALL/ALLMD/histoire diplomatique du maroc التاريخ الدبلوماسي للمغرب من أقدم العصور الى العهد العلوي 7/_FIGURES,/workspaces/PHDM/ALL/ALLMD/histoire diplomatique du maroc التاريخ الدبلوماسي للمغرب من أقدم العصور الى العهد العلوي 7/_FIGURES/chunk_10_fig_07.png,,png,1968026,e6988d78742911fedb8eefb336dd35ff1cbaba4492757d69ab144af66c0aef3e,1230,1667,kept,2026-02-07,
435,histoire_diplomatique_du_maroc_7__chunk_10_fig_08.png,,,# histoire diplomatique du maroc التاريخ الدبلوماسي للمغرب من أقدم العصور الى العهد العلوي 7,Abdelhadi Tazi (عبد الهادي التازي),,,Période Alaouite (XVIIe-XIXe s.),,Monographie (arabe),"TAZI, Abdelhadi, al-Tarikh al-Diblumassi li-l-Maghrib (Histoire diplomatique du Maroc), Tome 7",Figure extraite (OCR),histoire diplomatique du maroc التاريخ الدبلوماسي للمغرب من أقدم العصور الى العهد العلوي 7,Académie Royale du Maroc,1989,Période Alaouite (XVIIe-XIXe s.),Arabe,,Rabat,Histoire diplomatique du Maroc,chunk_10,,Unknown,Abdelhadi Tazi (عبد الهادي التازي),,,,/workspaces/PHDM/ALL/ALLMD/histoire diplomatique du maroc التاريخ الدبلوماسي للمغرب من أقدم العصور الى العهد العلوي 7/_FIGURES,/workspaces/PHDM/ALL/ALLMD/histoire diplomatique du maroc التاريخ الدبلوماسي للمغرب من أقدم العصور الى العهد العلوي 7/_FIGURES/chunk_10_fig_08.png,,png,962554,b7e33d3f7b254964b218aaf05ed3a6febdb1a2e16bd33b0c5dc4f9113309807c,972,1385,kept,2026-02-07,
436,histoire_diplomatique_du_maroc_7__chunk_10_fig_09.png,,,# histoire diplomatique du maroc التاريخ الدبلوماسي للمغرب من أقدم العصور الى العهد العلوي 7,Abdelhadi Tazi (عبد الهادي التازي),,,Période Alaouite (XVIIe-XIXe s.),,Monographie (arabe),"TAZI, Abdelhadi, al-Tarikh al-Diblumassi li-l-Maghrib (Histoire diplomatique du Maroc), Tome 7",Figure extraite (OCR),histoire diplomatique du maroc التاريخ الدبلوماسي للمغرب من أقدم العصور الى العهد العلوي 7,Académie Royale du Maroc,1989,Période Alaouite (XVIIe-XIXe s.),Arabe,,Rabat,Histoire diplomatique du Maroc,chunk_10,,Unknown,Abdelhadi Tazi (عبد الهادي التازي),,,,/workspaces/PHDM/ALL/ALLMD/histoire diplomatique du maroc التاريخ الدبلوماسي للمغرب من أقدم العصور الى العهد العلوي 7/_FIGURES,/workspaces/PHDM/ALL/ALLMD/histoire diplomatique du maroc التاريخ الدبلوماسي للمغرب من أقدم العصور الى العهد العلوي 7/_FIGURES/chunk_10_fig_09.png,,png,409054,d2568cc2198f388f586063749997ad4de56517a5ba4cbcf25ce8314ab109846a,1111,839,kept,2026-02-07,
437,histoire_diplomatique_du_maroc_7__chunk_10_fig_10.png,,,# histoire diplomatique du maroc التاريخ الدبلوماسي للمغرب من أقدم العصور الى العهد العلوي 7,Abdelhadi Tazi (عبد الهادي التازي),,,Période Alaouite (XVIIe-XIXe s.),,Monographie (arabe),"TAZI, Abdelhadi, al-Tarikh al-Diblumassi li-l-Maghrib (Histoire diplomatique du Maroc), Tome 7",Figure extraite (OCR),histoire diplomatique du maroc التاريخ الدبلوماسي للمغرب من أقدم العصور الى العهد العلوي 7,Académie Royale du Maroc,1989,Période Alaouite (XVIIe-XIXe s.),Arabe,,Rabat,Histoire diplomatique du Maroc,chunk_10,,Unknown,Abdelhadi Tazi (عبد الهادي التازي),,,,/workspaces/PHDM/ALL/ALLMD/histoire diplomatique du maroc التاريخ الدبلوماسي للمغرب من أقدم العصور الى العهد العلوي 7/_FIGURES,/workspaces/PHDM/ALL/ALLMD/histoire diplomatique du maroc التاريخ الدبلوماسي للمغرب من أقدم العصور الى العهد العلوي 7/_FIGURES/chunk_10_fig_10.png,,png,671634,d63bdb0367302c96c34b0c486bdc279829bce8b14227e5828fed1d533ae00bfd,1516,1036,kept,2026-02-07,
438,histoire_diplomatique_du_maroc_7__chunk_11_fig_01.png,,,# histoire diplomatique du maroc التاريخ الدبلوماسي للمغرب من أقدم العصور الى العهد العلوي 7,Abdelhadi Tazi (عبد الهادي التازي),,,Période Alaouite (XVIIe-XIXe s.),,Monographie (arabe),"TAZI, Abdelhadi, al-Tarikh al-Diblumassi li-l-Maghrib (Histoire diplomatique du Maroc), Tome 7",Figure extraite (OCR),histoire diplomatique du maroc التاريخ الدبلوماسي للمغرب من أقدم العصور الى العهد العلوي 7,Académie Royale du Maroc,1989,Période Alaouite (XVIIe-XIXe s.),Arabe,,Rabat,Histoire diplomatique du Maroc,chunk_11,,Unknown,Abdelhadi Tazi (عبد الهادي التازي),,,,/workspaces/PHDM/ALL/ALLMD/histoire diplomatique du maroc التاريخ الدبلوماسي للمغرب من أقدم العصور الى العهد العلوي 7/_FIGURES,/workspaces/PHDM/ALL/ALLMD/histoire diplomatique du maroc التاريخ الدبلوماسي للمغرب من أقدم العصور الى العهد العلوي 7/_FIGURES/chunk_11_fig_01.png,,png,276571,3539203957e9e028c7a5a3f51625ccf9dc0a1cdc2cc1ae882a5376f3cdcaf5f4,1192,776,kept,2026-02-07,
439,histoire_diplomatique_du_maroc_7__chunk_11_fig_02.png,,,# histoire diplomatique du maroc التاريخ الدبلوماسي للمغرب من أقدم العصور الى العهد العلوي 7,Abdelhadi Tazi (عبد الهادي التازي),,,Période Alaouite (XVIIe-XIXe s.),,Monographie (arabe),"TAZI, Abdelhadi, al-Tarikh al-Diblumassi li-l-Maghrib (Histoire diplomatique du Maroc), Tome 7",Figure extraite (OCR),histoire diplomatique du maroc التاريخ الدبلوماسي للمغرب من أقدم العصور الى العهد العلوي 7,Académie Royale du Maroc,1989,Période Alaouite (XVIIe-XIXe s.),Arabe,,Rabat,Histoire diplomatique du Maroc,chunk_11,,Unknown,Abdelhadi Tazi (عبد الهادي التازي),,,,/workspaces/PHDM/ALL/ALLMD/histoire diplomatique du maroc التاريخ الدبلوماسي للمغرب من أقدم العصور الى العهد العلوي 7/_FIGURES,/workspaces/PHDM/ALL/ALLMD/histoire diplomatique du maroc التاريخ الدبلوماسي للمغرب من أقدم العصور الى العهد العلوي 7/_FIGURES/chunk_11_fig_02.png,,png,645896,edaf74b9d4fa54248688c595ab5b014c400617db85a4cc3c4ee2eaf4ca799b9f,859,1102,kept,2026-02-07,
440,histoire_diplomatique_du_maroc_7__chunk_11_fig_03.png,,,# histoire diplomatique du maroc التاريخ الدبلوماسي للمغرب من أقدم العصور الى العهد العلوي 7,Abdelhadi Tazi (عبد الهادي التازي),,,Période Alaouite (XVIIe-XIXe s.),,Monographie (arabe),"TAZI, Abdelhadi, al-Tarikh al-Diblumassi li-l-Maghrib (Histoire diplomatique du Maroc), Tome 7",Figure extraite (OCR),histoire diplomatique du maroc التاريخ الدبلوماسي للمغرب من أقدم العصور الى العهد العلوي 7,Académie Royale du Maroc,1989,Période Alaouite (XVIIe-XIXe s.),Arabe,,Rabat,Histoire diplomatique du Maroc,chunk_11,,Unknown,Abdelhadi Tazi (عبد الهادي التازي),,,,/workspaces/PHDM/ALL/ALLMD/histoire diplomatique du maroc التاريخ الدبلوماسي للمغرب من أقدم العصور الى العهد العلوي 7/_FIGURES,/workspaces/PHDM/ALL/ALLMD/histoire diplomatique du maroc التاريخ الدبلوماسي للمغرب من أقدم العصور الى العهد العلوي 7/_FIGURES/chunk_11_fig_03.png,,png,386583,28e758bfd2e35be94e6ce2f439b89ade722eee44fd4e2ec67abdfb133cecca57,1176,605,kept,2026-02-07,
441,histoire_diplomatique_du_maroc_7__chunk_11_fig_04.png,,,# histoire diplomatique du maroc التاريخ الدبلوماسي للمغرب من أقدم العصور الى العهد العلوي 7,Abdelhadi Tazi (عبد الهادي التازي),,,Période Alaouite (XVIIe-XIXe s.),,Monographie (arabe),"TAZI, Abdelhadi, al-Tarikh al-Diblumassi li-l-Maghrib (Histoire diplomatique du Maroc), Tome 7",Figure extraite (OCR),histoire diplomatique du maroc التاريخ الدبلوماسي للمغرب من أقدم العصور الى العهد العلوي 7,Académie Royale du Maroc,1989,Période Alaouite (XVIIe-XIXe s.),Arabe,,Rabat,Histoire diplomatique du Maroc,chunk_11,,Unknown,Abdelhadi Tazi (عبد الهادي التازي),,,,/workspaces/PHDM/ALL/ALLMD/histoire diplomatique du maroc التاريخ الدبلوماسي للمغرب من أقدم العصور الى العهد العلوي 7/_FIGURES,/workspaces/PHDM/ALL/ALLMD/histoire diplomatique du maroc التاريخ الدبلوماسي للمغرب من أقدم العصور الى العهد العلوي 7/_FIGURES/chunk_11_fig_04.png,,png,838856,1e7347a34a82fa7dda11024be66a96244bcc1384092d252ebe5d2853864099c5,1208,944,kept,2026-02-07,
442,histoire_diplomatique_du_maroc_7__chunk_11_fig_05.png,,,# histoire diplomatique du maroc التاريخ الدبلوماسي للمغرب من أقدم العصور الى العهد العلوي 7,Abdelhadi Tazi (عبد الهادي التازي),,,Période Alaouite (XVIIe-XIXe s.),,Monographie (arabe),"TAZI, Abdelhadi, al-Tarikh al-Diblumassi li-l-Maghrib (Histoire diplomatique du Maroc), Tome 7",Figure extraite (OCR),histoire diplomatique du maroc التاريخ الدبلوماسي للمغرب من أقدم العصور الى العهد العلوي 7,Académie Royale du Maroc,1989,Période Alaouite (XVIIe-XIXe s.),Arabe,,Rabat,Histoire diplomatique du Maroc,chunk_11,,Unknown,Abdelhadi Tazi (عبد الهادي التازي),,,,/workspaces/PHDM/ALL/ALLMD/histoire diplomatique du maroc التاريخ الدبلوماسي للمغرب من أقدم العصور الى العهد العلوي 7/_FIGURES,/workspaces/PHDM/ALL/ALLMD/histoire diplomatique du maroc التاريخ الدبلوماسي للمغرب من أقدم العصور الى العهد العلوي 7/_FIGURES/chunk_11_fig_05.png,,png,559641,264cca05d4f954ae598c7c8236b8308be9a3859f14dc91eab9e51f409ba7cb15,1247,1020,kept,2026-02-07,
443,histoire_diplomatique_du_maroc_7__chunk_11_fig_06.png,,,# histoire diplomatique du maroc التاريخ الدبلوماسي للمغرب من أقدم العصور الى العهد العلوي 7,Abdelhadi Tazi (عبد الهادي التازي),,,Période Alaouite (XVIIe-XIXe s.),,Monographie (arabe),"TAZI, Abdelhadi, al-Tarikh al-Diblumassi li-l-Maghrib (Histoire diplomatique du Maroc), Tome 7",Figure extraite (OCR),histoire diplomatique du maroc التاريخ الدبلوماسي للمغرب من أقدم العصور الى العهد العلوي 7,Académie Royale du Maroc,1989,Période Alaouite (XVIIe-XIXe s.),Arabe,,Rabat,Histoire diplomatique du Maroc,chunk_11,,Unknown,Abdelhadi Tazi (عبد الهادي التازي),,,,/workspaces/PHDM/ALL/ALLMD/histoire diplomatique du maroc التاريخ الدبلوماسي للمغرب من أقدم العصور الى العهد العلوي 7/_FIGURES,/workspaces/PHDM/ALL/ALLMD/histoire diplomatique du maroc التاريخ الدبلوماسي للمغرب من أقدم العصور الى العهد العلوي 7/_FIGURES/chunk_11_fig_06.png,,png,267401,1e4c99ff3728ac519bfed4e39c1fe9e4ba71b762103a1ef0d798ba15be7ac599,866,747,kept,2026-02-07,
444,histoire_diplomatique_du_maroc_7__chunk_11_fig_07.png,,,# histoire diplomatique du maroc التاريخ الدبلوماسي للمغرب من أقدم العصور الى العهد العلوي 7,Abdelhadi Tazi (عبد الهادي التازي),,,Période Alaouite (XVIIe-XIXe s.),,Monographie (arabe),"TAZI, Abdelhadi, al-Tarikh al-Diblumassi li-l-Maghrib (Histoire diplomatique du Maroc), Tome 7",Figure extraite (OCR),histoire diplomatique du maroc التاريخ الدبلوماسي للمغرب من أقدم العصور الى العهد العلوي 7,Académie Royale du Maroc,1989,Période Alaouite (XVIIe-XIXe s.),Arabe,,Rabat,Histoire diplomatique du Maroc,chunk_11,,Unknown,Abdelhadi Tazi (عبد الهادي التازي),,,,/workspaces/PHDM/ALL/ALLMD/histoire diplomatique du maroc التاريخ الدبلوماسي للمغرب من أقدم العصور الى العهد العلوي 7/_FIGURES,/workspaces/PHDM/ALL/ALLMD/histoire diplomatique du maroc التاريخ الدبلوماسي للمغرب من أقدم العصور الى العهد العلوي 7/_FIGURES/chunk_11_fig_07.png,,png,1086379,8ced6dfd02ccbf722afe8321e59eca1b0a834efd6eb9471448fcebf88607fec6,1561,1060,kept,2026-02-07,
446,histoire_diplomatique_du_maroc_7__chunk_11_fig_09.png,,,# histoire diplomatique du maroc التاريخ الدبلوماسي للمغرب من أقدم العصور الى العهد العلوي 7,Abdelhadi Tazi (عبد الهادي التازي),,,Période Alaouite (XVIIe-XIXe s.),,Monographie (arabe),"TAZI, Abdelhadi, al-Tarikh al-Diblumassi li-l-Maghrib (Histoire diplomatique du Maroc), Tome 7",Figure extraite (OCR),histoire diplomatique du maroc التاريخ الدبلوماسي للمغرب من أقدم العصور الى العهد العلوي 7,Académie Royale du Maroc,1989,Période Alaouite (XVIIe-XIXe s.),Arabe,,Rabat,Histoire diplomatique du Maroc,chunk_11,,Unknown,Abdelhadi Tazi (عبد الهادي التازي),,,,/workspaces/PHDM/ALL/ALLMD/histoire diplomatique du maroc التاريخ الدبلوماسي للمغرب من أقدم العصور الى العهد العلوي 7/_FIGURES,/workspaces/PHDM/ALL/ALLMD/histoire diplomatique du maroc التاريخ الدبلوماسي للمغرب من أقدم العصور الى العهد العلوي 7/_FIGURES/chunk_11_fig_09.png,,png,321493,23511976536434ce427016d2fbf84429a254ede31852f07cf0bad51db8361acc,846,535,kept,2026-02-07,
447,histoire_diplomatique_du_maroc_7__chunk_11_fig_10.png,,,# histoire diplomatique du maroc التاريخ الدبلوماسي للمغرب من أقدم العصور الى العهد العلوي 7,Abdelhadi Tazi (عبد الهادي التازي),,,Période Alaouite (XVIIe-XIXe s.),,Monographie (arabe),"TAZI, Abdelhadi, al-Tarikh al-Diblumassi li-l-Maghrib (Histoire diplomatique du Maroc), Tome 7",Figure extraite (OCR),histoire diplomatique du maroc التاريخ الدبلوماسي للمغرب من أقدم العصور الى العهد العلوي 7,Académie Royale du Maroc,1989,Période Alaouite (XVIIe-XIXe s.),Arabe,,Rabat,Histoire diplomatique du Maroc,chunk_11,,Unknown,Abdelhadi Tazi (عبد الهادي التازي),,,,/workspaces/PHDM/ALL/ALLMD/histoire diplomatique du maroc التاريخ الدبلوماسي للمغرب من أقدم العصور الى العهد العلوي 7/_FIGURES,/workspaces/PHDM/ALL/ALLMD/histoire diplomatique du maroc التاريخ الدبلوماسي للمغرب من أقدم العصور الى العهد العلوي 7/_FIGURES/chunk_11_fig_10.png,,png,1142456,72a9eded2dcacb52e9d8094a42a3ed40b6315cdeafd2406e9ff2a6cf777cf94e,2099,1187,kept,2026-02-07,
448,histoire_diplomatique_du_maroc_7__chunk_11_fig_11.png,,,# histoire diplomatique du maroc التاريخ الدبلوماسي للمغرب من أقدم العصور الى العهد العلوي 7,Abdelhadi Tazi (عبد الهادي التازي),,,Période Alaouite (XVIIe-XIXe s.),,Monographie (arabe),"TAZI, Abdelhadi, al-Tarikh al-Diblumassi li-l-Maghrib (Histoire diplomatique du Maroc), Tome 7",Figure extraite (OCR),histoire diplomatique du maroc التاريخ الدبلوماسي للمغرب من أقدم العصور الى العهد العلوي 7,Académie Royale du Maroc,1989,Période Alaouite (XVIIe-XIXe s.),Arabe,,Rabat,Histoire diplomatique du Maroc,chunk_11,,Unknown,Abdelhadi Tazi (عبد الهادي التازي),,,,/workspaces/PHDM/ALL/ALLMD/histoire diplomatique du maroc التاريخ الدبلوماسي للمغرب من أقدم العصور الى العهد العلوي 7/_FIGURES,/workspaces/PHDM/ALL/ALLMD/histoire diplomatique du maroc التاريخ الدبلوماسي للمغرب من أقدم العصور الى العهد العلوي 7/_FIGURES/chunk_11_fig_11.png,,png,241224,f8592504e459078de6a0c73699ed5f8520854eabc96233805e9b2667ffd7a983,1163,759,kept,2026-02-07,
449,histoire_diplomatique_du_maroc_7__chunk_12_fig_01.png,,,# histoire diplomatique du maroc التاريخ الدبلوماسي للمغرب من أقدم العصور الى العهد العلوي 7,Abdelhadi Tazi (عبد الهادي التازي),,,Période Alaouite (XVIIe-XIXe s.),,Monographie (arabe),"TAZI, Abdelhadi, al-Tarikh al-Diblumassi li-l-Maghrib (Histoire diplomatique du Maroc), Tome 7",Figure extraite (OCR),histoire diplomatique du maroc التاريخ الدبلوماسي للمغرب من أقدم العصور الى العهد العلوي 7,Académie Royale du Maroc,1989,Période Alaouite (XVIIe-XIXe s.),Arabe,,Rabat,Histoire diplomatique du Maroc,chunk_12,,Unknown,Abdelhadi Tazi (عبد الهادي التازي),,,,/workspaces/PHDM/ALL/ALLMD/histoire diplomatique du maroc التاريخ الدبلوماسي للمغرب من أقدم العصور الى العهد العلوي 7/_FIGURES,/workspaces/PHDM/ALL/ALLMD/histoire diplomatique du maroc التاريخ الدبلوماسي للمغرب من أقدم العصور الى العهد العلوي 7/_FIGURES/chunk_12_fig_01.png,,png,30745,b0b9ed58302eee301bf5fb8384a01518e52b786f5cf42c0905461f753f5eeb48,236,244,kept,2026-02-07,
450,histoire_diplomatique_du_maroc_7__chunk_12_fig_02.png,,,# histoire diplomatique du maroc التاريخ الدبلوماسي للمغرب من أقدم العصور الى العهد العلوي 7,Abdelhadi Tazi (عبد الهادي التازي),,,Période Alaouite (XVIIe-XIXe s.),,Monographie (arabe),"TAZI, Abdelhadi, al-Tarikh al-Diblumassi li-l-Maghrib (Histoire diplomatique du Maroc), Tome 7",Figure extraite (OCR),histoire diplomatique du maroc التاريخ الدبلوماسي للمغرب من أقدم العصور الى العهد العلوي 7,Académie Royale du Maroc,1989,Période Alaouite (XVIIe-XIXe s.),Arabe,,Rabat,Histoire diplomatique du Maroc,chunk_12,,Unknown,Abdelhadi Tazi (عبد الهادي التازي),,,,/workspaces/PHDM/ALL/ALLMD/histoire diplomatique du maroc التاريخ الدبلوماسي للمغرب من أقدم العصور الى العهد العلوي 7/_FIGURES,/workspaces/PHDM/ALL/ALLMD/histoire diplomatique du maroc التاريخ الدبلوماسي للمغرب من أقدم العصور الى العهد العلوي 7/_FIGURES/chunk_12_fig_02.png,,png,747256,b1357738dc9883a448b389933c9e1a840add9b7e4cc6bba4f0b1209c2f2e8866,1326,1056,kept,2026-02-07,
451,histoire_diplomatique_du_maroc_7__chunk_12_fig_03.png,,,# histoire diplomatique du maroc التاريخ الدبلوماسي للمغرب من أقدم العصور الى العهد العلوي 7,Abdelhadi Tazi (عبد الهادي التازي),,,Période Alaouite (XVIIe-XIXe s.),,Monographie (arabe),"TAZI, Abdelhadi, al-Tarikh al-Diblumassi li-l-Maghrib (Histoire diplomatique du Maroc), Tome 7",Figure extraite (OCR),histoire diplomatique du maroc التاريخ الدبلوماسي للمغرب من أقدم العصور الى العهد العلوي 7,Académie Royale du Maroc,1989,Période Alaouite (XVIIe-XIXe s.),Arabe,,Rabat,Histoire diplomatique du Maroc,chunk_12,,Unknown,Abdelhadi Tazi (عبد الهادي التازي),,,,/workspaces/PHDM/ALL/ALLMD/histoire diplomatique du maroc التاريخ الدبلوماسي للمغرب من أقدم العصور الى العهد العلوي 7/_FIGURES,/workspaces/PHDM/ALL/ALLMD/histoire diplomatique du maroc التاريخ الدبلوماسي للمغرب من أقدم العصور الى العهد العلوي 7/_FIGURES/chunk_12_fig_03.png,,png,758631,132ddc6245f3f5ed93ae556e8535528bfdd8f756fa854bfbe38206fe037784ed,1462,636,kept,2026-02-07,
452,histoire_diplomatique_du_maroc_7__chunk_12_fig_04.png,,,# histoire diplomatique du maroc التاريخ الدبلوماسي للمغرب من أقدم العصور الى العهد العلوي 7,Abdelhadi Tazi (عبد الهادي التازي),,,Période Alaouite (XVIIe-XIXe s.),,Monographie (arabe),"TAZI, Abdelhadi, al-Tarikh al-Diblumassi li-l-Maghrib (Histoire diplomatique du Maroc), Tome 7",Figure extraite (OCR),histoire diplomatique du maroc التاريخ الدبلوماسي للمغرب من أقدم العصور الى العهد العلوي 7,Académie Royale du Maroc,1989,Période Alaouite (XVIIe-XIXe s.),Arabe,,Rabat,Histoire diplomatique du Maroc,chunk_12,,Unknown,Abdelhadi Tazi (عبد الهادي التازي),,,,/workspaces/PHDM/ALL/ALLMD/histoire diplomatique du maroc التاريخ الدبلوماسي للمغرب من أقدم العصور الى العهد العلوي 7/_FIGURES,/workspaces/PHDM/ALL/ALLMD/histoire diplomatique du maroc التاريخ الدبلوماسي للمغرب من أقدم العصور الى العهد العلوي 7/_FIGURES/chunk_12_fig_04.png,,png,803300,87e0159b0c9ae26f3b04f611a05fa27335f8a77c6baab1e33d99464e7eef589a,1408,1038,kept,2026-02-07,
453,histoire_diplomatique_du_maroc_7__chunk_12_fig_05.png,,,# histoire diplomatique du maroc التاريخ الدبلوماسي للمغرب من أقدم العصور الى العهد العلوي 7,Abdelhadi Tazi (عبد الهادي التازي),,,Période Alaouite (XVIIe-XIXe s.),,Monographie (arabe),"TAZI, Abdelhadi, al-Tarikh al-Diblumassi li-l-Maghrib (Histoire diplomatique du Maroc), Tome 7",Figure extraite (OCR),histoire diplomatique du maroc التاريخ الدبلوماسي للمغرب من أقدم العصور الى العهد العلوي 7,Académie Royale du Maroc,1989,Période Alaouite (XVIIe-XIXe s.),Arabe,,Rabat,Histoire diplomatique du Maroc,chunk_12,,Unknown,Abdelhadi Tazi (عبد الهادي التازي),,,,/workspaces/PHDM/ALL/ALLMD/histoire diplomatique du maroc التاريخ الدبلوماسي للمغرب من أقدم العصور الى العهد العلوي 7/_FIGURES,/workspaces/PHDM/ALL/ALLMD/histoire diplomatique du maroc التاريخ الدبلوماسي للمغرب من أقدم العصور الى العهد العلوي 7/_FIGURES/chunk_12_fig_05.png,,png,457836,92ef0087d3bffe02d82a9f0b48a486b2ff5798f4c4629390328b3b450778d4f2,865,1020,kept,2026-02-07,
454,histoire_diplomatique_du_maroc_7__chunk_12_fig_06.png,,,# histoire diplomatique du maroc التاريخ الدبلوماسي للمغرب من أقدم العصور الى العهد العلوي 7,Abdelhadi Tazi (عبد الهادي التازي),,,Période Alaouite (XVIIe-XIXe s.),,Monographie (arabe),"TAZI, Abdelhadi, al-Tarikh al-Diblumassi li-l-Maghrib (Histoire diplomatique du Maroc), Tome 7",Figure extraite (OCR),histoire diplomatique du maroc التاريخ الدبلوماسي للمغرب من أقدم العصور الى العهد العلوي 7,Académie Royale du Maroc,1989,Période Alaouite (XVIIe-XIXe s.),Arabe,,Rabat,Histoire diplomatique du Maroc,chunk_12,,Unknown,Abdelhadi Tazi (عبد الهادي التازي),,,,/workspaces/PHDM/ALL/ALLMD/histoire diplomatique du maroc التاريخ الدبلوماسي للمغرب من أقدم العصور الى العهد العلوي 7/_FIGURES,/workspaces/PHDM/ALL/ALLMD/histoire diplomatique du maroc التاريخ الدبلوماسي للمغرب من أقدم العصور الى العهد العلوي 7/_FIGURES/chunk_12_fig_06.png,,png,300779,068e1a6af5048baf91227672162bc2124296f2ebafc75e4e73a9da98577b8d24,670,942,kept,2026-02-07,
455,histoire_diplomatique_du_maroc_7__chunk_12_fig_07.png,,,# histoire diplomatique du maroc التاريخ الدبلوماسي للمغرب من أقدم العصور الى العهد العلوي 7,Abdelhadi Tazi (عبد الهادي التازي),,,Période Alaouite (XVIIe-XIXe s.),,Monographie (arabe),"TAZI, Abdelhadi, al-Tarikh al-Diblumassi li-l-Maghrib (Histoire diplomatique du Maroc), Tome 7",Figure extraite (OCR),histoire diplomatique du maroc التاريخ الدبلوماسي للمغرب من أقدم العصور الى العهد العلوي 7,Académie Royale du Maroc,1989,Période Alaouite (XVIIe-XIXe s.),Arabe,,Rabat,Histoire diplomatique du Maroc,chunk_12,,Unknown,Abdelhadi Tazi (عبد الهادي التازي),,,,/workspaces/PHDM/ALL/ALLMD/histoire diplomatique du maroc التاريخ الدبلوماسي للمغرب من أقدم العصور الى العهد العلوي 7/_FIGURES,/workspaces/PHDM/ALL/ALLMD/histoire diplomatique du maroc التاريخ الدبلوماسي للمغرب من أقدم العصور الى العهد العلوي 7/_FIGURES/chunk_12_fig_07.png,,png,309735,37105d75a92712c38921e9ce9a6fcfc8f78ce635ddaef546ee091a98a785d7e9,1033,758,kept,2026-02-07,
456,histoire_diplomatique_du_maroc_7__chunk_12_fig_08.png,,,# histoire diplomatique du maroc التاريخ الدبلوماسي للمغرب من أقدم العصور الى العهد العلوي 7,Abdelhadi Tazi (عبد الهادي التازي),,,Période Alaouite (XVIIe-XIXe s.),,Monographie (arabe),"TAZI, Abdelhadi, al-Tarikh al-Diblumassi li-l-Maghrib (Histoire diplomatique du Maroc), Tome 7",Figure extraite (OCR),histoire diplomatique du maroc التاريخ الدبلوماسي للمغرب من أقدم العصور الى العهد العلوي 7,Académie Royale du Maroc,1989,Période Alaouite (XVIIe-XIXe s.),Arabe,,Rabat,Histoire diplomatique du Maroc,chunk_12,,Unknown,Abdelhadi Tazi (عبد الهادي التازي),,,,/workspaces/PHDM/ALL/ALLMD/histoire diplomatique du maroc التاريخ الدبلوماسي للمغرب من أقدم العصور الى العهد العلوي 7/_FIGURES,/workspaces/PHDM/ALL/ALLMD/histoire diplomatique du maroc التاريخ الدبلوماسي للمغرب من أقدم العصور الى العهد العلوي 7/_FIGURES/chunk_12_fig_08.png,,png,614784,5efc156df69522763010b61919ca548511b936ec018d48b0b1cccec32acf77d1,1241,925,kept,2026-02-07,
457,histoire_diplomatique_du_maroc_7__chunk_12_fig_09.png,,,# histoire diplomatique du maroc التاريخ الدبلوماسي للمغرب من أقدم العصور الى العهد العلوي 7,Abdelhadi Tazi (عبد الهادي التازي),,,Période Alaouite (XVIIe-XIXe s.),,Monographie (arabe),"TAZI, Abdelhadi, al-Tarikh al-Diblumassi li-l-Maghrib (Histoire diplomatique du Maroc), Tome 7",Figure extraite (OCR),histoire diplomatique du maroc التاريخ الدبلوماسي للمغرب من أقدم العصور الى العهد العلوي 7,Académie Royale du Maroc,1989,Période Alaouite (XVIIe-XIXe s.),Arabe,,Rabat,Histoire diplomatique du Maroc,chunk_12,,Unknown,Abdelhadi Tazi (عبد الهادي التازي),,,,/workspaces/PHDM/ALL/ALLMD/histoire diplomatique du maroc التاريخ الدبلوماسي للمغرب من أقدم العصور الى العهد العلوي 7/_FIGURES,/workspaces/PHDM/ALL/ALLMD/histoire diplomatique du maroc التاريخ الدبلوماسي للمغرب من أقدم العصور الى العهد العلوي 7/_FIGURES/chunk_12_fig_09.png,,png,356134,acb1147e2e67b33eadea6918edf336f642f8821f3a57ec953528500c170161ef,1214,1108,kept,2026-02-07,
458,histoire_diplomatique_du_maroc_7__chunk_13_fig_01.png,,,# histoire diplomatique du maroc التاريخ الدبلوماسي للمغرب من أقدم العصور الى العهد العلوي 7,Abdelhadi Tazi (عبد الهادي التازي),,,Période Alaouite (XVIIe-XIXe s.),,Monographie (arabe),"TAZI, Abdelhadi, al-Tarikh al-Diblumassi li-l-Maghrib (Histoire diplomatique du Maroc), Tome 7",Figure extraite (OCR),histoire diplomatique du maroc التاريخ الدبلوماسي للمغرب من أقدم العصور الى العهد العلوي 7,Académie Royale du Maroc,1989,Période Alaouite (XVIIe-XIXe s.),Arabe,,Rabat,Histoire diplomatique du Maroc,chunk_13,,Unknown,Abdelhadi Tazi (عبد الهادي التازي),,,,/workspaces/PHDM/ALL/ALLMD/histoire diplomatique du maroc التاريخ الدبلوماسي للمغرب من أقدم العصور الى العهد العلوي 7/_FIGURES,/workspaces/PHDM/ALL/ALLMD/histoire diplomatique du maroc التاريخ الدبلوماسي للمغرب من أقدم العصور الى العهد العلوي 7/_FIGURES/chunk_13_fig_01.png,,png,452735,912a9a3cf5c97f8d92031db650afceb575933ad282c8b8cb3d3fb136e1f405c7,1029,1507,kept,2026-02-07,
459,histoire_diplomatique_du_maroc_7__chunk_13_fig_02.png,,,# histoire diplomatique du maroc التاريخ الدبلوماسي للمغرب من أقدم العصور الى العهد العلوي 7,Abdelhadi Tazi (عبد الهادي التازي),,,Période Alaouite (XVIIe-XIXe s.),,Monographie (arabe),"TAZI, Abdelhadi, al-Tarikh al-Diblumassi li-l-Maghrib (Histoire diplomatique du Maroc), Tome 7",Figure extraite (OCR),histoire diplomatique du maroc التاريخ الدبلوماسي للمغرب من أقدم العصور الى العهد العلوي 7,Académie Royale du Maroc,1989,Période Alaouite (XVIIe-XIXe s.),Arabe,,Rabat,Histoire diplomatique du Maroc,chunk_13,,Unknown,Abdelhadi Tazi (عبد الهادي التازي),,,,/workspaces/PHDM/ALL/ALLMD/histoire diplomatique du maroc التاريخ الدبلوماسي للمغرب من أقدم العصور الى العهد العلوي 7/_FIGURES,/workspaces/PHDM/ALL/ALLMD/histoire diplomatique du maroc التاريخ الدبلوماسي للمغرب من أقدم العصور الى العهد العلوي 7/_FIGURES/chunk_13_fig_02.png,,png,85544,c8e5a315207e690d9460f243a00838d216bc94d10e63afc7279f6e003bcb8b7b,578,852,kept,2026-02-07,
460,histoire_diplomatique_du_maroc_7__chunk_13_fig_03.png,,,# histoire diplomatique du maroc التاريخ الدبلوماسي للمغرب من أقدم العصور الى العهد العلوي 7,Abdelhadi Tazi (عبد الهادي التازي),,,Période Alaouite (XVIIe-XIXe s.),,Monographie (arabe),"TAZI, Abdelhadi, al-Tarikh al-Diblumassi li-l-Maghrib (Histoire diplomatique du Maroc), Tome 7",Figure extraite (OCR),histoire diplomatique du maroc التاريخ الدبلوماسي للمغرب من أقدم العصور الى العهد العلوي 7,Académie Royale du Maroc,1989,Période Alaouite (XVIIe-XIXe s.),Arabe,,Rabat,Histoire diplomatique du Maroc,chunk_13,,Unknown,Abdelhadi Tazi (عبد الهادي التازي),,,,/workspaces/PHDM/ALL/ALLMD/histoire diplomatique du maroc التاريخ الدبلوماسي للمغرب من أقدم العصور الى العهد العلوي 7/_FIGURES,/workspaces/PHDM/ALL/ALLMD/histoire diplomatique du maroc التاريخ الدبلوماسي للمغرب من أقدم العصور الى العهد العلوي 7/_FIGURES/chunk_13_fig_03.png,,png,477493,0270c5a9e467012a5e8aa14567b2368ad1229bb7dd28422864d9338b4d4e2bcc,1359,1117,kept,2026-02-07,
461,histoire_diplomatique_du_maroc_7__chunk_13_fig_04.png,,,# histoire diplomatique du maroc التاريخ الدبلوماسي للمغرب من أقدم العصور الى العهد العلوي 7,Abdelhadi Tazi (عبد الهادي التازي),,,Période Alaouite (XVIIe-XIXe s.),,Monographie (arabe),"TAZI, Abdelhadi, al-Tarikh al-Diblumassi li-l-Maghrib (Histoire diplomatique du Maroc), Tome 7",Figure extraite (OCR),histoire diplomatique du maroc التاريخ الدبلوماسي للمغرب من أقدم العصور الى العهد العلوي 7,Académie Royale du Maroc,1989,Période Alaouite (XVIIe-XIXe s.),Arabe,,Rabat,Histoire diplomatique du Maroc,chunk_13,,Unknown,Abdelhadi Tazi (عبد الهادي التازي),,,,/workspaces/PHDM/ALL/ALLMD/histoire diplomatique du maroc التاريخ الدبلوماسي للمغرب من أقدم العصور الى العهد العلوي 7/_FIGURES,/workspaces/PHDM/ALL/ALLMD/histoire diplomatique du maroc التاريخ الدبلوماسي للمغرب من أقدم العصور الى العهد العلوي 7/_FIGURES/chunk_13_fig_04.png,,png,230747,4492d086bf775d22a28bb9ae65ed3bcba5da02c74c194dfbeb990fdcd4b0020d,1221,857,kept,2026-02-07,
462,histoire_diplomatique_du_maroc_7__chunk_13_fig_05.png,,,# histoire diplomatique du maroc التاريخ الدبلوماسي للمغرب من أقدم العصور الى العهد العلوي 7,Abdelhadi Tazi (عبد الهادي التازي),,,Période Alaouite (XVIIe-XIXe s.),,Monographie (arabe),"TAZI, Abdelhadi, al-Tarikh al-Diblumassi li-l-Maghrib (Histoire diplomatique du Maroc), Tome 7",Figure extraite (OCR),histoire diplomatique du maroc التاريخ الدبلوماسي للمغرب من أقدم العصور الى العهد العلوي 7,Académie Royale du Maroc,1989,Période Alaouite (XVIIe-XIXe s.),Arabe,,Rabat,Histoire diplomatique du Maroc,chunk_13,,Unknown,Abdelhadi Tazi (عبد الهادي التازي),,,,/workspaces/PHDM/ALL/ALLMD/histoire diplomatique du maroc التاريخ الدبلوماسي للمغرب من أقدم العصور الى العهد العلوي 7/_FIGURES,/workspaces/PHDM/ALL/ALLMD/histoire diplomatique du maroc التاريخ الدبلوماسي للمغرب من أقدم العصور الى العهد العلوي 7/_FIGURES/chunk_13_fig_05.png,,png,188358,c8d876d7421513aebdd930b829c4ffb769cd7dff4307ee8a9201f361b4d4012e,1150,372,kept,2026-02-07,
463,histoire_diplomatique_du_maroc_7__chunk_13_fig_06.png,,,# histoire diplomatique du maroc التاريخ الدبلوماسي للمغرب من أقدم العصور الى العهد العلوي 7,Abdelhadi Tazi (عبد الهادي التازي),,,Période Alaouite (XVIIe-XIXe s.),,Monographie (arabe),"TAZI, Abdelhadi, al-Tarikh al-Diblumassi li-l-Maghrib (Histoire diplomatique du Maroc), Tome 7",Figure extraite (OCR),histoire diplomatique du maroc التاريخ الدبلوماسي للمغرب من أقدم العصور الى العهد العلوي 7,Académie Royale du Maroc,1989,Période Alaouite (XVIIe-XIXe s.),Arabe,,Rabat,Histoire diplomatique du Maroc,chunk_13,,Unknown,Abdelhadi Tazi (عبد الهادي التازي),,,,/workspaces/PHDM/ALL/ALLMD/histoire diplomatique du maroc التاريخ الدبلوماسي للمغرب من أقدم العصور الى العهد العلوي 7/_FIGURES,/workspaces/PHDM/ALL/ALLMD/histoire diplomatique du maroc التاريخ الدبلوماسي للمغرب من أقدم العصور الى العهد العلوي 7/_FIGURES/chunk_13_fig_06.png,,png,33886,65d040342fef2c45bbdb4d9696353781f31ce223927b7fb1f02f852afb455b69,259,239,kept,2026-02-07,
464,histoire_diplomatique_du_maroc_7__chunk_13_fig_07.png,,,# histoire diplomatique du maroc التاريخ الدبلوماسي للمغرب من أقدم العصور الى العهد العلوي 7,Abdelhadi Tazi (عبد الهادي التازي),,,Période Alaouite (XVIIe-XIXe s.),,Monographie (arabe),"TAZI, Abdelhadi, al-Tarikh al-Diblumassi li-l-Maghrib (Histoire diplomatique du Maroc), Tome 7",Figure extraite (OCR),histoire diplomatique du maroc التاريخ الدبلوماسي للمغرب من أقدم العصور الى العهد العلوي 7,Académie Royale du Maroc,1989,Période Alaouite (XVIIe-XIXe s.),Arabe,,Rabat,Histoire diplomatique du Maroc,chunk_13,,Unknown,Abdelhadi Tazi (عبد الهادي التازي),,,,/workspaces/PHDM/ALL/ALLMD/histoire diplomatique du maroc التاريخ الدبلوماسي للمغرب من أقدم العصور الى العهد العلوي 7/_FIGURES,/workspaces/PHDM/ALL/ALLMD/histoire diplomatique du maroc التاريخ الدبلوماسي للمغرب من أقدم العصور الى العهد العلوي 7/_FIGURES/chunk_13_fig_07.png,,png,33826,bab0b3e995ceef724b6edea17d135d8d5e871a7058ea128f82ec230856aeaafe,242,248,kept,2026-02-07,
465,histoire_diplomatique_du_maroc_7__chunk_13_fig_08.png,,,# histoire diplomatique du maroc التاريخ الدبلوماسي للمغرب من أقدم العصور الى العهد العلوي 7,Abdelhadi Tazi (عبد الهادي التازي),,,Période Alaouite (XVIIe-XIXe s.),,Monographie (arabe),"TAZI, Abdelhadi, al-Tarikh al-Diblumassi li-l-Maghrib (Histoire diplomatique du Maroc), Tome 7",Figure extraite (OCR),histoire diplomatique du maroc التاريخ الدبلوماسي للمغرب من أقدم العصور الى العهد العلوي 7,Académie Royale du Maroc,1989,Période Alaouite (XVIIe-XIXe s.),Arabe,,Rabat,Histoire diplomatique du Maroc,chunk_13,,Unknown,Abdelhadi Tazi (عبد الهادي التازي),,,,/workspaces/PHDM/ALL/ALLMD/histoire diplomatique du maroc التاريخ الدبلوماسي للمغرب من أقدم العصور الى العهد العلوي 7/_FIGURES,/workspaces/PHDM/ALL/ALLMD/histoire diplomatique du maroc التاريخ الدبلوماسي للمغرب من أقدم العصور الى العهد العلوي 7/_FIGURES/chunk_13_fig_08.png,,png,241660,b1ff4038d9b574d080cea23bc9355d442bc1216accb339b5f11c32962d358ebf,1055,714,kept,2026-02-07,
466,histoire_diplomatique_du_maroc_7__chunk_14_fig_01.png,,,# histoire diplomatique du maroc التاريخ الدبلوماسي للمغرب من أقدم العصور الى العهد العلوي 7,Abdelhadi Tazi (عبد الهادي التازي),,,Période Alaouite (XVIIe-XIXe s.),,Monographie (arabe),"TAZI, Abdelhadi, al-Tarikh al-Diblumassi li-l-Maghrib (Histoire diplomatique du Maroc), Tome 7",Figure extraite (OCR),histoire diplomatique du maroc التاريخ الدبلوماسي للمغرب من أقدم العصور الى العهد العلوي 7,Académie Royale du Maroc,1989,Période Alaouite (XVIIe-XIXe s.),Arabe,,Rabat,Histoire diplomatique du Maroc,chunk_14,,Unknown,Abdelhadi Tazi (عبد الهادي التازي),,,,/workspaces/PHDM/ALL/ALLMD/histoire diplomatique du maroc التاريخ الدبلوماسي للمغرب من أقدم العصور الى العهد العلوي 7/_FIGURES,/workspaces/PHDM/ALL/ALLMD/histoire diplomatique du maroc التاريخ الدبلوماسي للمغرب من أقدم العصور الى العهد العلوي 7/_FIGURES/chunk_14_fig_01.png,,png,708708,d2ebef90b6d694f3fd16fdf61dc09f8ca3f8cf33bb98c1cf739f8939a423f374,664,665,kept,2026-02-07,
470,histoire_du_maroc_a_voir_reserves_plusieurs_parties_aux_pe_des_alaouites__chunk_01_fig_04.png,,,# Histoire du Maroc - à Voir - réserves plusieurs parties aux PE des alaouites,"Jean Brignon, Abdelaziz Amine, Brahim Boutaleb, Guy Martinet, Bernard Rosenberger",,,Origines - XXe s.,,Manuel académique,"BRIGNON, Jean et al., Histoire du Maroc, Hatier / Librairie Nationale, 1967",Figure extraite (OCR),Histoire du Maroc - à Voir - réserves plusieurs parties aux PE des alaouites,Hatier / Librairie Nationale,1967,Origines - XXe s.,Français,,Paris / Casablanca,,chunk_01,,Unknown,"Jean Brignon, Abdelaziz Amine, Brahim Boutaleb, Guy Martinet, Bernard Rosenberger",,,,/workspaces/PHDM/ALL/ALLMD/Histoire du Maroc - à Voir - réserves plusieurs parties aux PE des alaouites/_FIGURES,/workspaces/PHDM/ALL/ALLMD/Histoire du Maroc - à Voir - réserves plusieurs parties aux PE des alaouites/_FIGURES/chunk_01_fig_04.png,,png,1582906,b3a1802fc025b54a50b00e6ba16365fb1d6b69087a7e57c6a4a39c72de9ce128,1123,1276,kept,2026-02-07,
471,histoire_du_maroc_a_voir_reserves_plusieurs_parties_aux_pe_des_alaouites__chunk_01_fig_05.png,,,# Histoire du Maroc - à Voir - réserves plusieurs parties aux PE des alaouites,"Jean Brignon, Abdelaziz Amine, Brahim Boutaleb, Guy Martinet, Bernard Rosenberger",,,Origines - XXe s.,,Manuel académique,"BRIGNON, Jean et al., Histoire du Maroc, Hatier / Librairie Nationale, 1967",Figure extraite (OCR),Histoire du Maroc - à Voir - réserves plusieurs parties aux PE des alaouites,Hatier / Librairie Nationale,1967,Origines - XXe s.,Français,,Paris / Casablanca,,chunk_01,,Unknown,"Jean Brignon, Abdelaziz Amine, Brahim Boutaleb, Guy Martinet, Bernard Rosenberger",,,,/workspaces/PHDM/ALL/ALLMD/Histoire du Maroc - à Voir - réserves plusieurs parties aux PE des alaouites/_FIGURES,/workspaces/PHDM/ALL/ALLMD/Histoire du Maroc - à Voir - réserves plusieurs parties aux PE des alaouites/_FIGURES/chunk_01_fig_05.png,,png,1971321,56f11cff23e83e1d00bf17d4ed32a4c43d702e89a431bc61f7a7f8eab54c1261,1099,1537,kept,2026-02-07,
477,histoire_du_maroc_a_voir_reserves_plusieurs_parties_aux_pe_des_alaouites__chunk_01_fig_11.png,,,# Histoire du Maroc - à Voir - réserves plusieurs parties aux PE des alaouites,"Jean Brignon, Abdelaziz Amine, Brahim Boutaleb, Guy Martinet, Bernard Rosenberger",,,Origines - XXe s.,,Manuel académique,"BRIGNON, Jean et al., Histoire du Maroc, Hatier / Librairie Nationale, 1967",Figure extraite (OCR),Histoire du Maroc - à Voir - réserves plusieurs parties aux PE des alaouites,Hatier / Librairie Nationale,1967,Origines - XXe s.,Français,,Paris / Casablanca,,chunk_01,,Unknown,"Jean Brignon, Abdelaziz Amine, Brahim Boutaleb, Guy Martinet, Bernard Rosenberger",,,,/workspaces/PHDM/ALL/ALLMD/Histoire du Maroc - à Voir - réserves plusieurs parties aux PE des alaouites/_FIGURES,/workspaces/PHDM/ALL/ALLMD/Histoire du Maroc - à Voir - réserves plusieurs parties aux PE des alaouites/_FIGURES/chunk_01_fig_11.png,,png,649544,d11dacafda41a658436c44ab46667a229800e3f52308f2af44426a34592946d1,1125,1643,kept,2026-02-07,
478,histoire_du_maroc_a_voir_reserves_plusieurs_parties_aux_pe_des_alaouites__chunk_01_fig_12.png,,,# Histoire du Maroc - à Voir - réserves plusieurs parties aux PE des alaouites,"Jean Brignon, Abdelaziz Amine, Brahim Boutaleb, Guy Martinet, Bernard Rosenberger",,,Origines - XXe s.,,Manuel académique,"BRIGNON, Jean et al., Histoire du Maroc, Hatier / Librairie Nationale, 1967",Figure extraite (OCR),Histoire du Maroc - à Voir - réserves plusieurs parties aux PE des alaouites,Hatier / Librairie Nationale,1967,Origines - XXe s.,Français,,Paris / Casablanca,,chunk_01,,Unknown,"Jean Brignon, Abdelaziz Amine, Brahim Boutaleb, Guy Martinet, Bernard Rosenberger",,,,/workspaces/PHDM/ALL/ALLMD/Histoire du Maroc - à Voir - réserves plusieurs parties aux PE des alaouites/_FIGURES,/workspaces/PHDM/ALL/ALLMD/Histoire du Maroc - à Voir - réserves plusieurs parties aux PE des alaouites/_FIGURES/chunk_01_fig_12.png,,png,575767,63372cba61cf78a6b378293fb7ca1d8e5e90f83a829ee8a378675330f216a3c9,1099,1153,kept,2026-02-07,
479,histoire_du_maroc_a_voir_reserves_plusieurs_parties_aux_pe_des_alaouites__chunk_01_fig_13.png,,,# Histoire du Maroc - à Voir - réserves plusieurs parties aux PE des alaouites,"Jean Brignon, Abdelaziz Amine, Brahim Boutaleb, Guy Martinet, Bernard Rosenberger",,,Origines - XXe s.,,Manuel académique,"BRIGNON, Jean et al., Histoire du Maroc, Hatier / Librairie Nationale, 1967",Figure extraite (OCR),Histoire du Maroc - à Voir - réserves plusieurs parties aux PE des alaouites,Hatier / Librairie Nationale,1967,Origines - XXe s.,Français,,Paris / Casablanca,,chunk_01,,Unknown,"Jean Brignon, Abdelaziz Amine, Brahim Boutaleb, Guy Martinet, Bernard Rosenberger",,,,/workspaces/PHDM/ALL/ALLMD/Histoire du Maroc - à Voir - réserves plusieurs parties aux PE des alaouites/_FIGURES,/workspaces/PHDM/ALL/ALLMD/Histoire du Maroc - à Voir - réserves plusieurs parties aux PE des alaouites/_FIGURES/chunk_01_fig_13.png,,png,259927,1ef74c7a2fbc8bcca3b29ca9bc999b556bd84b6d3c3534ec1f6f350def8ee8e3,1079,758,kept,2026-02-07,
480,histoire_du_maroc_a_voir_reserves_plusieurs_parties_aux_pe_des_alaouites__chunk_01_fig_14.png,,,# Histoire du Maroc - à Voir - réserves plusieurs parties aux PE des alaouites,"Jean Brignon, Abdelaziz Amine, Brahim Boutaleb, Guy Martinet, Bernard Rosenberger",,,Origines - XXe s.,,Manuel académique,"BRIGNON, Jean et al., Histoire du Maroc, Hatier / Librairie Nationale, 1967",Figure extraite (OCR),Histoire du Maroc - à Voir - réserves plusieurs parties aux PE des alaouites,Hatier / Librairie Nationale,1967,Origines - XXe s.,Français,,Paris / Casablanca,,chunk_01,,Unknown,"Jean Brignon, Abdelaziz Amine, Brahim Boutaleb, Guy Martinet, Bernard Rosenberger",,,,/workspaces/PHDM/ALL/ALLMD/Histoire du Maroc - à Voir - réserves plusieurs parties aux PE des alaouites/_FIGURES,/workspaces/PHDM/ALL/ALLMD/Histoire du Maroc - à Voir - réserves plusieurs parties aux PE des alaouites/_FIGURES/chunk_01_fig_14.png,,png,188849,d63351db3af4bb6ce49bfc869c5c4b23004eafb13491d09d965c884a8401c52c,353,378,kept,2026-02-07,
482,histoire_du_maroc_a_voir_reserves_plusieurs_parties_aux_pe_des_alaouites__chunk_01_fig_16.png,,,# Histoire du Maroc - à Voir - réserves plusieurs parties aux PE des alaouites,"Jean Brignon, Abdelaziz Amine, Brahim Boutaleb, Guy Martinet, Bernard Rosenberger",,,Origines - XXe s.,,Manuel académique,"BRIGNON, Jean et al., Histoire du Maroc, Hatier / Librairie Nationale, 1967",Figure extraite (OCR),Histoire du Maroc - à Voir - réserves plusieurs parties aux PE des alaouites,Hatier / Librairie Nationale,1967,Origines - XXe s.,Français,,Paris / Casablanca,,chunk_01,,Unknown,"Jean Brignon, Abdelaziz Amine, Brahim Boutaleb, Guy Martinet, Bernard Rosenberger",,,,/workspaces/PHDM/ALL/ALLMD/Histoire du Maroc - à Voir - réserves plusieurs parties aux PE des alaouites/_FIGURES,/workspaces/PHDM/ALL/ALLMD/Histoire du Maroc - à Voir - réserves plusieurs parties aux PE des alaouites/_FIGURES/chunk_01_fig_16.png,,png,449075,f611fd4ee09cd2224206497dc784275b9b25021c7836122f8bb470cb91eed241,511,557,kept,2026-02-07,
483,histoire_du_maroc_a_voir_reserves_plusieurs_parties_aux_pe_des_alaouites__chunk_01_fig_17.png,,,# Histoire du Maroc - à Voir - réserves plusieurs parties aux PE des alaouites,"Jean Brignon, Abdelaziz Amine, Brahim Boutaleb, Guy Martinet, Bernard Rosenberger",,,Origines - XXe s.,,Manuel académique,"BRIGNON, Jean et al., Histoire du Maroc, Hatier / Librairie Nationale, 1967",Figure extraite (OCR),Histoire du Maroc - à Voir - réserves plusieurs parties aux PE des alaouites,Hatier / Librairie Nationale,1967,Origines - XXe s.,Français,,Paris / Casablanca,,chunk_01,,Unknown,"Jean Brignon, Abdelaziz Amine, Brahim Boutaleb, Guy Martinet, Bernard Rosenberger",,,,/workspaces/PHDM/ALL/ALLMD/Histoire du Maroc - à Voir - réserves plusieurs parties aux PE des alaouites/_FIGURES,/workspaces/PHDM/ALL/ALLMD/Histoire du Maroc - à Voir - réserves plusieurs parties aux PE des alaouites/_FIGURES/chunk_01_fig_17.png,,png,858409,102a623e5d3b1ac2cb29ce7003f9a7154784cd7f8094bb3d7efad8f8457d8c9a,1044,651,kept,2026-02-07,
484,histoire_du_maroc_a_voir_reserves_plusieurs_parties_aux_pe_des_alaouites__chunk_01_fig_18.png,,,# Histoire du Maroc - à Voir - réserves plusieurs parties aux PE des alaouites,"Jean Brignon, Abdelaziz Amine, Brahim Boutaleb, Guy Martinet, Bernard Rosenberger",,,Origines - XXe s.,,Manuel académique,"BRIGNON, Jean et al., Histoire du Maroc, Hatier / Librairie Nationale, 1967",Figure extraite (OCR),Histoire du Maroc - à Voir - réserves plusieurs parties aux PE des alaouites,Hatier / Librairie Nationale,1967,Origines - XXe s.,Français,,Paris / Casablanca,,chunk_01,,Unknown,"Jean Brignon, Abdelaziz Amine, Brahim Boutaleb, Guy Martinet, Bernard Rosenberger",,,,/workspaces/PHDM/ALL/ALLMD/Histoire du Maroc - à Voir - réserves plusieurs parties aux PE des alaouites/_FIGURES,/workspaces/PHDM/ALL/ALLMD/Histoire du Maroc - à Voir - réserves plusieurs parties aux PE des alaouites/_FIGURES/chunk_01_fig_18.png,,png,142666,8405b8f7cb2d40e310f58a2f80f2492d1c18952194d6b6875d116ff6bf7c6f31,929,617,kept,2026-02-07,
485,histoire_du_maroc_a_voir_reserves_plusieurs_parties_aux_pe_des_alaouites__chunk_01_fig_19.png,,,# Histoire du Maroc - à Voir - réserves plusieurs parties aux PE des alaouites,"Jean Brignon, Abdelaziz Amine, Brahim Boutaleb, Guy Martinet, Bernard Rosenberger",,,Origines - XXe s.,,Manuel académique,"BRIGNON, Jean et al., Histoire du Maroc, Hatier / Librairie Nationale, 1967",Figure extraite (OCR),Histoire du Maroc - à Voir - réserves plusieurs parties aux PE des alaouites,Hatier / Librairie Nationale,1967,Origines - XXe s.,Français,,Paris / Casablanca,,chunk_01,,Unknown,"Jean Brignon, Abdelaziz Amine, Brahim Boutaleb, Guy Martinet, Bernard Rosenberger",,,,/workspaces/PHDM/ALL/ALLMD/Histoire du Maroc - à Voir - réserves plusieurs parties aux PE des alaouites/_FIGURES,/workspaces/PHDM/ALL/ALLMD/Histoire du Maroc - à Voir - réserves plusieurs parties aux PE des alaouites/_FIGURES/chunk_01_fig_19.png,,png,667874,83dc2e127de232e719860f0713d848581d6012af5605e95e293d7a6242fdebf0,1123,1048,kept,2026-02-07,
486,histoire_du_maroc_a_voir_reserves_plusieurs_parties_aux_pe_des_alaouites__chunk_01_fig_20.png,,,# Histoire du Maroc - à Voir - réserves plusieurs parties aux PE des alaouites,"Jean Brignon, Abdelaziz Amine, Brahim Boutaleb, Guy Martinet, Bernard Rosenberger",,,Origines - XXe s.,,Manuel académique,"BRIGNON, Jean et al., Histoire du Maroc, Hatier / Librairie Nationale, 1967",Figure extraite (OCR),Histoire du Maroc - à Voir - réserves plusieurs parties aux PE des alaouites,Hatier / Librairie Nationale,1967,Origines - XXe s.,Français,,Paris / Casablanca,,chunk_01,,Unknown,"Jean Brignon, Abdelaziz Amine, Brahim Boutaleb, Guy Martinet, Bernard Rosenberger",,,,/workspaces/PHDM/ALL/ALLMD/Histoire du Maroc - à Voir - réserves plusieurs parties aux PE des alaouites/_FIGURES,/workspaces/PHDM/ALL/ALLMD/Histoire du Maroc - à Voir - réserves plusieurs parties aux PE des alaouites/_FIGURES/chunk_01_fig_20.png,,png,757167,df3f6215775f843480bf7db966e55e90a1c2d4b3c364a711be9df4e738e7009b,1099,782,kept,2026-02-07,
487,histoire_du_maroc_a_voir_reserves_plusieurs_parties_aux_pe_des_alaouites__chunk_01_fig_21.png,,,# Histoire du Maroc - à Voir - réserves plusieurs parties aux PE des alaouites,"Jean Brignon, Abdelaziz Amine, Brahim Boutaleb, Guy Martinet, Bernard Rosenberger",,,Origines - XXe s.,,Manuel académique,"BRIGNON, Jean et al., Histoire du Maroc, Hatier / Librairie Nationale, 1967",Figure extraite (OCR),Histoire du Maroc - à Voir - réserves plusieurs parties aux PE des alaouites,Hatier / Librairie Nationale,1967,Origines - XXe s.,Français,,Paris / Casablanca,,chunk_01,,Unknown,"Jean Brignon, Abdelaziz Amine, Brahim Boutaleb, Guy Martinet, Bernard Rosenberger",,,,/workspaces/PHDM/ALL/ALLMD/Histoire du Maroc - à Voir - réserves plusieurs parties aux PE des alaouites/_FIGURES,/workspaces/PHDM/ALL/ALLMD/Histoire du Maroc - à Voir - réserves plusieurs parties aux PE des alaouites/_FIGURES/chunk_01_fig_21.png,,png,745985,63d96c20cf9d4f78c4d044a1ddeb33a1472a404571b66bbc98a984a4ca8f05ce,1093,788,kept,2026-02-07,
488,histoire_du_maroc_a_voir_reserves_plusieurs_parties_aux_pe_des_alaouites__chunk_01_fig_22.png,,,# Histoire du Maroc - à Voir - réserves plusieurs parties aux PE des alaouites,"Jean Brignon, Abdelaziz Amine, Brahim Boutaleb, Guy Martinet, Bernard Rosenberger",,,Origines - XXe s.,,Manuel académique,"BRIGNON, Jean et al., Histoire du Maroc, Hatier / Librairie Nationale, 1967",Figure extraite (OCR),Histoire du Maroc - à Voir - réserves plusieurs parties aux PE des alaouites,Hatier / Librairie Nationale,1967,Origines - XXe s.,Français,,Paris / Casablanca,,chunk_01,,Unknown,"Jean Brignon, Abdelaziz Amine, Brahim Boutaleb, Guy Martinet, Bernard Rosenberger",,,,/workspaces/PHDM/ALL/ALLMD/Histoire du Maroc - à Voir - réserves plusieurs parties aux PE des alaouites/_FIGURES,/workspaces/PHDM/ALL/ALLMD/Histoire du Maroc - à Voir - réserves plusieurs parties aux PE des alaouites/_FIGURES/chunk_01_fig_22.png,,png,386501,ef352d7c0feafb153e4d5492d4bcb5394a855fac8cafda20f8998eff1b1ddfb0,484,542,kept,2026-02-07,
490,histoire_du_maroc_a_voir_reserves_plusieurs_parties_aux_pe_des_alaouites__chunk_01_fig_24.png,,,# Histoire du Maroc - à Voir - réserves plusieurs parties aux PE des alaouites,"Jean Brignon, Abdelaziz Amine, Brahim Boutaleb, Guy Martinet, Bernard Rosenberger",,,Origines - XXe s.,,Manuel académique,"BRIGNON, Jean et al., Histoire du Maroc, Hatier / Librairie Nationale, 1967",Figure extraite (OCR),Histoire du Maroc - à Voir - réserves plusieurs parties aux PE des alaouites,Hatier / Librairie Nationale,1967,Origines - XXe s.,Français,,Paris / Casablanca,,chunk_01,,Unknown,"Jean Brignon, Abdelaziz Amine, Brahim Boutaleb, Guy Martinet, Bernard Rosenberger",,,,/workspaces/PHDM/ALL/ALLMD/Histoire du Maroc - à Voir - réserves plusieurs parties aux PE des alaouites/_FIGURES,/workspaces/PHDM/ALL/ALLMD/Histoire du Maroc - à Voir - réserves plusieurs parties aux PE des alaouites/_FIGURES/chunk_01_fig_24.png,,png,519405,35799ea591a000fa65c0c57f17cd4b39a892ec5678c81005db63b573a4281059,544,525,kept,2026-02-07,
492,histoire_du_maroc_a_voir_reserves_plusieurs_parties_aux_pe_des_alaouites__chunk_02_fig_01.png,,,# Histoire du Maroc - à Voir - réserves plusieurs parties aux PE des alaouites,"Jean Brignon, Abdelaziz Amine, Brahim Boutaleb, Guy Martinet, Bernard Rosenberger",,,Origines - XXe s.,,Manuel académique,"BRIGNON, Jean et al., Histoire du Maroc, Hatier / Librairie Nationale, 1967",Figure extraite (OCR),Histoire du Maroc - à Voir - réserves plusieurs parties aux PE des alaouites,Hatier / Librairie Nationale,1967,Origines - XXe s.,Français,,Paris / Casablanca,,chunk_02,,Unknown,"Jean Brignon, Abdelaziz Amine, Brahim Boutaleb, Guy Martinet, Bernard Rosenberger",,,,/workspaces/PHDM/ALL/ALLMD/Histoire du Maroc - à Voir - réserves plusieurs parties aux PE des alaouites/_FIGURES,/workspaces/PHDM/ALL/ALLMD/Histoire du Maroc - à Voir - réserves plusieurs parties aux PE des alaouites/_FIGURES/chunk_02_fig_01.png,,png,503557,18644e567f03f3afa44e1badb027b91af5a95ef89857889fb82ff6dd2d887566,1130,667,kept,2026-02-07,
493,histoire_du_maroc_a_voir_reserves_plusieurs_parties_aux_pe_des_alaouites__chunk_02_fig_02.png,,,# Histoire du Maroc - à Voir - réserves plusieurs parties aux PE des alaouites,"Jean Brignon, Abdelaziz Amine, Brahim Boutaleb, Guy Martinet, Bernard Rosenberger",,,Origines - XXe s.,,Manuel académique,"BRIGNON, Jean et al., Histoire du Maroc, Hatier / Librairie Nationale, 1967",Figure extraite (OCR),Histoire du Maroc - à Voir - réserves plusieurs parties aux PE des alaouites,Hatier / Librairie Nationale,1967,Origines - XXe s.,Français,,Paris / Casablanca,,chunk_02,,Unknown,"Jean Brignon, Abdelaziz Amine, Brahim Boutaleb, Guy Martinet, Bernard Rosenberger",,,,/workspaces/PHDM/ALL/ALLMD/Histoire du Maroc - à Voir - réserves plusieurs parties aux PE des alaouites/_FIGURES,/workspaces/PHDM/ALL/ALLMD/Histoire du Maroc - à Voir - réserves plusieurs parties aux PE des alaouites/_FIGURES/chunk_02_fig_02.png,,png,235080,0ccfebb0aefea5573907c899cae68b954764e8e365e49d520f63373dce1f370b,486,498,kept,2026-02-07,
494,histoire_du_maroc_a_voir_reserves_plusieurs_parties_aux_pe_des_alaouites__chunk_02_fig_03.png,,,# Histoire du Maroc - à Voir - réserves plusieurs parties aux PE des alaouites,"Jean Brignon, Abdelaziz Amine, Brahim Boutaleb, Guy Martinet, Bernard Rosenberger",,,Origines - XXe s.,,Manuel académique,"BRIGNON, Jean et al., Histoire du Maroc, Hatier / Librairie Nationale, 1967",Figure extraite (OCR),Histoire du Maroc - à Voir - réserves plusieurs parties aux PE des alaouites,Hatier / Librairie Nationale,1967,Origines - XXe s.,Français,,Paris / Casablanca,,chunk_02,,Unknown,"Jean Brignon, Abdelaziz Amine, Brahim Boutaleb, Guy Martinet, Bernard Rosenberger",,,,/workspaces/PHDM/ALL/ALLMD/Histoire du Maroc - à Voir - réserves plusieurs parties aux PE des alaouites/_FIGURES,/workspaces/PHDM/ALL/ALLMD/Histoire du Maroc - à Voir - réserves plusieurs parties aux PE des alaouites/_FIGURES/chunk_02_fig_03.png,,png,917739,95b542974fdf9646d9c23cfb859e512b9699c42ad7b145e4586cbd43cef576ef,1167,1115,kept,2026-02-07,
495,histoire_du_maroc_a_voir_reserves_plusieurs_parties_aux_pe_des_alaouites__chunk_02_fig_04.png,,,# Histoire du Maroc - à Voir - réserves plusieurs parties aux PE des alaouites,"Jean Brignon, Abdelaziz Amine, Brahim Boutaleb, Guy Martinet, Bernard Rosenberger",,,Origines - XXe s.,,Manuel académique,"BRIGNON, Jean et al., Histoire du Maroc, Hatier / Librairie Nationale, 1967",Figure extraite (OCR),Histoire du Maroc - à Voir - réserves plusieurs parties aux PE des alaouites,Hatier / Librairie Nationale,1967,Origines - XXe s.,Français,,Paris / Casablanca,,chunk_02,,Unknown,"Jean Brignon, Abdelaziz Amine, Brahim Boutaleb, Guy Martinet, Bernard Rosenberger",,,,/workspaces/PHDM/ALL/ALLMD/Histoire du Maroc - à Voir - réserves plusieurs parties aux PE des alaouites/_FIGURES,/workspaces/PHDM/ALL/ALLMD/Histoire du Maroc - à Voir - réserves plusieurs parties aux PE des alaouites/_FIGURES/chunk_02_fig_04.png,,png,202863,5635b450fc73832372022650f3613ea0f7387758e402921a66a42d904d132c2c,480,519,kept,2026-02-07,
496,histoire_du_maroc_a_voir_reserves_plusieurs_parties_aux_pe_des_alaouites__chunk_02_fig_05.png,,,# Histoire du Maroc - à Voir - réserves plusieurs parties aux PE des alaouites,"Jean Brignon, Abdelaziz Amine, Brahim Boutaleb, Guy Martinet, Bernard Rosenberger",,,Origines - XXe s.,,Manuel académique,"BRIGNON, Jean et al., Histoire du Maroc, Hatier / Librairie Nationale, 1967",Figure extraite (OCR),Histoire du Maroc - à Voir - réserves plusieurs parties aux PE des alaouites,Hatier / Librairie Nationale,1967,Origines - XXe s.,Français,,Paris / Casablanca,,chunk_02,,Unknown,"Jean Brignon, Abdelaziz Amine, Brahim Boutaleb, Guy Martinet, Bernard Rosenberger",,,,/workspaces/PHDM/ALL/ALLMD/Histoire du Maroc - à Voir - réserves plusieurs parties aux PE des alaouites/_FIGURES,/workspaces/PHDM/ALL/ALLMD/Histoire du Maroc - à Voir - réserves plusieurs parties aux PE des alaouites/_FIGURES/chunk_02_fig_05.png,,png,242033,0bce4b39ef12b3178bfdc5221920df654920333dfdd2f9e9f83cba90740e145b,522,513,kept,2026-02-07,
497,histoire_du_maroc_a_voir_reserves_plusieurs_parties_aux_pe_des_alaouites__chunk_02_fig_06.png,,,# Histoire du Maroc - à Voir - réserves plusieurs parties aux PE des alaouites,"Jean Brignon, Abdelaziz Amine, Brahim Boutaleb, Guy Martinet, Bernard Rosenberger",,,Origines - XXe s.,,Manuel académique,"BRIGNON, Jean et al., Histoire du Maroc, Hatier / Librairie Nationale, 1967",Figure extraite (OCR),Histoire du Maroc - à Voir - réserves plusieurs parties aux PE des alaouites,Hatier / Librairie Nationale,1967,Origines - XXe s.,Français,,Paris / Casablanca,,chunk_02,,Unknown,"Jean Brignon, Abdelaziz Amine, Brahim Boutaleb, Guy Martinet, Bernard Rosenberger",,,,/workspaces/PHDM/ALL/ALLMD/Histoire du Maroc - à Voir - réserves plusieurs parties aux PE des alaouites/_FIGURES,/workspaces/PHDM/ALL/ALLMD/Histoire du Maroc - à Voir - réserves plusieurs parties aux PE des alaouites/_FIGURES/chunk_02_fig_06.png,,png,330551,d2ad1af047e7bd24e40ee0d9cc51e9c85b82074224f96c38a1b6d450feebfff6,1094,934,kept,2026-02-07,
498,histoire_du_maroc_a_voir_reserves_plusieurs_parties_aux_pe_des_alaouites__chunk_02_fig_07.png,,,# Histoire du Maroc - à Voir - réserves plusieurs parties aux PE des alaouites,"Jean Brignon, Abdelaziz Amine, Brahim Boutaleb, Guy Martinet, Bernard Rosenberger",,,Origines - XXe s.,,Manuel académique,"BRIGNON, Jean et al., Histoire du Maroc, Hatier / Librairie Nationale, 1967",Figure extraite (OCR),Histoire du Maroc - à Voir - réserves plusieurs parties aux PE des alaouites,Hatier / Librairie Nationale,1967,Origines - XXe s.,Français,,Paris / Casablanca,,chunk_02,,Unknown,"Jean Brignon, Abdelaziz Amine, Brahim Boutaleb, Guy Martinet, Bernard Rosenberger",,,,/workspaces/PHDM/ALL/ALLMD/Histoire du Maroc - à Voir - réserves plusieurs parties aux PE des alaouites/_FIGURES,/workspaces/PHDM/ALL/ALLMD/Histoire du Maroc - à Voir - réserves plusieurs parties aux PE des alaouites/_FIGURES/chunk_02_fig_07.png,,png,895735,6128655af365b074da740ee1f63537b2c79676a7c694957a87d7129392d38bb0,1167,1679,kept,2026-02-07,
499,histoire_du_maroc_a_voir_reserves_plusieurs_parties_aux_pe_des_alaouites__chunk_02_fig_08.png,,,# Histoire du Maroc - à Voir - réserves plusieurs parties aux PE des alaouites,"Jean Brignon, Abdelaziz Amine, Brahim Boutaleb, Guy Martinet, Bernard Rosenberger",,,Origines - XXe s.,,Manuel académique,"BRIGNON, Jean et al., Histoire du Maroc, Hatier / Librairie Nationale, 1967",Figure extraite (OCR),Histoire du Maroc - à Voir - réserves plusieurs parties aux PE des alaouites,Hatier / Librairie Nationale,1967,Origines - XXe s.,Français,,Paris / Casablanca,,chunk_02,,Unknown,"Jean Brignon, Abdelaziz Amine, Brahim Boutaleb, Guy Martinet, Bernard Rosenberger",,,,/workspaces/PHDM/ALL/ALLMD/Histoire du Maroc - à Voir - réserves plusieurs parties aux PE des alaouites/_FIGURES,/workspaces/PHDM/ALL/ALLMD/Histoire du Maroc - à Voir - réserves plusieurs parties aux PE des alaouites/_FIGURES/chunk_02_fig_08.png,,png,850214,73f87d128da14433992f791a2b9fa82b809fb52fce36762965019e226ffca7ed,882,866,kept,2026-02-07,
500,histoire_du_maroc_a_voir_reserves_plusieurs_parties_aux_pe_des_alaouites__chunk_02_fig_09.png,,,# Histoire du Maroc - à Voir - réserves plusieurs parties aux PE des alaouites,"Jean Brignon, Abdelaziz Amine, Brahim Boutaleb, Guy Martinet, Bernard Rosenberger",,,Origines - XXe s.,,Manuel académique,"BRIGNON, Jean et al., Histoire du Maroc, Hatier / Librairie Nationale, 1967",Figure extraite (OCR),Histoire du Maroc - à Voir - réserves plusieurs parties aux PE des alaouites,Hatier / Librairie Nationale,1967,Origines - XXe s.,Français,,Paris / Casablanca,,chunk_02,,Unknown,"Jean Brignon, Abdelaziz Amine, Brahim Boutaleb, Guy Martinet, Bernard Rosenberger",,,,/workspaces/PHDM/ALL/ALLMD/Histoire du Maroc - à Voir - réserves plusieurs parties aux PE des alaouites/_FIGURES,/workspaces/PHDM/ALL/ALLMD/Histoire du Maroc - à Voir - réserves plusieurs parties aux PE des alaouites/_FIGURES/chunk_02_fig_09.png,,png,642138,504a53f958e3633e4286edb05bfcb96d942bc8ce9be47587aea74a8982e611da,1167,1075,kept,2026-02-07,
501,histoire_du_maroc_a_voir_reserves_plusieurs_parties_aux_pe_des_alaouites__chunk_02_fig_10.png,,,# Histoire du Maroc - à Voir - réserves plusieurs parties aux PE des alaouites,"Jean Brignon, Abdelaziz Amine, Brahim Boutaleb, Guy Martinet, Bernard Rosenberger",,,Origines - XXe s.,,Manuel académique,"BRIGNON, Jean et al., Histoire du Maroc, Hatier / Librairie Nationale, 1967",Figure extraite (OCR),Histoire du Maroc - à Voir - réserves plusieurs parties aux PE des alaouites,Hatier / Librairie Nationale,1967,Origines - XXe s.,Français,,Paris / Casablanca,,chunk_02,,Unknown,"Jean Brignon, Abdelaziz Amine, Brahim Boutaleb, Guy Martinet, Bernard Rosenberger",,,,/workspaces/PHDM/ALL/ALLMD/Histoire du Maroc - à Voir - réserves plusieurs parties aux PE des alaouites/_FIGURES,/workspaces/PHDM/ALL/ALLMD/Histoire du Maroc - à Voir - réserves plusieurs parties aux PE des alaouites/_FIGURES/chunk_02_fig_10.png,,png,278486,2d91831a7672785c7cb4f9ebc4f1e0ac3db56bebf110e1a2435086d91212c36c,534,666,kept,2026-02-07,
502,histoire_du_maroc_a_voir_reserves_plusieurs_parties_aux_pe_des_alaouites__chunk_02_fig_11.png,,,# Histoire du Maroc - à Voir - réserves plusieurs parties aux PE des alaouites,"Jean Brignon, Abdelaziz Amine, Brahim Boutaleb, Guy Martinet, Bernard Rosenberger",,,Origines - XXe s.,,Manuel académique,"BRIGNON, Jean et al., Histoire du Maroc, Hatier / Librairie Nationale, 1967",Figure extraite (OCR),Histoire du Maroc - à Voir - réserves plusieurs parties aux PE des alaouites,Hatier / Librairie Nationale,1967,Origines - XXe s.,Français,,Paris / Casablanca,,chunk_02,,Unknown,"Jean Brignon, Abdelaziz Amine, Brahim Boutaleb, Guy Martinet, Bernard Rosenberger",,,,/workspaces/PHDM/ALL/ALLMD/Histoire du Maroc - à Voir - réserves plusieurs parties aux PE des alaouites/_FIGURES,/workspaces/PHDM/ALL/ALLMD/Histoire du Maroc - à Voir - réserves plusieurs parties aux PE des alaouites/_FIGURES/chunk_02_fig_11.png,,png,443720,3dd56acbe8b265062c7ddf97a6481aa190e8b60589f5d1c28fb9f0a09de6fbaf,633,726,kept,2026-02-07,
503,histoire_du_maroc_a_voir_reserves_plusieurs_parties_aux_pe_des_alaouites__chunk_02_fig_12.png,,,# Histoire du Maroc - à Voir - réserves plusieurs parties aux PE des alaouites,"Jean Brignon, Abdelaziz Amine, Brahim Boutaleb, Guy Martinet, Bernard Rosenberger",,,Origines - XXe s.,,Manuel académique,"BRIGNON, Jean et al., Histoire du Maroc, Hatier / Librairie Nationale, 1967",Figure extraite (OCR),Histoire du Maroc - à Voir - réserves plusieurs parties aux PE des alaouites,Hatier / Librairie Nationale,1967,Origines - XXe s.,Français,,Paris / Casablanca,,chunk_02,,Unknown,"Jean Brignon, Abdelaziz Amine, Brahim Boutaleb, Guy Martinet, Bernard Rosenberger",,,,/workspaces/PHDM/ALL/ALLMD/Histoire du Maroc - à Voir - réserves plusieurs parties aux PE des alaouites/_FIGURES,/workspaces/PHDM/ALL/ALLMD/Histoire du Maroc - à Voir - réserves plusieurs parties aux PE des alaouites/_FIGURES/chunk_02_fig_12.png,,png,245972,f66e914b96be23466fa42207dc23b825f8bc8b8fdeef4f6ed113af0fb92d15db,1088,649,kept,2026-02-07,
504,histoire_du_maroc_a_voir_reserves_plusieurs_parties_aux_pe_des_alaouites__chunk_03_fig_01.png,,,# Histoire du Maroc - à Voir - réserves plusieurs parties aux PE des alaouites,"Jean Brignon, Abdelaziz Amine, Brahim Boutaleb, Guy Martinet, Bernard Rosenberger",,,Origines - XXe s.,,Manuel académique,"BRIGNON, Jean et al., Histoire du Maroc, Hatier / Librairie Nationale, 1967",Figure extraite (OCR),Histoire du Maroc - à Voir - réserves plusieurs parties aux PE des alaouites,Hatier / Librairie Nationale,1967,Origines - XXe s.,Français,,Paris / Casablanca,,chunk_03,,Unknown,"Jean Brignon, Abdelaziz Amine, Brahim Boutaleb, Guy Martinet, Bernard Rosenberger",,,,/workspaces/PHDM/ALL/ALLMD/Histoire du Maroc - à Voir - réserves plusieurs parties aux PE des alaouites/_FIGURES,/workspaces/PHDM/ALL/ALLMD/Histoire du Maroc - à Voir - réserves plusieurs parties aux PE des alaouites/_FIGURES/chunk_03_fig_01.png,,png,1013153,72218eb4b250f374cc55a415833983c9569c14c7237b0358c868767b9ec5ed5a,1167,862,kept,2026-02-07,
505,histoire_du_maroc_a_voir_reserves_plusieurs_parties_aux_pe_des_alaouites__chunk_03_fig_02.png,,,# Histoire du Maroc - à Voir - réserves plusieurs parties aux PE des alaouites,"Jean Brignon, Abdelaziz Amine, Brahim Boutaleb, Guy Martinet, Bernard Rosenberger",,,Origines - XXe s.,,Manuel académique,"BRIGNON, Jean et al., Histoire du Maroc, Hatier / Librairie Nationale, 1967",Figure extraite (OCR),Histoire du Maroc - à Voir - réserves plusieurs parties aux PE des alaouites,Hatier / Librairie Nationale,1967,Origines - XXe s.,Français,,Paris / Casablanca,,chunk_03,,Unknown,"Jean Brignon, Abdelaziz Amine, Brahim Boutaleb, Guy Martinet, Bernard Rosenberger",,,,/workspaces/PHDM/ALL/ALLMD/Histoire du Maroc - à Voir - réserves plusieurs parties aux PE des alaouites/_FIGURES,/workspaces/PHDM/ALL/ALLMD/Histoire du Maroc - à Voir - réserves plusieurs parties aux PE des alaouites/_FIGURES/chunk_03_fig_02.png,,png,290684,acc85f4b0bb8ec33dabee01d088505c6285e4f0e4cbc7244a4e03552315e249f,535,655,kept,2026-02-07,
506,histoire_du_maroc_a_voir_reserves_plusieurs_parties_aux_pe_des_alaouites__chunk_03_fig_03.png,,,# Histoire du Maroc - à Voir - réserves plusieurs parties aux PE des alaouites,"Jean Brignon, Abdelaziz Amine, Brahim Boutaleb, Guy Martinet, Bernard Rosenberger",,,Origines - XXe s.,,Manuel académique,"BRIGNON, Jean et al., Histoire du Maroc, Hatier / Librairie Nationale, 1967",Figure extraite (OCR),Histoire du Maroc - à Voir - réserves plusieurs parties aux PE des alaouites,Hatier / Librairie Nationale,1967,Origines - XXe s.,Français,,Paris / Casablanca,,chunk_03,,Unknown,"Jean Brignon, Abdelaziz Amine, Brahim Boutaleb, Guy Martinet, Bernard Rosenberger",,,,/workspaces/PHDM/ALL/ALLMD/Histoire du Maroc - à Voir - réserves plusieurs parties aux PE des alaouites/_FIGURES,/workspaces/PHDM/ALL/ALLMD/Histoire du Maroc - à Voir - réserves plusieurs parties aux PE des alaouites/_FIGURES/chunk_03_fig_03.png,,png,334323,42cec6f2096b65ff6d394021dab0365d9926fbd54e3355339557f0f6ccb84dd8,1130,850,kept,2026-02-07,
507,histoire_du_maroc_a_voir_reserves_plusieurs_parties_aux_pe_des_alaouites__chunk_03_fig_04.png,,,# Histoire du Maroc - à Voir - réserves plusieurs parties aux PE des alaouites,"Jean Brignon, Abdelaziz Amine, Brahim Boutaleb, Guy Martinet, Bernard Rosenberger",,,Origines - XXe s.,,Manuel académique,"BRIGNON, Jean et al., Histoire du Maroc, Hatier / Librairie Nationale, 1967",Figure extraite (OCR),Histoire du Maroc - à Voir - réserves plusieurs parties aux PE des alaouites,Hatier / Librairie Nationale,1967,Origines - XXe s.,Français,,Paris / Casablanca,,chunk_03,,Unknown,"Jean Brignon, Abdelaziz Amine, Brahim Boutaleb, Guy Martinet, Bernard Rosenberger",,,,/workspaces/PHDM/ALL/ALLMD/Histoire du Maroc - à Voir - réserves plusieurs parties aux PE des alaouites/_FIGURES,/workspaces/PHDM/ALL/ALLMD/Histoire du Maroc - à Voir - réserves plusieurs parties aux PE des alaouites/_FIGURES/chunk_03_fig_04.png,,png,503530,548ce4f972bc1022cbe332dba8fd060f6a63a47afa25dec2dbee1cd36c4a507d,1155,1010,kept,2026-02-07,
508,histoire_du_maroc_a_voir_reserves_plusieurs_parties_aux_pe_des_alaouites__chunk_03_fig_05.png,,,# Histoire du Maroc - à Voir - réserves plusieurs parties aux PE des alaouites,"Jean Brignon, Abdelaziz Amine, Brahim Boutaleb, Guy Martinet, Bernard Rosenberger",,,Origines - XXe s.,,Manuel académique,"BRIGNON, Jean et al., Histoire du Maroc, Hatier / Librairie Nationale, 1967",Figure extraite (OCR),Histoire du Maroc - à Voir - réserves plusieurs parties aux PE des alaouites,Hatier / Librairie Nationale,1967,Origines - XXe s.,Français,,Paris / Casablanca,,chunk_03,,Unknown,"Jean Brignon, Abdelaziz Amine, Brahim Boutaleb, Guy Martinet, Bernard Rosenberger",,,,/workspaces/PHDM/ALL/ALLMD/Histoire du Maroc - à Voir - réserves plusieurs parties aux PE des alaouites/_FIGURES,/workspaces/PHDM/ALL/ALLMD/Histoire du Maroc - à Voir - réserves plusieurs parties aux PE des alaouites/_FIGURES/chunk_03_fig_05.png,,png,751254,6db86a7e982cddef7a46e3a128089132ddbf212795d4c835d9ba5a24876dbc82,1167,1682,kept,2026-02-07,
509,histoire_du_maroc_a_voir_reserves_plusieurs_parties_aux_pe_des_alaouites__chunk_03_fig_06.png,,,# Histoire du Maroc - à Voir - réserves plusieurs parties aux PE des alaouites,"Jean Brignon, Abdelaziz Amine, Brahim Boutaleb, Guy Martinet, Bernard Rosenberger",,,Origines - XXe s.,,Manuel académique,"BRIGNON, Jean et al., Histoire du Maroc, Hatier / Librairie Nationale, 1967",Figure extraite (OCR),Histoire du Maroc - à Voir - réserves plusieurs parties aux PE des alaouites,Hatier / Librairie Nationale,1967,Origines - XXe s.,Français,,Paris / Casablanca,,chunk_03,,Unknown,"Jean Brignon, Abdelaziz Amine, Brahim Boutaleb, Guy Martinet, Bernard Rosenberger",,,,/workspaces/PHDM/ALL/ALLMD/Histoire du Maroc - à Voir - réserves plusieurs parties aux PE des alaouites/_FIGURES,/workspaces/PHDM/ALL/ALLMD/Histoire du Maroc - à Voir - réserves plusieurs parties aux PE des alaouites/_FIGURES/chunk_03_fig_06.png,,png,487568,a38f90b0f59931369f9601919522ff9bbf9ae02d88db6af2ac359b9046201bda,1130,897,kept,2026-02-07,
510,histoire_du_maroc_a_voir_reserves_plusieurs_parties_aux_pe_des_alaouites__chunk_03_fig_07.png,,,# Histoire du Maroc - à Voir - réserves plusieurs parties aux PE des alaouites,"Jean Brignon, Abdelaziz Amine, Brahim Boutaleb, Guy Martinet, Bernard Rosenberger",,,Origines - XXe s.,,Manuel académique,"BRIGNON, Jean et al., Histoire du Maroc, Hatier / Librairie Nationale, 1967",Figure extraite (OCR),Histoire du Maroc - à Voir - réserves plusieurs parties aux PE des alaouites,Hatier / Librairie Nationale,1967,Origines - XXe s.,Français,,Paris / Casablanca,,chunk_03,,Unknown,"Jean Brignon, Abdelaziz Amine, Brahim Boutaleb, Guy Martinet, Bernard Rosenberger",,,,/workspaces/PHDM/ALL/ALLMD/Histoire du Maroc - à Voir - réserves plusieurs parties aux PE des alaouites/_FIGURES,/workspaces/PHDM/ALL/ALLMD/Histoire du Maroc - à Voir - réserves plusieurs parties aux PE des alaouites/_FIGURES/chunk_03_fig_07.png,,png,225068,70e4319dc599a300c80360fbfca58d1304a31cc36df1e112cb3582149cae7978,389,608,kept,2026-02-07,
511,histoire_du_maroc_a_voir_reserves_plusieurs_parties_aux_pe_des_alaouites__chunk_03_fig_08.png,,,# Histoire du Maroc - à Voir - réserves plusieurs parties aux PE des alaouites,"Jean Brignon, Abdelaziz Amine, Brahim Boutaleb, Guy Martinet, Bernard Rosenberger",,,Origines - XXe s.,,Manuel académique,"BRIGNON, Jean et al., Histoire du Maroc, Hatier / Librairie Nationale, 1967",Figure extraite (OCR),Histoire du Maroc - à Voir - réserves plusieurs parties aux PE des alaouites,Hatier / Librairie Nationale,1967,Origines - XXe s.,Français,,Paris / Casablanca,,chunk_03,,Unknown,"Jean Brignon, Abdelaziz Amine, Brahim Boutaleb, Guy Martinet, Bernard Rosenberger",,,,/workspaces/PHDM/ALL/ALLMD/Histoire du Maroc - à Voir - réserves plusieurs parties aux PE des alaouites/_FIGURES,/workspaces/PHDM/ALL/ALLMD/Histoire du Maroc - à Voir - réserves plusieurs parties aux PE des alaouites/_FIGURES/chunk_03_fig_08.png,,png,418431,323b790d27dd32ca259f5b33c7d0e373d8190912e941939d45409dd4d8db2448,691,892,kept,2026-02-07,
512,histoire_du_maroc_a_voir_reserves_plusieurs_parties_aux_pe_des_alaouites__chunk_03_fig_09.png,,,# Histoire du Maroc - à Voir - réserves plusieurs parties aux PE des alaouites,"Jean Brignon, Abdelaziz Amine, Brahim Boutaleb, Guy Martinet, Bernard Rosenberger",,,Origines - XXe s.,,Manuel académique,"BRIGNON, Jean et al., Histoire du Maroc, Hatier / Librairie Nationale, 1967",Figure extraite (OCR),Histoire du Maroc - à Voir - réserves plusieurs parties aux PE des alaouites,Hatier / Librairie Nationale,1967,Origines - XXe s.,Français,,Paris / Casablanca,,chunk_03,,Unknown,"Jean Brignon, Abdelaziz Amine, Brahim Boutaleb, Guy Martinet, Bernard Rosenberger",,,,/workspaces/PHDM/ALL/ALLMD/Histoire du Maroc - à Voir - réserves plusieurs parties aux PE des alaouites/_FIGURES,/workspaces/PHDM/ALL/ALLMD/Histoire du Maroc - à Voir - réserves plusieurs parties aux PE des alaouites/_FIGURES/chunk_03_fig_09.png,,png,779033,7108ee7d1190922c2d8f881fadb76ffb80ede453cb47c64e01c7fc5b41319dcd,1032,760,kept,2026-02-07,
513,histoire_du_maroc_a_voir_reserves_plusieurs_parties_aux_pe_des_alaouites__chunk_03_fig_10.png,,,# Histoire du Maroc - à Voir - réserves plusieurs parties aux PE des alaouites,"Jean Brignon, Abdelaziz Amine, Brahim Boutaleb, Guy Martinet, Bernard Rosenberger",,,Origines - XXe s.,,Manuel académique,"BRIGNON, Jean et al., Histoire du Maroc, Hatier / Librairie Nationale, 1967",Figure extraite (OCR),Histoire du Maroc - à Voir - réserves plusieurs parties aux PE des alaouites,Hatier / Librairie Nationale,1967,Origines - XXe s.,Français,,Paris / Casablanca,,chunk_03,,Unknown,"Jean Brignon, Abdelaziz Amine, Brahim Boutaleb, Guy Martinet, Bernard Rosenberger",,,,/workspaces/PHDM/ALL/ALLMD/Histoire du Maroc - à Voir - réserves plusieurs parties aux PE des alaouites/_FIGURES,/workspaces/PHDM/ALL/ALLMD/Histoire du Maroc - à Voir - réserves plusieurs parties aux PE des alaouites/_FIGURES/chunk_03_fig_10.png,,png,572229,dfcda4567a59012b19a6c38e2a86126d968dd88bc7852b963ac18c15c5b4de3a,600,1110,kept,2026-02-07,
514,histoire_du_maroc_a_voir_reserves_plusieurs_parties_aux_pe_des_alaouites__chunk_03_fig_11.png,,,# Histoire du Maroc - à Voir - réserves plusieurs parties aux PE des alaouites,"Jean Brignon, Abdelaziz Amine, Brahim Boutaleb, Guy Martinet, Bernard Rosenberger",,,Origines - XXe s.,,Manuel académique,"BRIGNON, Jean et al., Histoire du Maroc, Hatier / Librairie Nationale, 1967",Figure extraite (OCR),Histoire du Maroc - à Voir - réserves plusieurs parties aux PE des alaouites,Hatier / Librairie Nationale,1967,Origines - XXe s.,Français,,Paris / Casablanca,,chunk_03,,Unknown,"Jean Brignon, Abdelaziz Amine, Brahim Boutaleb, Guy Martinet, Bernard Rosenberger",,,,/workspaces/PHDM/ALL/ALLMD/Histoire du Maroc - à Voir - réserves plusieurs parties aux PE des alaouites/_FIGURES,/workspaces/PHDM/ALL/ALLMD/Histoire du Maroc - à Voir - réserves plusieurs parties aux PE des alaouites/_FIGURES/chunk_03_fig_11.png,,png,426613,f216a7882df3295bb60136196b01aad44bd6ee08ba6bf98af5b0fb35f2819827,530,645,kept,2026-02-07,
515,histoire_du_maroc_a_voir_reserves_plusieurs_parties_aux_pe_des_alaouites__chunk_03_fig_12.png,,,# Histoire du Maroc - à Voir - réserves plusieurs parties aux PE des alaouites,"Jean Brignon, Abdelaziz Amine, Brahim Boutaleb, Guy Martinet, Bernard Rosenberger",,,Origines - XXe s.,,Manuel académique,"BRIGNON, Jean et al., Histoire du Maroc, Hatier / Librairie Nationale, 1967",Figure extraite (OCR),Histoire du Maroc - à Voir - réserves plusieurs parties aux PE des alaouites,Hatier / Librairie Nationale,1967,Origines - XXe s.,Français,,Paris / Casablanca,,chunk_03,,Unknown,"Jean Brignon, Abdelaziz Amine, Brahim Boutaleb, Guy Martinet, Bernard Rosenberger",,,,/workspaces/PHDM/ALL/ALLMD/Histoire du Maroc - à Voir - réserves plusieurs parties aux PE des alaouites/_FIGURES,/workspaces/PHDM/ALL/ALLMD/Histoire du Maroc - à Voir - réserves plusieurs parties aux PE des alaouites/_FIGURES/chunk_03_fig_12.png,,png,460148,a420066d11c59cf62fca8b782ad836a86dcc0256821d3453a06916a488b96986,1167,997,kept,2026-02-07,
516,histoire_du_maroc_a_voir_reserves_plusieurs_parties_aux_pe_des_alaouites__chunk_04_fig_01.png,,,# Histoire du Maroc - à Voir - réserves plusieurs parties aux PE des alaouites,"Jean Brignon, Abdelaziz Amine, Brahim Boutaleb, Guy Martinet, Bernard Rosenberger",,,Origines - XXe s.,,Manuel académique,"BRIGNON, Jean et al., Histoire du Maroc, Hatier / Librairie Nationale, 1967",Figure extraite (OCR),Histoire du Maroc - à Voir - réserves plusieurs parties aux PE des alaouites,Hatier / Librairie Nationale,1967,Origines - XXe s.,Français,,Paris / Casablanca,,chunk_04,,Unknown,"Jean Brignon, Abdelaziz Amine, Brahim Boutaleb, Guy Martinet, Bernard Rosenberger",,,,/workspaces/PHDM/ALL/ALLMD/Histoire du Maroc - à Voir - réserves plusieurs parties aux PE des alaouites/_FIGURES,/workspaces/PHDM/ALL/ALLMD/Histoire du Maroc - à Voir - réserves plusieurs parties aux PE des alaouites/_FIGURES/chunk_04_fig_01.png,,png,418679,85e55532aa8eb05bc0fb93a6a6151a84f22c6d7a25d9d3baf5e9edb09c8dbf2e,643,812,kept,2026-02-07,
517,histoire_du_maroc_a_voir_reserves_plusieurs_parties_aux_pe_des_alaouites__chunk_04_fig_02.png,,,# Histoire du Maroc - à Voir - réserves plusieurs parties aux PE des alaouites,"Jean Brignon, Abdelaziz Amine, Brahim Boutaleb, Guy Martinet, Bernard Rosenberger",,,Origines - XXe s.,,Manuel académique,"BRIGNON, Jean et al., Histoire du Maroc, Hatier / Librairie Nationale, 1967",Figure extraite (OCR),Histoire du Maroc - à Voir - réserves plusieurs parties aux PE des alaouites,Hatier / Librairie Nationale,1967,Origines - XXe s.,Français,,Paris / Casablanca,,chunk_04,,Unknown,"Jean Brignon, Abdelaziz Amine, Brahim Boutaleb, Guy Martinet, Bernard Rosenberger",,,,/workspaces/PHDM/ALL/ALLMD/Histoire du Maroc - à Voir - réserves plusieurs parties aux PE des alaouites/_FIGURES,/workspaces/PHDM/ALL/ALLMD/Histoire du Maroc - à Voir - réserves plusieurs parties aux PE des alaouites/_FIGURES/chunk_04_fig_02.png,,png,586186,340c8adb32994c727fd0696951455ae60f795792b822310212fa7cc743f1f924,937,748,kept,2026-02-07,
518,histoire_du_maroc_a_voir_reserves_plusieurs_parties_aux_pe_des_alaouites__chunk_04_fig_03.png,,,# Histoire du Maroc - à Voir - réserves plusieurs parties aux PE des alaouites,"Jean Brignon, Abdelaziz Amine, Brahim Boutaleb, Guy Martinet, Bernard Rosenberger",,,Origines - XXe s.,,Manuel académique,"BRIGNON, Jean et al., Histoire du Maroc, Hatier / Librairie Nationale, 1967",Figure extraite (OCR),Histoire du Maroc - à Voir - réserves plusieurs parties aux PE des alaouites,Hatier / Librairie Nationale,1967,Origines - XXe s.,Français,,Paris / Casablanca,,chunk_04,,Unknown,"Jean Brignon, Abdelaziz Amine, Brahim Boutaleb, Guy Martinet, Bernard Rosenberger",,,,/workspaces/PHDM/ALL/ALLMD/Histoire du Maroc - à Voir - réserves plusieurs parties aux PE des alaouites/_FIGURES,/workspaces/PHDM/ALL/ALLMD/Histoire du Maroc - à Voir - réserves plusieurs parties aux PE des alaouites/_FIGURES/chunk_04_fig_03.png,,png,1231355,b38bbfe6bfdbaea17f76993ec4546ca3c4c793dae10ea54c3789b2ad4dbf9e5c,797,1035,kept,2026-02-07,
519,histoire_du_maroc_a_voir_reserves_plusieurs_parties_aux_pe_des_alaouites__chunk_04_fig_04.png,,,# Histoire du Maroc - à Voir - réserves plusieurs parties aux PE des alaouites,"Jean Brignon, Abdelaziz Amine, Brahim Boutaleb, Guy Martinet, Bernard Rosenberger",,,Origines - XXe s.,,Manuel académique,"BRIGNON, Jean et al., Histoire du Maroc, Hatier / Librairie Nationale, 1967",Figure extraite (OCR),Histoire du Maroc - à Voir - réserves plusieurs parties aux PE des alaouites,Hatier / Librairie Nationale,1967,Origines - XXe s.,Français,,Paris / Casablanca,,chunk_04,,Unknown,"Jean Brignon, Abdelaziz Amine, Brahim Boutaleb, Guy Martinet, Bernard Rosenberger",,,,/workspaces/PHDM/ALL/ALLMD/Histoire du Maroc - à Voir - réserves plusieurs parties aux PE des alaouites/_FIGURES,/workspaces/PHDM/ALL/ALLMD/Histoire du Maroc - à Voir - réserves plusieurs parties aux PE des alaouites/_FIGURES/chunk_04_fig_04.png,,png,915789,cb7ad0d344084f736cb9687e074ef8143489a5cf3eaeed76dbc6497c18cdd8e0,868,766,kept,2026-02-07,
520,histoire_du_maroc_a_voir_reserves_plusieurs_parties_aux_pe_des_alaouites__chunk_04_fig_05.png,,,# Histoire du Maroc - à Voir - réserves plusieurs parties aux PE des alaouites,"Jean Brignon, Abdelaziz Amine, Brahim Boutaleb, Guy Martinet, Bernard Rosenberger",,,Origines - XXe s.,,Manuel académique,"BRIGNON, Jean et al., Histoire du Maroc, Hatier / Librairie Nationale, 1967",Figure extraite (OCR),Histoire du Maroc - à Voir - réserves plusieurs parties aux PE des alaouites,Hatier / Librairie Nationale,1967,Origines - XXe s.,Français,,Paris / Casablanca,,chunk_04,,Unknown,"Jean Brignon, Abdelaziz Amine, Brahim Boutaleb, Guy Martinet, Bernard Rosenberger",,,,/workspaces/PHDM/ALL/ALLMD/Histoire du Maroc - à Voir - réserves plusieurs parties aux PE des alaouites/_FIGURES,/workspaces/PHDM/ALL/ALLMD/Histoire du Maroc - à Voir - réserves plusieurs parties aux PE des alaouites/_FIGURES/chunk_04_fig_05.png,,png,441303,ab742c661d7f5514f599fec4e99a133b1d6bf2cb8f4e554214930d0346a9cb02,1167,990,kept,2026-02-07,
521,histoire_du_maroc_a_voir_reserves_plusieurs_parties_aux_pe_des_alaouites__chunk_04_fig_06.png,,,# Histoire du Maroc - à Voir - réserves plusieurs parties aux PE des alaouites,"Jean Brignon, Abdelaziz Amine, Brahim Boutaleb, Guy Martinet, Bernard Rosenberger",,,Origines - XXe s.,,Manuel académique,"BRIGNON, Jean et al., Histoire du Maroc, Hatier / Librairie Nationale, 1967",Figure extraite (OCR),Histoire du Maroc - à Voir - réserves plusieurs parties aux PE des alaouites,Hatier / Librairie Nationale,1967,Origines - XXe s.,Français,,Paris / Casablanca,,chunk_04,,Unknown,"Jean Brignon, Abdelaziz Amine, Brahim Boutaleb, Guy Martinet, Bernard Rosenberger",,,,/workspaces/PHDM/ALL/ALLMD/Histoire du Maroc - à Voir - réserves plusieurs parties aux PE des alaouites/_FIGURES,/workspaces/PHDM/ALL/ALLMD/Histoire du Maroc - à Voir - réserves plusieurs parties aux PE des alaouites/_FIGURES/chunk_04_fig_06.png,,png,1270416,8a1205d66469f91302cd4b3d5f67d535934e3bbdff213c01d66ca217b385fcd6,1167,1682,kept,2026-02-07,
522,histoire_du_maroc_a_voir_reserves_plusieurs_parties_aux_pe_des_alaouites__chunk_04_fig_07.png,,,# Histoire du Maroc - à Voir - réserves plusieurs parties aux PE des alaouites,"Jean Brignon, Abdelaziz Amine, Brahim Boutaleb, Guy Martinet, Bernard Rosenberger",,,Origines - XXe s.,,Manuel académique,"BRIGNON, Jean et al., Histoire du Maroc, Hatier / Librairie Nationale, 1967",Figure extraite (OCR),Histoire du Maroc - à Voir - réserves plusieurs parties aux PE des alaouites,Hatier / Librairie Nationale,1967,Origines - XXe s.,Français,,Paris / Casablanca,,chunk_04,,Unknown,"Jean Brignon, Abdelaziz Amine, Brahim Boutaleb, Guy Martinet, Bernard Rosenberger",,,,/workspaces/PHDM/ALL/ALLMD/Histoire du Maroc - à Voir - réserves plusieurs parties aux PE des alaouites/_FIGURES,/workspaces/PHDM/ALL/ALLMD/Histoire du Maroc - à Voir - réserves plusieurs parties aux PE des alaouites/_FIGURES/chunk_04_fig_07.png,,png,701452,03c2cdabc463c2844eccc7870cac5a2c476840be87ff6e48126afd63dd249b7d,759,1002,kept,2026-02-07,
523,histoire_du_maroc_a_voir_reserves_plusieurs_parties_aux_pe_des_alaouites__chunk_04_fig_08.png,,,# Histoire du Maroc - à Voir - réserves plusieurs parties aux PE des alaouites,"Jean Brignon, Abdelaziz Amine, Brahim Boutaleb, Guy Martinet, Bernard Rosenberger",,,Origines - XXe s.,,Manuel académique,"BRIGNON, Jean et al., Histoire du Maroc, Hatier / Librairie Nationale, 1967",Figure extraite (OCR),Histoire du Maroc - à Voir - réserves plusieurs parties aux PE des alaouites,Hatier / Librairie Nationale,1967,Origines - XXe s.,Français,,Paris / Casablanca,,chunk_04,,Unknown,"Jean Brignon, Abdelaziz Amine, Brahim Boutaleb, Guy Martinet, Bernard Rosenberger",,,,/workspaces/PHDM/ALL/ALLMD/Histoire du Maroc - à Voir - réserves plusieurs parties aux PE des alaouites/_FIGURES,/workspaces/PHDM/ALL/ALLMD/Histoire du Maroc - à Voir - réserves plusieurs parties aux PE des alaouites/_FIGURES/chunk_04_fig_08.png,,png,812806,d687a16c3e08b1ca17e281c79a36d3a7c26199f51eb373fa69da4f465e45e6ab,1167,1544,kept,2026-02-07,
524,histoire_du_maroc_a_voir_reserves_plusieurs_parties_aux_pe_des_alaouites__chunk_04_fig_09.png,,,# Histoire du Maroc - à Voir - réserves plusieurs parties aux PE des alaouites,"Jean Brignon, Abdelaziz Amine, Brahim Boutaleb, Guy Martinet, Bernard Rosenberger",,,Origines - XXe s.,,Manuel académique,"BRIGNON, Jean et al., Histoire du Maroc, Hatier / Librairie Nationale, 1967",Figure extraite (OCR),Histoire du Maroc - à Voir - réserves plusieurs parties aux PE des alaouites,Hatier / Librairie Nationale,1967,Origines - XXe s.,Français,,Paris / Casablanca,,chunk_04,,Unknown,"Jean Brignon, Abdelaziz Amine, Brahim Boutaleb, Guy Martinet, Bernard Rosenberger",,,,/workspaces/PHDM/ALL/ALLMD/Histoire du Maroc - à Voir - réserves plusieurs parties aux PE des alaouites/_FIGURES,/workspaces/PHDM/ALL/ALLMD/Histoire du Maroc - à Voir - réserves plusieurs parties aux PE des alaouites/_FIGURES/chunk_04_fig_09.png,,png,1307773,cf7ed5d25c959aa0ac907cb4e6be88748ae5a3cc2d622c963afd3fa959a50e0a,1064,877,kept,2026-02-07,
525,histoire_du_maroc_a_voir_reserves_plusieurs_parties_aux_pe_des_alaouites__chunk_04_fig_10.png,,,# Histoire du Maroc - à Voir - réserves plusieurs parties aux PE des alaouites,"Jean Brignon, Abdelaziz Amine, Brahim Boutaleb, Guy Martinet, Bernard Rosenberger",,,Origines - XXe s.,,Manuel académique,"BRIGNON, Jean et al., Histoire du Maroc, Hatier / Librairie Nationale, 1967",Figure extraite (OCR),Histoire du Maroc - à Voir - réserves plusieurs parties aux PE des alaouites,Hatier / Librairie Nationale,1967,Origines - XXe s.,Français,,Paris / Casablanca,,chunk_04,,Unknown,"Jean Brignon, Abdelaziz Amine, Brahim Boutaleb, Guy Martinet, Bernard Rosenberger",,,,/workspaces/PHDM/ALL/ALLMD/Histoire du Maroc - à Voir - réserves plusieurs parties aux PE des alaouites/_FIGURES,/workspaces/PHDM/ALL/ALLMD/Histoire du Maroc - à Voir - réserves plusieurs parties aux PE des alaouites/_FIGURES/chunk_04_fig_10.png,,png,850558,1b16d2754ec0ef5c5cfb09f5326cf448a9296ac960bdd4d781dfa83bbaca8ab5,1055,924,kept,2026-02-07,
526,histoire_du_maroc_a_voir_reserves_plusieurs_parties_aux_pe_des_alaouites__chunk_05_fig_01.png,,,# Histoire du Maroc - à Voir - réserves plusieurs parties aux PE des alaouites,"Jean Brignon, Abdelaziz Amine, Brahim Boutaleb, Guy Martinet, Bernard Rosenberger",,,Origines - XXe s.,,Manuel académique,"BRIGNON, Jean et al., Histoire du Maroc, Hatier / Librairie Nationale, 1967",Figure extraite (OCR),Histoire du Maroc - à Voir - réserves plusieurs parties aux PE des alaouites,Hatier / Librairie Nationale,1967,Origines - XXe s.,Français,,Paris / Casablanca,,chunk_05,,Unknown,"Jean Brignon, Abdelaziz Amine, Brahim Boutaleb, Guy Martinet, Bernard Rosenberger",,,,/workspaces/PHDM/ALL/ALLMD/Histoire du Maroc - à Voir - réserves plusieurs parties aux PE des alaouites/_FIGURES,/workspaces/PHDM/ALL/ALLMD/Histoire du Maroc - à Voir - réserves plusieurs parties aux PE des alaouites/_FIGURES/chunk_05_fig_01.png,,png,1043570,158e07b71dc9efa1b7b30bfa3b1dd8f61ca7bbce8336fd286b302b91aeda4ac4,1054,760,kept,2026-02-07,
527,histoire_du_maroc_a_voir_reserves_plusieurs_parties_aux_pe_des_alaouites__chunk_05_fig_02.png,,,# Histoire du Maroc - à Voir - réserves plusieurs parties aux PE des alaouites,"Jean Brignon, Abdelaziz Amine, Brahim Boutaleb, Guy Martinet, Bernard Rosenberger",,,Origines - XXe s.,,Manuel académique,"BRIGNON, Jean et al., Histoire du Maroc, Hatier / Librairie Nationale, 1967",Figure extraite (OCR),Histoire du Maroc - à Voir - réserves plusieurs parties aux PE des alaouites,Hatier / Librairie Nationale,1967,Origines - XXe s.,Français,,Paris / Casablanca,,chunk_05,,Unknown,"Jean Brignon, Abdelaziz Amine, Brahim Boutaleb, Guy Martinet, Bernard Rosenberger",,,,/workspaces/PHDM/ALL/ALLMD/Histoire du Maroc - à Voir - réserves plusieurs parties aux PE des alaouites/_FIGURES,/workspaces/PHDM/ALL/ALLMD/Histoire du Maroc - à Voir - réserves plusieurs parties aux PE des alaouites/_FIGURES/chunk_05_fig_02.png,,png,1267143,fb440467a9daf482f31bd487f8a24348c642d89f8585c82a4e02a291529a34d0,913,1150,kept,2026-02-07,
528,histoire_du_maroc_a_voir_reserves_plusieurs_parties_aux_pe_des_alaouites__chunk_05_fig_03.png,,,# Histoire du Maroc - à Voir - réserves plusieurs parties aux PE des alaouites,"Jean Brignon, Abdelaziz Amine, Brahim Boutaleb, Guy Martinet, Bernard Rosenberger",,,Origines - XXe s.,,Manuel académique,"BRIGNON, Jean et al., Histoire du Maroc, Hatier / Librairie Nationale, 1967",Figure extraite (OCR),Histoire du Maroc - à Voir - réserves plusieurs parties aux PE des alaouites,Hatier / Librairie Nationale,1967,Origines - XXe s.,Français,,Paris / Casablanca,,chunk_05,,Unknown,"Jean Brignon, Abdelaziz Amine, Brahim Boutaleb, Guy Martinet, Bernard Rosenberger",,,,/workspaces/PHDM/ALL/ALLMD/Histoire du Maroc - à Voir - réserves plusieurs parties aux PE des alaouites/_FIGURES,/workspaces/PHDM/ALL/ALLMD/Histoire du Maroc - à Voir - réserves plusieurs parties aux PE des alaouites/_FIGURES/chunk_05_fig_03.png,,png,382674,0bfaaf59ddfd71dca69fa1b8e1432a038ce83a60c946813f165688cd9a80e926,1130,1017,kept,2026-02-07,
529,histoire_du_maroc_a_voir_reserves_plusieurs_parties_aux_pe_des_alaouites__chunk_05_fig_04.png,,,# Histoire du Maroc - à Voir - réserves plusieurs parties aux PE des alaouites,"Jean Brignon, Abdelaziz Amine, Brahim Boutaleb, Guy Martinet, Bernard Rosenberger",,,Origines - XXe s.,,Manuel académique,"BRIGNON, Jean et al., Histoire du Maroc, Hatier / Librairie Nationale, 1967",Figure extraite (OCR),Histoire du Maroc - à Voir - réserves plusieurs parties aux PE des alaouites,Hatier / Librairie Nationale,1967,Origines - XXe s.,Français,,Paris / Casablanca,,chunk_05,,Unknown,"Jean Brignon, Abdelaziz Amine, Brahim Boutaleb, Guy Martinet, Bernard Rosenberger",,,,/workspaces/PHDM/ALL/ALLMD/Histoire du Maroc - à Voir - réserves plusieurs parties aux PE des alaouites/_FIGURES,/workspaces/PHDM/ALL/ALLMD/Histoire du Maroc - à Voir - réserves plusieurs parties aux PE des alaouites/_FIGURES/chunk_05_fig_04.png,,png,601841,8af305f4d055e5f0ae43f5d963334e8db4bdbdd05845826efd623f8a856b1a5d,1132,1058,kept,2026-02-07,
530,histoire_du_maroc_a_voir_reserves_plusieurs_parties_aux_pe_des_alaouites__chunk_05_fig_05.png,,,# Histoire du Maroc - à Voir - réserves plusieurs parties aux PE des alaouites,"Jean Brignon, Abdelaziz Amine, Brahim Boutaleb, Guy Martinet, Bernard Rosenberger",,,Origines - XXe s.,,Manuel académique,"BRIGNON, Jean et al., Histoire du Maroc, Hatier / Librairie Nationale, 1967",Figure extraite (OCR),Histoire du Maroc - à Voir - réserves plusieurs parties aux PE des alaouites,Hatier / Librairie Nationale,1967,Origines - XXe s.,Français,,Paris / Casablanca,,chunk_05,,Unknown,"Jean Brignon, Abdelaziz Amine, Brahim Boutaleb, Guy Martinet, Bernard Rosenberger",,,,/workspaces/PHDM/ALL/ALLMD/Histoire du Maroc - à Voir - réserves plusieurs parties aux PE des alaouites/_FIGURES,/workspaces/PHDM/ALL/ALLMD/Histoire du Maroc - à Voir - réserves plusieurs parties aux PE des alaouites/_FIGURES/chunk_05_fig_05.png,,png,931112,3f572edf21863fb462912f6a76b3a31779e8b9948f97c36ff6c789da189a4dea,1167,762,kept,2026-02-07,
531,histoire_du_maroc_a_voir_reserves_plusieurs_parties_aux_pe_des_alaouites__chunk_05_fig_06.png,,,# Histoire du Maroc - à Voir - réserves plusieurs parties aux PE des alaouites,"Jean Brignon, Abdelaziz Amine, Brahim Boutaleb, Guy Martinet, Bernard Rosenberger",,,Origines - XXe s.,,Manuel académique,"BRIGNON, Jean et al., Histoire du Maroc, Hatier / Librairie Nationale, 1967",Figure extraite (OCR),Histoire du Maroc - à Voir - réserves plusieurs parties aux PE des alaouites,Hatier / Librairie Nationale,1967,Origines - XXe s.,Français,,Paris / Casablanca,,chunk_05,,Unknown,"Jean Brignon, Abdelaziz Amine, Brahim Boutaleb, Guy Martinet, Bernard Rosenberger",,,,/workspaces/PHDM/ALL/ALLMD/Histoire du Maroc - à Voir - réserves plusieurs parties aux PE des alaouites/_FIGURES,/workspaces/PHDM/ALL/ALLMD/Histoire du Maroc - à Voir - réserves plusieurs parties aux PE des alaouites/_FIGURES/chunk_05_fig_06.png,,png,1202601,d3e5561304375a67b323b3651a9befa61de625f08d89c33383484cb1435ad640,1120,792,kept,2026-02-07,
532,histoire_du_maroc_a_voir_reserves_plusieurs_parties_aux_pe_des_alaouites__chunk_05_fig_07.png,,,# Histoire du Maroc - à Voir - réserves plusieurs parties aux PE des alaouites,"Jean Brignon, Abdelaziz Amine, Brahim Boutaleb, Guy Martinet, Bernard Rosenberger",,,Origines - XXe s.,,Manuel académique,"BRIGNON, Jean et al., Histoire du Maroc, Hatier / Librairie Nationale, 1967",Figure extraite (OCR),Histoire du Maroc - à Voir - réserves plusieurs parties aux PE des alaouites,Hatier / Librairie Nationale,1967,Origines - XXe s.,Français,,Paris / Casablanca,,chunk_05,,Unknown,"Jean Brignon, Abdelaziz Amine, Brahim Boutaleb, Guy Martinet, Bernard Rosenberger",,,,/workspaces/PHDM/ALL/ALLMD/Histoire du Maroc - à Voir - réserves plusieurs parties aux PE des alaouites/_FIGURES,/workspaces/PHDM/ALL/ALLMD/Histoire du Maroc - à Voir - réserves plusieurs parties aux PE des alaouites/_FIGURES/chunk_05_fig_07.png,,png,618455,5984b1a25cf17248b2d576e6db61dae9a3fbbf6fe6b31d0a53acbb0da804b92f,1167,1458,kept,2026-02-07,
533,histoire_du_maroc_a_voir_reserves_plusieurs_parties_aux_pe_des_alaouites__chunk_05_fig_08.png,,,# Histoire du Maroc - à Voir - réserves plusieurs parties aux PE des alaouites,"Jean Brignon, Abdelaziz Amine, Brahim Boutaleb, Guy Martinet, Bernard Rosenberger",,,Origines - XXe s.,,Manuel académique,"BRIGNON, Jean et al., Histoire du Maroc, Hatier / Librairie Nationale, 1967",Figure extraite (OCR),Histoire du Maroc - à Voir - réserves plusieurs parties aux PE des alaouites,Hatier / Librairie Nationale,1967,Origines - XXe s.,Français,,Paris / Casablanca,,chunk_05,,Unknown,"Jean Brignon, Abdelaziz Amine, Brahim Boutaleb, Guy Martinet, Bernard Rosenberger",,,,/workspaces/PHDM/ALL/ALLMD/Histoire du Maroc - à Voir - réserves plusieurs parties aux PE des alaouites/_FIGURES,/workspaces/PHDM/ALL/ALLMD/Histoire du Maroc - à Voir - réserves plusieurs parties aux PE des alaouites/_FIGURES/chunk_05_fig_08.png,,png,634852,39e3944694ec6f15d028b0b4870be6da4f12eef58f7b3e9a04a600946da3c653,1130,1524,kept,2026-02-07,
534,histoire_du_maroc_a_voir_reserves_plusieurs_parties_aux_pe_des_alaouites__chunk_05_fig_09.png,,,# Histoire du Maroc - à Voir - réserves plusieurs parties aux PE des alaouites,"Jean Brignon, Abdelaziz Amine, Brahim Boutaleb, Guy Martinet, Bernard Rosenberger",,,Origines - XXe s.,,Manuel académique,"BRIGNON, Jean et al., Histoire du Maroc, Hatier / Librairie Nationale, 1967",Figure extraite (OCR),Histoire du Maroc - à Voir - réserves plusieurs parties aux PE des alaouites,Hatier / Librairie Nationale,1967,Origines - XXe s.,Français,,Paris / Casablanca,,chunk_05,,Unknown,"Jean Brignon, Abdelaziz Amine, Brahim Boutaleb, Guy Martinet, Bernard Rosenberger",,,,/workspaces/PHDM/ALL/ALLMD/Histoire du Maroc - à Voir - réserves plusieurs parties aux PE des alaouites/_FIGURES,/workspaces/PHDM/ALL/ALLMD/Histoire du Maroc - à Voir - réserves plusieurs parties aux PE des alaouites/_FIGURES/chunk_05_fig_09.png,,png,376792,4b45c1da9314426faf932f99747a88d642b84d572f30094cee191618955b2bff,492,791,kept,2026-02-07,
535,histoire_du_maroc_a_voir_reserves_plusieurs_parties_aux_pe_des_alaouites__chunk_06_fig_01.png,,,# Histoire du Maroc - à Voir - réserves plusieurs parties aux PE des alaouites,"Jean Brignon, Abdelaziz Amine, Brahim Boutaleb, Guy Martinet, Bernard Rosenberger",,,Origines - XXe s.,,Manuel académique,"BRIGNON, Jean et al., Histoire du Maroc, Hatier / Librairie Nationale, 1967",Figure extraite (OCR),Histoire du Maroc - à Voir - réserves plusieurs parties aux PE des alaouites,Hatier / Librairie Nationale,1967,Origines - XXe s.,Français,,Paris / Casablanca,,chunk_06,,Unknown,"Jean Brignon, Abdelaziz Amine, Brahim Boutaleb, Guy Martinet, Bernard Rosenberger",,,,/workspaces/PHDM/ALL/ALLMD/Histoire du Maroc - à Voir - réserves plusieurs parties aux PE des alaouites/_FIGURES,/workspaces/PHDM/ALL/ALLMD/Histoire du Maroc - à Voir - réserves plusieurs parties aux PE des alaouites/_FIGURES/chunk_06_fig_01.png,,png,1189508,993f7aa5dedc0e77ecf38440b09e82b91387207414681d1bdffe8f24219ce829,1167,1446,kept,2026-02-07,
536,histoire_du_maroc_a_voir_reserves_plusieurs_parties_aux_pe_des_alaouites__chunk_06_fig_02.png,,,# Histoire du Maroc - à Voir - réserves plusieurs parties aux PE des alaouites,"Jean Brignon, Abdelaziz Amine, Brahim Boutaleb, Guy Martinet, Bernard Rosenberger",,,Origines - XXe s.,,Manuel académique,"BRIGNON, Jean et al., Histoire du Maroc, Hatier / Librairie Nationale, 1967",Figure extraite (OCR),Histoire du Maroc - à Voir - réserves plusieurs parties aux PE des alaouites,Hatier / Librairie Nationale,1967,Origines - XXe s.,Français,,Paris / Casablanca,,chunk_06,,Unknown,"Jean Brignon, Abdelaziz Amine, Brahim Boutaleb, Guy Martinet, Bernard Rosenberger",,,,/workspaces/PHDM/ALL/ALLMD/Histoire du Maroc - à Voir - réserves plusieurs parties aux PE des alaouites/_FIGURES,/workspaces/PHDM/ALL/ALLMD/Histoire du Maroc - à Voir - réserves plusieurs parties aux PE des alaouites/_FIGURES/chunk_06_fig_02.png,,png,749894,29a975511c60f2c85012f0a952e09a8481e59c2349cbd9a71f8c6b4ffbca35bf,650,868,kept,2026-02-07,
537,histoire_du_maroc_a_voir_reserves_plusieurs_parties_aux_pe_des_alaouites__chunk_06_fig_03.png,,,# Histoire du Maroc - à Voir - réserves plusieurs parties aux PE des alaouites,"Jean Brignon, Abdelaziz Amine, Brahim Boutaleb, Guy Martinet, Bernard Rosenberger",,,Origines - XXe s.,,Manuel académique,"BRIGNON, Jean et al., Histoire du Maroc, Hatier / Librairie Nationale, 1967",Figure extraite (OCR),Histoire du Maroc - à Voir - réserves plusieurs parties aux PE des alaouites,Hatier / Librairie Nationale,1967,Origines - XXe s.,Français,,Paris / Casablanca,,chunk_06,,Unknown,"Jean Brignon, Abdelaziz Amine, Brahim Boutaleb, Guy Martinet, Bernard Rosenberger",,,,/workspaces/PHDM/ALL/ALLMD/Histoire du Maroc - à Voir - réserves plusieurs parties aux PE des alaouites/_FIGURES,/workspaces/PHDM/ALL/ALLMD/Histoire du Maroc - à Voir - réserves plusieurs parties aux PE des alaouites/_FIGURES/chunk_06_fig_03.png,,png,449702,e0eb7a19c76fc948f035dce24b0468e3b8deecf27e18f8b91e6df19c1d0c1d5f,1130,1325,kept,2026-02-07,
538,histoire_du_maroc_a_voir_reserves_plusieurs_parties_aux_pe_des_alaouites__chunk_06_fig_04.png,,,# Histoire du Maroc - à Voir - réserves plusieurs parties aux PE des alaouites,"Jean Brignon, Abdelaziz Amine, Brahim Boutaleb, Guy Martinet, Bernard Rosenberger",,,Origines - XXe s.,,Manuel académique,"BRIGNON, Jean et al., Histoire du Maroc, Hatier / Librairie Nationale, 1967",Figure extraite (OCR),Histoire du Maroc - à Voir - réserves plusieurs parties aux PE des alaouites,Hatier / Librairie Nationale,1967,Origines - XXe s.,Français,,Paris / Casablanca,,chunk_06,,Unknown,"Jean Brignon, Abdelaziz Amine, Brahim Boutaleb, Guy Martinet, Bernard Rosenberger",,,,/workspaces/PHDM/ALL/ALLMD/Histoire du Maroc - à Voir - réserves plusieurs parties aux PE des alaouites/_FIGURES,/workspaces/PHDM/ALL/ALLMD/Histoire du Maroc - à Voir - réserves plusieurs parties aux PE des alaouites/_FIGURES/chunk_06_fig_04.png,,png,1232146,7ffd9ce34e8d148a98c4e0815af0e2da23cb8bea205babb63dea54ea7ef3fbe7,1166,1232,kept,2026-02-07,
539,histoire_du_maroc_a_voir_reserves_plusieurs_parties_aux_pe_des_alaouites__chunk_06_fig_05.png,,,# Histoire du Maroc - à Voir - réserves plusieurs parties aux PE des alaouites,"Jean Brignon, Abdelaziz Amine, Brahim Boutaleb, Guy Martinet, Bernard Rosenberger",,,Origines - XXe s.,,Manuel académique,"BRIGNON, Jean et al., Histoire du Maroc, Hatier / Librairie Nationale, 1967",Figure extraite (OCR),Histoire du Maroc - à Voir - réserves plusieurs parties aux PE des alaouites,Hatier / Librairie Nationale,1967,Origines - XXe s.,Français,,Paris / Casablanca,,chunk_06,,Unknown,"Jean Brignon, Abdelaziz Amine, Brahim Boutaleb, Guy Martinet, Bernard Rosenberger",,,,/workspaces/PHDM/ALL/ALLMD/Histoire du Maroc - à Voir - réserves plusieurs parties aux PE des alaouites/_FIGURES,/workspaces/PHDM/ALL/ALLMD/Histoire du Maroc - à Voir - réserves plusieurs parties aux PE des alaouites/_FIGURES/chunk_06_fig_05.png,,png,52032,92e710b73de1ff50f17e52136a6cbb970d0b945836dc059e681a754d8a451923,272,647,kept,2026-02-07,
540,histoire_du_maroc_a_voir_reserves_plusieurs_parties_aux_pe_des_alaouites__chunk_06_fig_06.png,,,# Histoire du Maroc - à Voir - réserves plusieurs parties aux PE des alaouites,"Jean Brignon, Abdelaziz Amine, Brahim Boutaleb, Guy Martinet, Bernard Rosenberger",,,Origines - XXe s.,,Manuel académique,"BRIGNON, Jean et al., Histoire du Maroc, Hatier / Librairie Nationale, 1967",Figure extraite (OCR),Histoire du Maroc - à Voir - réserves plusieurs parties aux PE des alaouites,Hatier / Librairie Nationale,1967,Origines - XXe s.,Français,,Paris / Casablanca,,chunk_06,,Unknown,"Jean Brignon, Abdelaziz Amine, Brahim Boutaleb, Guy Martinet, Bernard Rosenberger",,,,/workspaces/PHDM/ALL/ALLMD/Histoire du Maroc - à Voir - réserves plusieurs parties aux PE des alaouites/_FIGURES,/workspaces/PHDM/ALL/ALLMD/Histoire du Maroc - à Voir - réserves plusieurs parties aux PE des alaouites/_FIGURES/chunk_06_fig_06.png,,png,756699,ca4dbd6b488e4d862026b0a172d29649930638c4f8aada93a7e0892990261314,1130,1559,kept,2026-02-07,
541,histoire_du_maroc_a_voir_reserves_plusieurs_parties_aux_pe_des_alaouites__chunk_06_fig_07.png,,,# Histoire du Maroc - à Voir - réserves plusieurs parties aux PE des alaouites,"Jean Brignon, Abdelaziz Amine, Brahim Boutaleb, Guy Martinet, Bernard Rosenberger",,,Origines - XXe s.,,Manuel académique,"BRIGNON, Jean et al., Histoire du Maroc, Hatier / Librairie Nationale, 1967",Figure extraite (OCR),Histoire du Maroc - à Voir - réserves plusieurs parties aux PE des alaouites,Hatier / Librairie Nationale,1967,Origines - XXe s.,Français,,Paris / Casablanca,,chunk_06,,Unknown,"Jean Brignon, Abdelaziz Amine, Brahim Boutaleb, Guy Martinet, Bernard Rosenberger",,,,/workspaces/PHDM/ALL/ALLMD/Histoire du Maroc - à Voir - réserves plusieurs parties aux PE des alaouites/_FIGURES,/workspaces/PHDM/ALL/ALLMD/Histoire du Maroc - à Voir - réserves plusieurs parties aux PE des alaouites/_FIGURES/chunk_06_fig_07.png,,png,679574,b1e81c399827dc19f944f19530babb61053dd31b167a923b243d88f1ea55bc33,1074,962,kept,2026-02-07,
542,histoire_du_maroc_a_voir_reserves_plusieurs_parties_aux_pe_des_alaouites__chunk_06_fig_08.png,,,# Histoire du Maroc - à Voir - réserves plusieurs parties aux PE des alaouites,"Jean Brignon, Abdelaziz Amine, Brahim Boutaleb, Guy Martinet, Bernard Rosenberger",,,Origines - XXe s.,,Manuel académique,"BRIGNON, Jean et al., Histoire du Maroc, Hatier / Librairie Nationale, 1967",Figure extraite (OCR),Histoire du Maroc - à Voir - réserves plusieurs parties aux PE des alaouites,Hatier / Librairie Nationale,1967,Origines - XXe s.,Français,,Paris / Casablanca,,chunk_06,,Unknown,"Jean Brignon, Abdelaziz Amine, Brahim Boutaleb, Guy Martinet, Bernard Rosenberger",,,,/workspaces/PHDM/ALL/ALLMD/Histoire du Maroc - à Voir - réserves plusieurs parties aux PE des alaouites/_FIGURES,/workspaces/PHDM/ALL/ALLMD/Histoire du Maroc - à Voir - réserves plusieurs parties aux PE des alaouites/_FIGURES/chunk_06_fig_08.png,,png,1230749,172c9e01ac640e0dca531063b75ffeba33962574541994df4b8d2fb4354e1e70,1113,770,kept,2026-02-07,
543,histoire_du_maroc_a_voir_reserves_plusieurs_parties_aux_pe_des_alaouites__chunk_06_fig_09.png,,,# Histoire du Maroc - à Voir - réserves plusieurs parties aux PE des alaouites,"Jean Brignon, Abdelaziz Amine, Brahim Boutaleb, Guy Martinet, Bernard Rosenberger",,,Origines - XXe s.,,Manuel académique,"BRIGNON, Jean et al., Histoire du Maroc, Hatier / Librairie Nationale, 1967",Figure extraite (OCR),Histoire du Maroc - à Voir - réserves plusieurs parties aux PE des alaouites,Hatier / Librairie Nationale,1967,Origines - XXe s.,Français,,Paris / Casablanca,,chunk_06,,Unknown,"Jean Brignon, Abdelaziz Amine, Brahim Boutaleb, Guy Martinet, Bernard Rosenberger",,,,/workspaces/PHDM/ALL/ALLMD/Histoire du Maroc - à Voir - réserves plusieurs parties aux PE des alaouites/_FIGURES,/workspaces/PHDM/ALL/ALLMD/Histoire du Maroc - à Voir - réserves plusieurs parties aux PE des alaouites/_FIGURES/chunk_06_fig_09.png,,png,837563,6db8b4e1c00861e438a3c689ec82fb52a16b0bacb0b54bf8684989492ef96045,797,923,kept,2026-02-07,
545,histoire_du_maroc_a_voir_reserves_plusieurs_parties_aux_pe_des_alaouites__chunk_07_fig_02.png,,,# Histoire du Maroc - à Voir - réserves plusieurs parties aux PE des alaouites,"Jean Brignon, Abdelaziz Amine, Brahim Boutaleb, Guy Martinet, Bernard Rosenberger",,,Origines - XXe s.,,Manuel académique,"BRIGNON, Jean et al., Histoire du Maroc, Hatier / Librairie Nationale, 1967",Figure extraite (OCR),Histoire du Maroc - à Voir - réserves plusieurs parties aux PE des alaouites,Hatier / Librairie Nationale,1967,Origines - XXe s.,Français,,Paris / Casablanca,,chunk_07,,Unknown,"Jean Brignon, Abdelaziz Amine, Brahim Boutaleb, Guy Martinet, Bernard Rosenberger",,,,/workspaces/PHDM/ALL/ALLMD/Histoire du Maroc - à Voir - réserves plusieurs parties aux PE des alaouites/_FIGURES,/workspaces/PHDM/ALL/ALLMD/Histoire du Maroc - à Voir - réserves plusieurs parties aux PE des alaouites/_FIGURES/chunk_07_fig_02.png,,png,826961,36354c5f19b1b2cea0fe1c2eb3c66e58184133d67393029f8ae1ad7136d15d6f,1033,719,kept,2026-02-07,
546,histoire_du_maroc_a_voir_reserves_plusieurs_parties_aux_pe_des_alaouites__chunk_07_fig_03.png,,,# Histoire du Maroc - à Voir - réserves plusieurs parties aux PE des alaouites,"Jean Brignon, Abdelaziz Amine, Brahim Boutaleb, Guy Martinet, Bernard Rosenberger",,,Origines - XXe s.,,Manuel académique,"BRIGNON, Jean et al., Histoire du Maroc, Hatier / Librairie Nationale, 1967",Figure extraite (OCR),Histoire du Maroc - à Voir - réserves plusieurs parties aux PE des alaouites,Hatier / Librairie Nationale,1967,Origines - XXe s.,Français,,Paris / Casablanca,,chunk_07,,Unknown,"Jean Brignon, Abdelaziz Amine, Brahim Boutaleb, Guy Martinet, Bernard Rosenberger",,,,/workspaces/PHDM/ALL/ALLMD/Histoire du Maroc - à Voir - réserves plusieurs parties aux PE des alaouites/_FIGURES,/workspaces/PHDM/ALL/ALLMD/Histoire du Maroc - à Voir - réserves plusieurs parties aux PE des alaouites/_FIGURES/chunk_07_fig_03.png,,png,1002225,2d5d3ca052398b0efef1aa14b9c2f1fdc18ac7b5ba13d0a62a520029395f27fc,686,949,kept,2026-02-07,
547,histoire_du_maroc_a_voir_reserves_plusieurs_parties_aux_pe_des_alaouites__chunk_07_fig_04.png,,,# Histoire du Maroc - à Voir - réserves plusieurs parties aux PE des alaouites,"Jean Brignon, Abdelaziz Amine, Brahim Boutaleb, Guy Martinet, Bernard Rosenberger",,,Origines - XXe s.,,Manuel académique,"BRIGNON, Jean et al., Histoire du Maroc, Hatier / Librairie Nationale, 1967",Figure extraite (OCR),Histoire du Maroc - à Voir - réserves plusieurs parties aux PE des alaouites,Hatier / Librairie Nationale,1967,Origines - XXe s.,Français,,Paris / Casablanca,,chunk_07,,Unknown,"Jean Brignon, Abdelaziz Amine, Brahim Boutaleb, Guy Martinet, Bernard Rosenberger",,,,/workspaces/PHDM/ALL/ALLMD/Histoire du Maroc - à Voir - réserves plusieurs parties aux PE des alaouites/_FIGURES,/workspaces/PHDM/ALL/ALLMD/Histoire du Maroc - à Voir - réserves plusieurs parties aux PE des alaouites/_FIGURES/chunk_07_fig_04.png,,png,826494,72e336db72598a73bdd320ddf36910ff08421da4a13828ebabe54c0704129dbd,810,1028,kept,2026-02-07,
548,histoire_du_maroc_a_voir_reserves_plusieurs_parties_aux_pe_des_alaouites__chunk_07_fig_05.png,,,# Histoire du Maroc - à Voir - réserves plusieurs parties aux PE des alaouites,"Jean Brignon, Abdelaziz Amine, Brahim Boutaleb, Guy Martinet, Bernard Rosenberger",,,Origines - XXe s.,,Manuel académique,"BRIGNON, Jean et al., Histoire du Maroc, Hatier / Librairie Nationale, 1967",Figure extraite (OCR),Histoire du Maroc - à Voir - réserves plusieurs parties aux PE des alaouites,Hatier / Librairie Nationale,1967,Origines - XXe s.,Français,,Paris / Casablanca,,chunk_07,,Unknown,"Jean Brignon, Abdelaziz Amine, Brahim Boutaleb, Guy Martinet, Bernard Rosenberger",,,,/workspaces/PHDM/ALL/ALLMD/Histoire du Maroc - à Voir - réserves plusieurs parties aux PE des alaouites/_FIGURES,/workspaces/PHDM/ALL/ALLMD/Histoire du Maroc - à Voir - réserves plusieurs parties aux PE des alaouites/_FIGURES/chunk_07_fig_05.png,,png,946332,ad2d1d0e62749a64a9d386ccdb750063c2047c1873457f8a0ab4a6d52ff20966,829,1165,kept,2026-02-07,
549,histoire_du_maroc_a_voir_reserves_plusieurs_parties_aux_pe_des_alaouites__chunk_07_fig_06.png,,,# Histoire du Maroc - à Voir - réserves plusieurs parties aux PE des alaouites,"Jean Brignon, Abdelaziz Amine, Brahim Boutaleb, Guy Martinet, Bernard Rosenberger",,,Origines - XXe s.,,Manuel académique,"BRIGNON, Jean et al., Histoire du Maroc, Hatier / Librairie Nationale, 1967",Figure extraite (OCR),Histoire du Maroc - à Voir - réserves plusieurs parties aux PE des alaouites,Hatier / Librairie Nationale,1967,Origines - XXe s.,Français,,Paris / Casablanca,,chunk_07,,Unknown,"Jean Brignon, Abdelaziz Amine, Brahim Boutaleb, Guy Martinet, Bernard Rosenberger",,,,/workspaces/PHDM/ALL/ALLMD/Histoire du Maroc - à Voir - réserves plusieurs parties aux PE des alaouites/_FIGURES,/workspaces/PHDM/ALL/ALLMD/Histoire du Maroc - à Voir - réserves plusieurs parties aux PE des alaouites/_FIGURES/chunk_07_fig_06.png,,png,985073,b8223ec82e1605ea27cc4cd6314156ce78a1b5d64ed2e972498178f48f87229e,1167,1266,kept,2026-02-07,
550,histoire_du_maroc_a_voir_reserves_plusieurs_parties_aux_pe_des_alaouites__chunk_07_fig_07.png,,,# Histoire du Maroc - à Voir - réserves plusieurs parties aux PE des alaouites,"Jean Brignon, Abdelaziz Amine, Brahim Boutaleb, Guy Martinet, Bernard Rosenberger",,,Origines - XXe s.,,Manuel académique,"BRIGNON, Jean et al., Histoire du Maroc, Hatier / Librairie Nationale, 1967",Figure extraite (OCR),Histoire du Maroc - à Voir - réserves plusieurs parties aux PE des alaouites,Hatier / Librairie Nationale,1967,Origines - XXe s.,Français,,Paris / Casablanca,,chunk_07,,Unknown,"Jean Brignon, Abdelaziz Amine, Brahim Boutaleb, Guy Martinet, Bernard Rosenberger",,,,/workspaces/PHDM/ALL/ALLMD/Histoire du Maroc - à Voir - réserves plusieurs parties aux PE des alaouites/_FIGURES,/workspaces/PHDM/ALL/ALLMD/Histoire du Maroc - à Voir - réserves plusieurs parties aux PE des alaouites/_FIGURES/chunk_07_fig_07.png,,png,336478,1d3df6b2623da2ce9d16a964f07dd5f12f909a950e1fb723f7df93281d13692c,563,639,kept,2026-02-07,
551,histoire_du_maroc_a_voir_reserves_plusieurs_parties_aux_pe_des_alaouites__chunk_07_fig_08.png,,,# Histoire du Maroc - à Voir - réserves plusieurs parties aux PE des alaouites,"Jean Brignon, Abdelaziz Amine, Brahim Boutaleb, Guy Martinet, Bernard Rosenberger",,,Origines - XXe s.,,Manuel académique,"BRIGNON, Jean et al., Histoire du Maroc, Hatier / Librairie Nationale, 1967",Figure extraite (OCR),Histoire du Maroc - à Voir - réserves plusieurs parties aux PE des alaouites,Hatier / Librairie Nationale,1967,Origines - XXe s.,Français,,Paris / Casablanca,,chunk_07,,Unknown,"Jean Brignon, Abdelaziz Amine, Brahim Boutaleb, Guy Martinet, Bernard Rosenberger",,,,/workspaces/PHDM/ALL/ALLMD/Histoire du Maroc - à Voir - réserves plusieurs parties aux PE des alaouites/_FIGURES,/workspaces/PHDM/ALL/ALLMD/Histoire du Maroc - à Voir - réserves plusieurs parties aux PE des alaouites/_FIGURES/chunk_07_fig_08.png,,png,659776,82f2874c089098a5d6e34ec61f5283e1217b7c83891482c810e31a85ce99e057,1101,1568,kept,2026-02-07,
552,histoire_du_maroc_a_voir_reserves_plusieurs_parties_aux_pe_des_alaouites__chunk_08_fig_01.png,,,# Histoire du Maroc - à Voir - réserves plusieurs parties aux PE des alaouites,"Jean Brignon, Abdelaziz Amine, Brahim Boutaleb, Guy Martinet, Bernard Rosenberger",,,Origines - XXe s.,,Manuel académique,"BRIGNON, Jean et al., Histoire du Maroc, Hatier / Librairie Nationale, 1967",Figure extraite (OCR),Histoire du Maroc - à Voir - réserves plusieurs parties aux PE des alaouites,Hatier / Librairie Nationale,1967,Origines - XXe s.,Français,,Paris / Casablanca,,chunk_08,,Unknown,"Jean Brignon, Abdelaziz Amine, Brahim Boutaleb, Guy Martinet, Bernard Rosenberger",,,,/workspaces/PHDM/ALL/ALLMD/Histoire du Maroc - à Voir - réserves plusieurs parties aux PE des alaouites/_FIGURES,/workspaces/PHDM/ALL/ALLMD/Histoire du Maroc - à Voir - réserves plusieurs parties aux PE des alaouites/_FIGURES/chunk_08_fig_01.png,,png,832949,1dd39721e67fd9b8249d220aa378a195bf9a7cd9ac6459f9ceb4d3d3bbc0638e,1126,1565,kept,2026-02-07,
553,histoire_du_maroc_a_voir_reserves_plusieurs_parties_aux_pe_des_alaouites__chunk_08_fig_02.png,,,# Histoire du Maroc - à Voir - réserves plusieurs parties aux PE des alaouites,"Jean Brignon, Abdelaziz Amine, Brahim Boutaleb, Guy Martinet, Bernard Rosenberger",,,Origines - XXe s.,,Manuel académique,"BRIGNON, Jean et al., Histoire du Maroc, Hatier / Librairie Nationale, 1967",Figure extraite (OCR),Histoire du Maroc - à Voir - réserves plusieurs parties aux PE des alaouites,Hatier / Librairie Nationale,1967,Origines - XXe s.,Français,,Paris / Casablanca,,chunk_08,,Unknown,"Jean Brignon, Abdelaziz Amine, Brahim Boutaleb, Guy Martinet, Bernard Rosenberger",,,,/workspaces/PHDM/ALL/ALLMD/Histoire du Maroc - à Voir - réserves plusieurs parties aux PE des alaouites/_FIGURES,/workspaces/PHDM/ALL/ALLMD/Histoire du Maroc - à Voir - réserves plusieurs parties aux PE des alaouites/_FIGURES/chunk_08_fig_02.png,,png,220334,a30deaec3cf8a506d1ee4d11d06e313b408e49f644c4561fcae74f81501645d4,632,944,kept,2026-02-07,
554,histoire_du_maroc_a_voir_reserves_plusieurs_parties_aux_pe_des_alaouites__chunk_08_fig_03.png,,,# Histoire du Maroc - à Voir - réserves plusieurs parties aux PE des alaouites,"Jean Brignon, Abdelaziz Amine, Brahim Boutaleb, Guy Martinet, Bernard Rosenberger",,,Origines - XXe s.,,Manuel académique,"BRIGNON, Jean et al., Histoire du Maroc, Hatier / Librairie Nationale, 1967",Figure extraite (OCR),Histoire du Maroc - à Voir - réserves plusieurs parties aux PE des alaouites,Hatier / Librairie Nationale,1967,Origines - XXe s.,Français,,Paris / Casablanca,,chunk_08,,Unknown,"Jean Brignon, Abdelaziz Amine, Brahim Boutaleb, Guy Martinet, Bernard Rosenberger",,,,/workspaces/PHDM/ALL/ALLMD/Histoire du Maroc - à Voir - réserves plusieurs parties aux PE des alaouites/_FIGURES,/workspaces/PHDM/ALL/ALLMD/Histoire du Maroc - à Voir - réserves plusieurs parties aux PE des alaouites/_FIGURES/chunk_08_fig_03.png,,png,488324,2489f8af5a4ba3979485cb3c99a04817e33b8e06b317102d95e313a527b04988,1130,1226,kept,2026-02-07,
556,histoire_du_maroc_a_voir_reserves_plusieurs_parties_aux_pe_des_alaouites__chunk_08_fig_05.png,,,# Histoire du Maroc - à Voir - réserves plusieurs parties aux PE des alaouites,"Jean Brignon, Abdelaziz Amine, Brahim Boutaleb, Guy Martinet, Bernard Rosenberger",,,Origines - XXe s.,,Manuel académique,"BRIGNON, Jean et al., Histoire du Maroc, Hatier / Librairie Nationale, 1967",Figure extraite (OCR),Histoire du Maroc - à Voir - réserves plusieurs parties aux PE des alaouites,Hatier / Librairie Nationale,1967,Origines - XXe s.,Français,,Paris / Casablanca,,chunk_08,,Unknown,"Jean Brignon, Abdelaziz Amine, Brahim Boutaleb, Guy Martinet, Bernard Rosenberger",,,,/workspaces/PHDM/ALL/ALLMD/Histoire du Maroc - à Voir - réserves plusieurs parties aux PE des alaouites/_FIGURES,/workspaces/PHDM/ALL/ALLMD/Histoire du Maroc - à Voir - réserves plusieurs parties aux PE des alaouites/_FIGURES/chunk_08_fig_05.png,,png,226822,39e783cf0612e5109f073ee8304713db6216f28b255763fae4c5a4030bb35ece,565,523,kept,2026-02-07,
557,histoire_du_maroc_a_voir_reserves_plusieurs_parties_aux_pe_des_alaouites__chunk_08_fig_06.png,,,# Histoire du Maroc - à Voir - réserves plusieurs parties aux PE des alaouites,"Jean Brignon, Abdelaziz Amine, Brahim Boutaleb, Guy Martinet, Bernard Rosenberger",,,Origines - XXe s.,,Manuel académique,"BRIGNON, Jean et al., Histoire du Maroc, Hatier / Librairie Nationale, 1967",Figure extraite (OCR),Histoire du Maroc - à Voir - réserves plusieurs parties aux PE des alaouites,Hatier / Librairie Nationale,1967,Origines - XXe s.,Français,,Paris / Casablanca,,chunk_08,,Unknown,"Jean Brignon, Abdelaziz Amine, Brahim Boutaleb, Guy Martinet, Bernard Rosenberger",,,,/workspaces/PHDM/ALL/ALLMD/Histoire du Maroc - à Voir - réserves plusieurs parties aux PE des alaouites/_FIGURES,/workspaces/PHDM/ALL/ALLMD/Histoire du Maroc - à Voir - réserves plusieurs parties aux PE des alaouites/_FIGURES/chunk_08_fig_06.png,,png,277322,157c777844d3f0dd10b8c75922ad25ced533c7d3abf6250f19b59c491a1bfcd0,556,521,kept,2026-02-07,
558,histoire_du_maroc_a_voir_reserves_plusieurs_parties_aux_pe_des_alaouites__chunk_08_fig_07.png,,,# Histoire du Maroc - à Voir - réserves plusieurs parties aux PE des alaouites,"Jean Brignon, Abdelaziz Amine, Brahim Boutaleb, Guy Martinet, Bernard Rosenberger",,,Origines - XXe s.,,Manuel académique,"BRIGNON, Jean et al., Histoire du Maroc, Hatier / Librairie Nationale, 1967",Figure extraite (OCR),Histoire du Maroc - à Voir - réserves plusieurs parties aux PE des alaouites,Hatier / Librairie Nationale,1967,Origines - XXe s.,Français,,Paris / Casablanca,,chunk_08,,Unknown,"Jean Brignon, Abdelaziz Amine, Brahim Boutaleb, Guy Martinet, Bernard Rosenberger",,,,/workspaces/PHDM/ALL/ALLMD/Histoire du Maroc - à Voir - réserves plusieurs parties aux PE des alaouites/_FIGURES,/workspaces/PHDM/ALL/ALLMD/Histoire du Maroc - à Voir - réserves plusieurs parties aux PE des alaouites/_FIGURES/chunk_08_fig_07.png,,png,455168,53658f5a40d4ad1928f5a0c9845ac3adb3c3f1fbe6b0af0e7a81a237d37aafcd,575,760,kept,2026-02-07,
559,histoire_du_maroc_a_voir_reserves_plusieurs_parties_aux_pe_des_alaouites__chunk_08_fig_08.png,,,# Histoire du Maroc - à Voir - réserves plusieurs parties aux PE des alaouites,"Jean Brignon, Abdelaziz Amine, Brahim Boutaleb, Guy Martinet, Bernard Rosenberger",,,Origines - XXe s.,,Manuel académique,"BRIGNON, Jean et al., Histoire du Maroc, Hatier / Librairie Nationale, 1967",Figure extraite (OCR),Histoire du Maroc - à Voir - réserves plusieurs parties aux PE des alaouites,Hatier / Librairie Nationale,1967,Origines - XXe s.,Français,,Paris / Casablanca,,chunk_08,,Unknown,"Jean Brignon, Abdelaziz Amine, Brahim Boutaleb, Guy Martinet, Bernard Rosenberger",,,,/workspaces/PHDM/ALL/ALLMD/Histoire du Maroc - à Voir - réserves plusieurs parties aux PE des alaouites/_FIGURES,/workspaces/PHDM/ALL/ALLMD/Histoire du Maroc - à Voir - réserves plusieurs parties aux PE des alaouites/_FIGURES/chunk_08_fig_08.png,,png,355124,7ee8a0bd2f71f01542c5230572f9e4225b451329a3636ef5f43cd95bf41cd19a,552,517,kept,2026-02-07,
560,histoire_du_maroc_a_voir_reserves_plusieurs_parties_aux_pe_des_alaouites__chunk_08_fig_09.png,,,# Histoire du Maroc - à Voir - réserves plusieurs parties aux PE des alaouites,"Jean Brignon, Abdelaziz Amine, Brahim Boutaleb, Guy Martinet, Bernard Rosenberger",,,Origines - XXe s.,,Manuel académique,"BRIGNON, Jean et al., Histoire du Maroc, Hatier / Librairie Nationale, 1967",Figure extraite (OCR),Histoire du Maroc - à Voir - réserves plusieurs parties aux PE des alaouites,Hatier / Librairie Nationale,1967,Origines - XXe s.,Français,,Paris / Casablanca,,chunk_08,,Unknown,"Jean Brignon, Abdelaziz Amine, Brahim Boutaleb, Guy Martinet, Bernard Rosenberger",,,,/workspaces/PHDM/ALL/ALLMD/Histoire du Maroc - à Voir - réserves plusieurs parties aux PE des alaouites/_FIGURES,/workspaces/PHDM/ALL/ALLMD/Histoire du Maroc - à Voir - réserves plusieurs parties aux PE des alaouites/_FIGURES/chunk_08_fig_09.png,,png,1357727,1a46db4cc810f5ccf1fcc0fc15782b3490c99e76fd5d730d1a32e18184196ffc,1130,1002,kept,2026-02-07,
565,histoire_du_maroc_a_voir_reserves_plusieurs_parties_aux_pe_des_alaouites__chunk_09_fig_01.png,,,# Histoire du Maroc - à Voir - réserves plusieurs parties aux PE des alaouites,"Jean Brignon, Abdelaziz Amine, Brahim Boutaleb, Guy Martinet, Bernard Rosenberger",,,Origines - XXe s.,,Manuel académique,"BRIGNON, Jean et al., Histoire du Maroc, Hatier / Librairie Nationale, 1967",Figure extraite (OCR),Histoire du Maroc - à Voir - réserves plusieurs parties aux PE des alaouites,Hatier / Librairie Nationale,1967,Origines - XXe s.,Français,,Paris / Casablanca,,chunk_09,,Unknown,"Jean Brignon, Abdelaziz Amine, Brahim Boutaleb, Guy Martinet, Bernard Rosenberger",,,,/workspaces/PHDM/ALL/ALLMD/Histoire du Maroc - à Voir - réserves plusieurs parties aux PE des alaouites/_FIGURES,/workspaces/PHDM/ALL/ALLMD/Histoire du Maroc - à Voir - réserves plusieurs parties aux PE des alaouites/_FIGURES/chunk_09_fig_01.png,,png,452742,d9efa8b6e79141a492ca0cbf572982929db5a89839549660b4892b2acfae4cc7,816,587,kept,2026-02-07,
566,histoire_du_maroc_a_voir_reserves_plusieurs_parties_aux_pe_des_alaouites__chunk_09_fig_02.png,,,# Histoire du Maroc - à Voir - réserves plusieurs parties aux PE des alaouites,"Jean Brignon, Abdelaziz Amine, Brahim Boutaleb, Guy Martinet, Bernard Rosenberger",,,Origines - XXe s.,,Manuel académique,"BRIGNON, Jean et al., Histoire du Maroc, Hatier / Librairie Nationale, 1967",Figure extraite (OCR),Histoire du Maroc - à Voir - réserves plusieurs parties aux PE des alaouites,Hatier / Librairie Nationale,1967,Origines - XXe s.,Français,,Paris / Casablanca,,chunk_09,,Unknown,"Jean Brignon, Abdelaziz Amine, Brahim Boutaleb, Guy Martinet, Bernard Rosenberger",,,,/workspaces/PHDM/ALL/ALLMD/Histoire du Maroc - à Voir - réserves plusieurs parties aux PE des alaouites/_FIGURES,/workspaces/PHDM/ALL/ALLMD/Histoire du Maroc - à Voir - réserves plusieurs parties aux PE des alaouites/_FIGURES/chunk_09_fig_02.png,,png,307923,a0b71ce080205d878ba62ca0971f6ab0f2b4bbfeee07581ec47a82bf15787c6f,623,553,kept,2026-02-07,
567,histoire_du_maroc_a_voir_reserves_plusieurs_parties_aux_pe_des_alaouites__chunk_09_fig_03.png,,,# Histoire du Maroc - à Voir - réserves plusieurs parties aux PE des alaouites,"Jean Brignon, Abdelaziz Amine, Brahim Boutaleb, Guy Martinet, Bernard Rosenberger",,,Origines - XXe s.,,Manuel académique,"BRIGNON, Jean et al., Histoire du Maroc, Hatier / Librairie Nationale, 1967",Figure extraite (OCR),Histoire du Maroc - à Voir - réserves plusieurs parties aux PE des alaouites,Hatier / Librairie Nationale,1967,Origines - XXe s.,Français,,Paris / Casablanca,,chunk_09,,Unknown,"Jean Brignon, Abdelaziz Amine, Brahim Boutaleb, Guy Martinet, Bernard Rosenberger",,,,/workspaces/PHDM/ALL/ALLMD/Histoire du Maroc - à Voir - réserves plusieurs parties aux PE des alaouites/_FIGURES,/workspaces/PHDM/ALL/ALLMD/Histoire du Maroc - à Voir - réserves plusieurs parties aux PE des alaouites/_FIGURES/chunk_09_fig_03.png,,png,459349,ea5d4170eb0c88e963c4da7e0a4ea71b89d77635bc94a29b56eee7268de88e6c,502,784,kept,2026-02-07,
597,michel_abitbol_histoire_du_maroc_vl__chunk_26_fig_01.png,,,# Michel ABITBOL HISTOIRE DU MAROC VL,Michel Abitbol,,,Antiquité - XXIe s.,,Monographie,"ABITBOL, Michel, Histoire du Maroc, Perrin (coll. Tempus), 2014",Figure extraite (OCR),Michel ABITBOL HISTOIRE DU MAROC VL,Perrin,2014,Antiquité - XXIe s.,Français,978-2-262-03816-8,Paris,Tempus,chunk_26,,Unknown,Michel Abitbol,,,,/workspaces/PHDM/ALL/ALLMD/Michel ABITBOL HISTOIRE DU MAROC VL/_FIGURES,/workspaces/PHDM/ALL/ALLMD/Michel ABITBOL HISTOIRE DU MAROC VL/_FIGURES/chunk_26_fig_01.png,,png,328974,e720c71ea01fb35110f25724b953cb6b9716fa5222ad7b0180dad65f1d110a4d,1074,1002,kept,2026-02-07,
598,michel_abitbol_histoire_du_maroc_vl__chunk_26_fig_02.png,,,# Michel ABITBOL HISTOIRE DU MAROC VL,Michel Abitbol,,,Antiquité - XXIe s.,,Monographie,"ABITBOL, Michel, Histoire du Maroc, Perrin (coll. Tempus), 2014",Figure extraite (OCR),Michel ABITBOL HISTOIRE DU MAROC VL,Perrin,2014,Antiquité - XXIe s.,Français,978-2-262-03816-8,Paris,Tempus,chunk_26,,Unknown,Michel Abitbol,,,,/workspaces/PHDM/ALL/ALLMD/Michel ABITBOL HISTOIRE DU MAROC VL/_FIGURES,/workspaces/PHDM/ALL/ALLMD/Michel ABITBOL HISTOIRE DU MAROC VL/_FIGURES/chunk_26_fig_02.png,,png,444835,20d13acbed0882ba7482c925d4608cc77595afb05acf9ffaa717be1a3a5a6bd8,1169,1351,kept,2026-02-07,
599,michel_abitbol_histoire_du_maroc_vl__chunk_26_fig_03.png,,,# Michel ABITBOL HISTOIRE DU MAROC VL,Michel Abitbol,,,Antiquité - XXIe s.,,Monographie,"ABITBOL, Michel, Histoire du Maroc, Perrin (coll. Tempus), 2014",Figure extraite (OCR),Michel ABITBOL HISTOIRE DU MAROC VL,Perrin,2014,Antiquité - XXIe s.,Français,978-2-262-03816-8,Paris,Tempus,chunk_26,,Unknown,Michel Abitbol,,,,/workspaces/PHDM/ALL/ALLMD/Michel ABITBOL HISTOIRE DU MAROC VL/_FIGURES,/workspaces/PHDM/ALL/ALLMD/Michel ABITBOL HISTOIRE DU MAROC VL/_FIGURES/chunk_26_fig_03.png,,png,492024,d39c1774785c23b441d5dcd8c13a7e91f34f51e617b845515ad0c37781ac6900,1023,821,kept,2026-02-07,
600,michel_abitbol_histoire_du_maroc_vl__chunk_26_fig_04.png,,,# Michel ABITBOL HISTOIRE DU MAROC VL,Michel Abitbol,,,Antiquité - XXIe s.,,Monographie,"ABITBOL, Michel, Histoire du Maroc, Perrin (coll. Tempus), 2014",Figure extraite (OCR),Michel ABITBOL HISTOIRE DU MAROC VL,Perrin,2014,Antiquité - XXIe s.,Français,978-2-262-03816-8,Paris,Tempus,chunk_26,,Unknown,Michel Abitbol,,,,/workspaces/PHDM/ALL/ALLMD/Michel ABITBOL HISTOIRE DU MAROC VL/_FIGURES,/workspaces/PHDM/ALL/ALLMD/Michel ABITBOL HISTOIRE DU MAROC VL/_FIGURES/chunk_26_fig_04.png,,png,492862,6d3ef603f9b4257e3623b6a9ef7906f212d83f6f94acbd187e8cb3014b5bcd00,1063,944,kept,2026-02-07,
601,michel_abitbol_histoire_du_maroc_vl__chunk_26_fig_05.png,,,# Michel ABITBOL HISTOIRE DU MAROC VL,Michel Abitbol,,,Antiquité - XXIe s.,,Monographie,"ABITBOL, Michel, Histoire du Maroc, Perrin (coll. Tempus), 2014",Figure extraite (OCR),Michel ABITBOL HISTOIRE DU MAROC VL,Perrin,2014,Antiquité - XXIe s.,Français,978-2-262-03816-8,Paris,Tempus,chunk_26,,Unknown,Michel Abitbol,,,,/workspaces/PHDM/ALL/ALLMD/Michel ABITBOL HISTOIRE DU MAROC VL/_FIGURES,/workspaces/PHDM/ALL/ALLMD/Michel ABITBOL HISTOIRE DU MAROC VL/_FIGURES/chunk_26_fig_05.png,,png,991147,154cedfc98d9662db8a6e0fbdd858177b670bd548b7970844a17e273c3d8ff60,1053,1353,kept,2026-02-07,
602,michel_abitbol_histoire_du_maroc_vl__chunk_26_fig_06.png,,,# Michel ABITBOL HISTOIRE DU MAROC VL,Michel Abitbol,,,Antiquité - XXIe s.,,Monographie,"ABITBOL, Michel, Histoire du Maroc, Perrin (coll. Tempus), 2014",Figure extraite (OCR),Michel ABITBOL HISTOIRE DU MAROC VL,Perrin,2014,Antiquité - XXIe s.,Français,978-2-262-03816-8,Paris,Tempus,chunk_26,,Unknown,Michel Abitbol,,,,/workspaces/PHDM/ALL/ALLMD/Michel ABITBOL HISTOIRE DU MAROC VL/_FIGURES,/workspaces/PHDM/ALL/ALLMD/Michel ABITBOL HISTOIRE DU MAROC VL/_FIGURES/chunk_26_fig_06.png,,png,356305,1afbac3d6e323de02c97a4b9eb6715d16f74b957ae4454f5ae8b87d1f1d22cab,1116,1015,kept,2026-02-07,
605,mohammed_kenbib_juifs_et_musulmans_au_maroc_des_origines_a_nos_jours__chunk_001__page_12_Picture_0_jpeg.png,,,# Mohammed Kenbib JUIFS ET MUSULMANS AU MAROC Des origines à nos jours,Mohammed Kenbib,,,Antiquité - XXIe s.,,Monographie,"KENBIB, Mohammed, Juifs et Musulmans au Maroc : des origines à nos jours, Tallandier, 2016",Illustration / Photo,Mohammed Kenbib JUIFS ET MUSULMANS AU MAROC Des origines à nos jours,Tallandier,2016,Antiquité - XXIe s.,Français,979-10-210-1868-3,Paris,,chunk_001,page_12,Unknown,Mohammed Kenbib,,,,/workspaces/PHDM/ALL/ALLMD/Mohammed Kenbib JUIFS ET MUSULMANS AU MAROC Des origines à nos jours/_FIGURES,/workspaces/PHDM/ALL/ALLMD/Mohammed Kenbib JUIFS ET MUSULMANS AU MAROC Des origines à nos jours/_FIGURES/chunk_001__page_12_Picture_0_jpeg.png,,png,794027,7f9e2f2f7b662be8bbd078308971c5c72c9c34b9aab9554611f37fd25338d671,1044,635,kept,2026-02-07,
606,mohammed_kenbib_juifs_et_musulmans_au_maroc_des_origines_a_nos_jours__chunk_001__page_12_Picture_2_jpeg.png,,,# Mohammed Kenbib JUIFS ET MUSULMANS AU MAROC Des origines à nos jours,Mohammed Kenbib,,,Antiquité - XXIe s.,,Monographie,"KENBIB, Mohammed, Juifs et Musulmans au Maroc : des origines à nos jours, Tallandier, 2016",Illustration / Photo,Mohammed Kenbib JUIFS ET MUSULMANS AU MAROC Des origines à nos jours,Tallandier,2016,Antiquité - XXIe s.,Français,979-10-210-1868-3,Paris,,chunk_001,page_12,Unknown,Mohammed Kenbib,,,,/workspaces/PHDM/ALL/ALLMD/Mohammed Kenbib JUIFS ET MUSULMANS AU MAROC Des origines à nos jours/_FIGURES,/workspaces/PHDM/ALL/ALLMD/Mohammed Kenbib JUIFS ET MUSULMANS AU MAROC Des origines à nos jours/_FIGURES/chunk_001__page_12_Picture_2_jpeg.png,,png,1138014,cb6602273444f869080949cc4fdb1e46cc452f911257c2feebe9a4ebd110e9ae,1040,840,kept,2026-02-07,
607,mohammed_kenbib_juifs_et_musulmans_au_maroc_des_origines_a_nos_jours__chunk_001__page_15_Picture_0_jpeg.png,,,# Mohammed Kenbib JUIFS ET MUSULMANS AU MAROC Des origines à nos jours,Mohammed Kenbib,,,Antiquité - XXIe s.,,Monographie,"KENBIB, Mohammed, Juifs et Musulmans au Maroc : des origines à nos jours, Tallandier, 2016",Illustration / Photo,Mohammed Kenbib JUIFS ET MUSULMANS AU MAROC Des origines à nos jours,Tallandier,2016,Antiquité - XXIe s.,Français,979-10-210-1868-3,Paris,,chunk_001,page_15,Unknown,Mohammed Kenbib,,,,/workspaces/PHDM/ALL/ALLMD/Mohammed Kenbib JUIFS ET MUSULMANS AU MAROC Des origines à nos jours/_FIGURES,/workspaces/PHDM/ALL/ALLMD/Mohammed Kenbib JUIFS ET MUSULMANS AU MAROC Des origines à nos jours/_FIGURES/chunk_001__page_15_Picture_0_jpeg.png,,png,1182062,d1a21e9ed0c9ce53dc68797275b2956a7f8884938f67a61c782d434b08733d95,1035,706,kept,2026-02-07,
608,mohammed_kenbib_juifs_et_musulmans_au_maroc_des_origines_a_nos_jours__chunk_001__page_15_Picture_2_jpeg.png,,,# Mohammed Kenbib JUIFS ET MUSULMANS AU MAROC Des origines à nos jours,Mohammed Kenbib,,,Antiquité - XXIe s.,,Monographie,"KENBIB, Mohammed, Juifs et Musulmans au Maroc : des origines à nos jours, Tallandier, 2016",Illustration / Photo,Mohammed Kenbib JUIFS ET MUSULMANS AU MAROC Des origines à nos jours,Tallandier,2016,Antiquité - XXIe s.,Français,979-10-210-1868-3,Paris,,chunk_001,page_15,Unknown,Mohammed Kenbib,,,,/workspaces/PHDM/ALL/ALLMD/Mohammed Kenbib JUIFS ET MUSULMANS AU MAROC Des origines à nos jours/_FIGURES,/workspaces/PHDM/ALL/ALLMD/Mohammed Kenbib JUIFS ET MUSULMANS AU MAROC Des origines à nos jours/_FIGURES/chunk_001__page_15_Picture_2_jpeg.png,,png,1124332,44c7edaca9839aa1870d0c7d9babcd6f1c961249c1bc08f830e66573d762bb82,1036,646,kept,2026-02-07,
610,mohammed_kenbib_juifs_et_musulmans_au_maroc_des_origines_a_nos_jours__chunk_001__page_6_Picture_2_jpeg.png,,,# Mohammed Kenbib JUIFS ET MUSULMANS AU MAROC Des origines à nos jours,Mohammed Kenbib,,,Antiquité - XXIe s.,,Monographie,"KENBIB, Mohammed, Juifs et Musulmans au Maroc : des origines à nos jours, Tallandier, 2016",Illustration / Photo,Mohammed Kenbib JUIFS ET MUSULMANS AU MAROC Des origines à nos jours,Tallandier,2016,Antiquité - XXIe s.,Français,979-10-210-1868-3,Paris,,chunk_001,page_6,Unknown,Mohammed Kenbib,,,,/workspaces/PHDM/ALL/ALLMD/Mohammed Kenbib JUIFS ET MUSULMANS AU MAROC Des origines à nos jours/_FIGURES,/workspaces/PHDM/ALL/ALLMD/Mohammed Kenbib JUIFS ET MUSULMANS AU MAROC Des origines à nos jours/_FIGURES/chunk_001__page_6_Picture_2_jpeg.png,,png,987736,675484a8de503375f3f49e304fa62846553df4dd05751ae0029f6fc92652ab68,639,990,kept,2026-02-07,
611,mohammed_kenbib_juifs_et_musulmans_au_maroc_des_origines_a_nos_jours__chunk_001__page_9_Picture_0_jpeg.png,,,# Mohammed Kenbib JUIFS ET MUSULMANS AU MAROC Des origines à nos jours,Mohammed Kenbib,,,Antiquité - XXIe s.,,Monographie,"KENBIB, Mohammed, Juifs et Musulmans au Maroc : des origines à nos jours, Tallandier, 2016",Illustration / Photo,Mohammed Kenbib JUIFS ET MUSULMANS AU MAROC Des origines à nos jours,Tallandier,2016,Antiquité - XXIe s.,Français,979-10-210-1868-3,Paris,,chunk_001,page_9,Unknown,Mohammed Kenbib,,,,/workspaces/PHDM/ALL/ALLMD/Mohammed Kenbib JUIFS ET MUSULMANS AU MAROC Des origines à nos jours/_FIGURES,/workspaces/PHDM/ALL/ALLMD/Mohammed Kenbib JUIFS ET MUSULMANS AU MAROC Des origines à nos jours/_FIGURES/chunk_001__page_9_Picture_0_jpeg.png,,png,993466,e1611ae891cc0f2ec3dce0252ebfc851d6898cca9db583d04e2ee050eace7521,1038,623,kept,2026-02-07,
612,mohammed_kenbib_juifs_et_musulmans_au_maroc_des_origines_a_nos_jours__chunk_001__page_9_Picture_2_jpeg.png,,,# Mohammed Kenbib JUIFS ET MUSULMANS AU MAROC Des origines à nos jours,Mohammed Kenbib,,,Antiquité - XXIe s.,,Monographie,"KENBIB, Mohammed, Juifs et Musulmans au Maroc : des origines à nos jours, Tallandier, 2016",Illustration / Photo,Mohammed Kenbib JUIFS ET MUSULMANS AU MAROC Des origines à nos jours,Tallandier,2016,Antiquité - XXIe s.,Français,979-10-210-1868-3,Paris,,chunk_001,page_9,Unknown,Mohammed Kenbib,,,,/workspaces/PHDM/ALL/ALLMD/Mohammed Kenbib JUIFS ET MUSULMANS AU MAROC Des origines à nos jours/_FIGURES,/workspaces/PHDM/ALL/ALLMD/Mohammed Kenbib JUIFS ET MUSULMANS AU MAROC Des origines à nos jours/_FIGURES/chunk_001__page_9_Picture_2_jpeg.png,,png,1380177,00655e0e73e5dead1ccef051db1d58cb67421e5ac967266c0e728691ab004981,1056,844,kept,2026-02-07,
613,mohammed_kenbib_juifs_et_musulmans_au_maroc_des_origines_a_nos_jours__chunk_008__page_22_Figure_1_jpeg.png,,,# Mohammed Kenbib JUIFS ET MUSULMANS AU MAROC Des origines à nos jours,Mohammed Kenbib,,,Antiquité - XXIe s.,,Monographie,"KENBIB, Mohammed, Juifs et Musulmans au Maroc : des origines à nos jours, Tallandier, 2016",Diagramme / Schéma,Mohammed Kenbib JUIFS ET MUSULMANS AU MAROC Des origines à nos jours,Tallandier,2016,Antiquité - XXIe s.,Français,979-10-210-1868-3,Paris,,chunk_008,page_22,Unknown,Mohammed Kenbib,,,,/workspaces/PHDM/ALL/ALLMD/Mohammed Kenbib JUIFS ET MUSULMANS AU MAROC Des origines à nos jours/_FIGURES,/workspaces/PHDM/ALL/ALLMD/Mohammed Kenbib JUIFS ET MUSULMANS AU MAROC Des origines à nos jours/_FIGURES/chunk_008__page_22_Figure_1_jpeg.png,,png,276645,4ad8a813fbc98107ba7d192faa55cd0205aa29cbaa289b0b1ad93f778d3ae865,1310,807,kept,2026-02-07,
614,mohammed_kenbib_juifs_et_musulmans_au_maroc_des_origines_a_nos_jours__chunk_010__page_8_Figure_1_jpeg.png,,,# Mohammed Kenbib JUIFS ET MUSULMANS AU MAROC Des origines à nos jours,Mohammed Kenbib,,,Antiquité - XXIe s.,,Monographie,"KENBIB, Mohammed, Juifs et Musulmans au Maroc : des origines à nos jours, Tallandier, 2016",Diagramme / Schéma,Mohammed Kenbib JUIFS ET MUSULMANS AU MAROC Des origines à nos jours,Tallandier,2016,Antiquité - XXIe s.,Français,979-10-210-1868-3,Paris,,chunk_010,page_8,Unknown,Mohammed Kenbib,,,,/workspaces/PHDM/ALL/ALLMD/Mohammed Kenbib JUIFS ET MUSULMANS AU MAROC Des origines à nos jours/_FIGURES,/workspaces/PHDM/ALL/ALLMD/Mohammed Kenbib JUIFS ET MUSULMANS AU MAROC Des origines à nos jours/_FIGURES/chunk_010__page_8_Figure_1_jpeg.png,,png,357170,91f2bb491da660146c242820936e802ca96b69afa6f7e0c2c9e17e545a2168b7,1004,1470,kept,2026-02-07,
617,mohammed_kenbib_juifs_et_musulmans_au_maroc_des_origines_a_nos_jours__chunk_01_fig_03.png,,,# Mohammed Kenbib JUIFS ET MUSULMANS AU MAROC Des origines à nos jours,Mohammed Kenbib,,,Antiquité - XXIe s.,,Monographie,"KENBIB, Mohammed, Juifs et Musulmans au Maroc : des origines à nos jours, Tallandier, 2016",Figure extraite (OCR),Mohammed Kenbib JUIFS ET MUSULMANS AU MAROC Des origines à nos jours,Tallandier,2016,Antiquité - XXIe s.,Français,979-10-210-1868-3,Paris,,chunk_01,,Unknown,Mohammed Kenbib,,,,/workspaces/PHDM/ALL/ALLMD/Mohammed Kenbib JUIFS ET MUSULMANS AU MAROC Des origines à nos jours/_FIGURES,/workspaces/PHDM/ALL/ALLMD/Mohammed Kenbib JUIFS ET MUSULMANS AU MAROC Des origines à nos jours/_FIGURES/chunk_01_fig_03.png,,png,987736,675484a8de503375f3f49e304fa62846553df4dd05751ae0029f6fc92652ab68,639,990,kept,2026-02-07,
618,mohammed_kenbib_juifs_et_musulmans_au_maroc_des_origines_a_nos_jours__chunk_01_fig_04.png,,,# Mohammed Kenbib JUIFS ET MUSULMANS AU MAROC Des origines à nos jours,Mohammed Kenbib,,,Antiquité - XXIe s.,,Monographie,"KENBIB, Mohammed, Juifs et Musulmans au Maroc : des origines à nos jours, Tallandier, 2016",Figure extraite (OCR),Mohammed Kenbib JUIFS ET MUSULMANS AU MAROC Des origines à nos jours,Tallandier,2016,Antiquité - XXIe s.,Français,979-10-210-1868-3,Paris,,chunk_01,,Unknown,Mohammed Kenbib,,,,/workspaces/PHDM/ALL/ALLMD/Mohammed Kenbib JUIFS ET MUSULMANS AU MAROC Des origines à nos jours/_FIGURES,/workspaces/PHDM/ALL/ALLMD/Mohammed Kenbib JUIFS ET MUSULMANS AU MAROC Des origines à nos jours/_FIGURES/chunk_01_fig_04.png,,png,993466,e1611ae891cc0f2ec3dce0252ebfc851d6898cca9db583d04e2ee050eace7521,1038,623,kept,2026-02-07,
619,mohammed_kenbib_juifs_et_musulmans_au_maroc_des_origines_a_nos_jours__chunk_01_fig_05.png,,,# Mohammed Kenbib JUIFS ET MUSULMANS AU MAROC Des origines à nos jours,Mohammed Kenbib,,,Antiquité - XXIe s.,,Monographie,"KENBIB, Mohammed, Juifs et Musulmans au Maroc : des origines à nos jours, Tallandier, 2016",Figure extraite (OCR),Mohammed Kenbib JUIFS ET MUSULMANS AU MAROC Des origines à nos jours,Tallandier,2016,Antiquité - XXIe s.,Français,979-10-210-1868-3,Paris,,chunk_01,,Unknown,Mohammed Kenbib,,,,/workspaces/PHDM/ALL/ALLMD/Mohammed Kenbib JUIFS ET MUSULMANS AU MAROC Des origines à nos jours/_FIGURES,/workspaces/PHDM/ALL/ALLMD/Mohammed Kenbib JUIFS ET MUSULMANS AU MAROC Des origines à nos jours/_FIGURES/chunk_01_fig_05.png,,png,1380177,00655e0e73e5dead1ccef051db1d58cb67421e5ac967266c0e728691ab004981,1056,844,kept,2026-02-07,
620,mohammed_kenbib_juifs_et_musulmans_au_maroc_des_origines_a_nos_jours__chunk_01_fig_06.png,,,# Mohammed Kenbib JUIFS ET MUSULMANS AU MAROC Des origines à nos jours,Mohammed Kenbib,,,Antiquité - XXIe s.,,Monographie,"KENBIB, Mohammed, Juifs et Musulmans au Maroc : des origines à nos jours, Tallandier, 2016",Figure extraite (OCR),Mohammed Kenbib JUIFS ET MUSULMANS AU MAROC Des origines à nos jours,Tallandier,2016,Antiquité - XXIe s.,Français,979-10-210-1868-3,Paris,,chunk_01,,Unknown,Mohammed Kenbib,,,,/workspaces/PHDM/ALL/ALLMD/Mohammed Kenbib JUIFS ET MUSULMANS AU MAROC Des origines à nos jours/_FIGURES,/workspaces/PHDM/ALL/ALLMD/Mohammed Kenbib JUIFS ET MUSULMANS AU MAROC Des origines à nos jours/_FIGURES/chunk_01_fig_06.png,,png,794027,7f9e2f2f7b662be8bbd078308971c5c72c9c34b9aab9554611f37fd25338d671,1044,635,kept,2026-02-07,
621,mohammed_kenbib_juifs_et_musulmans_au_maroc_des_origines_a_nos_jours__chunk_01_fig_07.png,,,# Mohammed Kenbib JUIFS ET MUSULMANS AU MAROC Des origines à nos jours,Mohammed Kenbib,,,Antiquité - XXIe s.,,Monographie,"KENBIB, Mohammed, Juifs et Musulmans au Maroc : des origines à nos jours, Tallandier, 2016",Figure extraite (OCR),Mohammed Kenbib JUIFS ET MUSULMANS AU MAROC Des origines à nos jours,Tallandier,2016,Antiquité - XXIe s.,Français,979-10-210-1868-3,Paris,,chunk_01,,Unknown,Mohammed Kenbib,,,,/workspaces/PHDM/ALL/ALLMD/Mohammed Kenbib JUIFS ET MUSULMANS AU MAROC Des origines à nos jours/_FIGURES,/workspaces/PHDM/ALL/ALLMD/Mohammed Kenbib JUIFS ET MUSULMANS AU MAROC Des origines à nos jours/_FIGURES/chunk_01_fig_07.png,,png,1138014,cb6602273444f869080949cc4fdb1e46cc452f911257c2feebe9a4ebd110e9ae,1040,840,kept,2026-02-07,
622,mohammed_kenbib_juifs_et_musulmans_au_maroc_des_origines_a_nos_jours__chunk_01_fig_08.png,,,# Mohammed Kenbib JUIFS ET MUSULMANS AU MAROC Des origines à nos jours,Mohammed Kenbib,,,Antiquité - XXIe s.,,Monographie,"KENBIB, Mohammed, Juifs et Musulmans au Maroc : des origines à nos jours, Tallandier, 2016",Figure extraite (OCR),Mohammed Kenbib JUIFS ET MUSULMANS AU MAROC Des origines à nos jours,Tallandier,2016,Antiquité - XXIe s.,Français,979-10-210-1868-3,Paris,,chunk_01,,Unknown,Mohammed Kenbib,,,,/workspaces/PHDM/ALL/ALLMD/Mohammed Kenbib JUIFS ET MUSULMANS AU MAROC Des origines à nos jours/_FIGURES,/workspaces/PHDM/ALL/ALLMD/Mohammed Kenbib JUIFS ET MUSULMANS AU MAROC Des origines à nos jours/_FIGURES/chunk_01_fig_08.png,,png,1182062,d1a21e9ed0c9ce53dc68797275b2956a7f8884938f67a61c782d434b08733d95,1035,706,kept,2026-02-07,
623,mohammed_kenbib_juifs_et_musulmans_au_maroc_des_origines_a_nos_jours__chunk_01_fig_09.png,,,# Mohammed Kenbib JUIFS ET MUSULMANS AU MAROC Des origines à nos jours,Mohammed Kenbib,,,Antiquité - XXIe s.,,Monographie,"KENBIB, Mohammed, Juifs et Musulmans au Maroc : des origines à nos jours, Tallandier, 2016",Figure extraite (OCR),Mohammed Kenbib JUIFS ET MUSULMANS AU MAROC Des origines à nos jours,Tallandier,2016,Antiquité - XXIe s.,Français,979-10-210-1868-3,Paris,,chunk_01,,Unknown,Mohammed Kenbib,,,,/workspaces/PHDM/ALL/ALLMD/Mohammed Kenbib JUIFS ET MUSULMANS AU MAROC Des origines à nos jours/_FIGURES,/workspaces/PHDM/ALL/ALLMD/Mohammed Kenbib JUIFS ET MUSULMANS AU MAROC Des origines à nos jours/_FIGURES/chunk_01_fig_09.png,,png,1124332,44c7edaca9839aa1870d0c7d9babcd6f1c961249c1bc08f830e66573d762bb82,1036,646,kept,2026-02-07,
624,mohammed_kenbib_juifs_et_musulmans_au_maroc_des_origines_a_nos_jours__chunk_08_fig_01.png,,,# Mohammed Kenbib JUIFS ET MUSULMANS AU MAROC Des origines à nos jours,Mohammed Kenbib,,,Antiquité - XXIe s.,,Monographie,"KENBIB, Mohammed, Juifs et Musulmans au Maroc : des origines à nos jours, Tallandier, 2016",Figure extraite (OCR),Mohammed Kenbib JUIFS ET MUSULMANS AU MAROC Des origines à nos jours,Tallandier,2016,Antiquité - XXIe s.,Français,979-10-210-1868-3,Paris,,chunk_08,,Unknown,Mohammed Kenbib,,,,/workspaces/PHDM/ALL/ALLMD/Mohammed Kenbib JUIFS ET MUSULMANS AU MAROC Des origines à nos jours/_FIGURES,/workspaces/PHDM/ALL/ALLMD/Mohammed Kenbib JUIFS ET MUSULMANS AU MAROC Des origines à nos jours/_FIGURES/chunk_08_fig_01.png,,png,276645,4ad8a813fbc98107ba7d192faa55cd0205aa29cbaa289b0b1ad93f778d3ae865,1310,807,kept,2026-02-07,
625,mohammed_kenbib_juifs_et_musulmans_au_maroc_des_origines_a_nos_jours__chunk_10_fig_01.png,,,# Mohammed Kenbib JUIFS ET MUSULMANS AU MAROC Des origines à nos jours,Mohammed Kenbib,,,Antiquité - XXIe s.,,Monographie,"KENBIB, Mohammed, Juifs et Musulmans au Maroc : des origines à nos jours, Tallandier, 2016",Figure extraite (OCR),Mohammed Kenbib JUIFS ET MUSULMANS AU MAROC Des origines à nos jours,Tallandier,2016,Antiquité - XXIe s.,Français,979-10-210-1868-3,Paris,,chunk_10,,Unknown,Mohammed Kenbib,,,,/workspaces/PHDM/ALL/ALLMD/Mohammed Kenbib JUIFS ET MUSULMANS AU MAROC Des origines à nos jours/_FIGURES,/workspaces/PHDM/ALL/ALLMD/Mohammed Kenbib JUIFS ET MUSULMANS AU MAROC Des origines à nos jours/_FIGURES/chunk_10_fig_01.png,,png,357170,91f2bb491da660146c242820936e802ca96b69afa6f7e0c2c9e17e545a2168b7,1004,1470,kept,2026-02-07,
626,port_mogador_xviiie.jpg,,,Port d'Essaouira. Partie I - B.3.,Artiste non identifié,,ca. XVIIIe s.,XVIIIe s.,Essaouira (Mogador),Gravure / Vue,"Vue du port de Mogador, XVIIIe siècle",Gravure / Vue,,,,,,,,,,,Unknown,Artiste non identifié,,,,,,,jpg,1783130,f7ff5c92f516f62b50140af3b36145449ac32f66bc8a0a35e6b1d848e46bf156,2021,2567,kept,2026-02-07,
627,port_mogador_xviiie_v2.jpg,,,Port d'Essaouira. Partie I.,Artiste non identifié,,ca. XVIIIe s.,XVIIIe s.,Essaouira,Gravure / Vue,Vue du port de Mogador (v2),Gravure / Vue,,,,,,,,,,,Unknown,Artiste non identifié,,,,,,,jpg,270898,af18116c4ca2e61ccefcdf2a16e072c1c0d092b76f7c7e42548f2aa2cede8b40,1192,803,kept,2026-02-07,
628,portrait_mohammed_iii.png,,,Mohammed III. Partie I - Section C.,Artiste non identifié,,ca. XVIIIe s.,XVIIIe s.,Maroc,Portrait,Portrait de Mohammed III (r. 1757-1790),Portrait,,,,,,,,,,,Unknown,Artiste non identifié,,,,,,,png,311209,cf2110bd88b77198131bd314d38c1bcb3b4b1305b803cf9e93f945da1bdbee55,489,712,kept,2026-02-07,
629,portrait_moulay_ismail.jpg,,,Moulay Ismaïl. Partie I - A.1.,Artiste européen non identifié,,ca. XVIIe-XVIIIe s.,XVIIe s.,Maroc / Europe,Portrait,Portrait de Moulay Ismaïl (r. 1672-1727),Portrait,,,,,,,,,,,Unknown,Artiste européen non identifié,,,,,,,jpg,1767064,6549a442ac9864e04aba2fb5c64d61face35fba785dd9717a9f6a7d522900f13,1690,2721,kept,2026-02-07,
630,portrait_moulay_ismail_v2.jpg,,,Moulay Ismaïl. Partie I.,Artiste européen non identifié,,ca. XVIIe-XVIIIe s.,XVIIe s.,Maroc / Europe,Portrait,Portrait de Moulay Ismaïl (v2),Portrait,,,,,,,,,,,Unknown,Artiste européen non identifié,,,,,,,jpg,87533,bfc8047ec71bfcea954420123aa328a2e55f9fee45b309595d42465f15f8f7b3,404,495,kept,2026-02-07,
631,portrait_moulay_ismail_v3.jpg,,,Moulay Ismaïl. Partie I.,Artiste européen non identifié,,ca. XVIIe-XVIIIe s.,XVIIe s.,Maroc / Europe,Portrait,Portrait de Moulay Ismaïl (v3),Portrait,,,,,,,,,,,Unknown,Artiste européen non identifié,,,,,,,jpg,2966140,73596e1200b04ed477e97ad49702206c1bbe2a7345d64d55f3d885135298949e,3304,4610,kept,2026-02-07,
632,roudh_el_kartas_histoire_des_souverains_du_maghreb_et_annales_de_la_ville_de_fez__chunk_01_fig_01.png,,,# ROUDH EL-KARTAS HISTOIRE DES SOUVERAINS DU MAGHREB ET ANNALES DE LA VILLE DE FEZ,Ibn Abi Zar (trad. Auguste Beaumier),,,Période médiévale (Mérinides),,Chronique médiévale (traduction),"IBN ABI ZAR, Roudh el-Kartas : Histoire des souverains du Maghreb et Annales de la ville de Fez (trad. A. Beaumier), 1860",Figure extraite (OCR),ROUDH EL-KARTAS HISTOIRE DES SOUVERAINS DU MAGHREB ET ANNALES DE LA VILLE DE FEZ,Imprimerie Impériale,1860,Période médiévale (Mérinides),Français (trad. arabe),,Paris,,chunk_01,,Public Domain,Ibn Abi Zar (trad. Auguste Beaumier),,,,/workspaces/PHDM/ALL/ALLMD/ROUDH EL-KARTAS HISTOIRE DES SOUVERAINS DU MAGHREB ET ANNALES DE LA VILLE DE FEZ/_FIGURES,/workspaces/PHDM/ALL/ALLMD/ROUDH EL-KARTAS HISTOIRE DES SOUVERAINS DU MAGHREB ET ANNALES DE LA VILLE DE FEZ/_FIGURES/chunk_01_fig_01.png,,png,474460,7e7cca3950f1a02f4aca4eff60cb422d8bc7c9cbb645d71bf9fcef5c754e50f3,546,700,kept,2026-02-07,
633,traite_fes_1912.pdf,,,Traité de Fès. Partie II.,Gouvernement français / Makhzen,,1912,Début XXe s.,Fès,Traité (PDF intégral),Traité de Fès (30 mars 1912),Document diplomatique,,,,,,,,,,,Unknown,Gouvernement français / Makhzen,,,,,,,pdf,602764,32ef4b1825ad064a0ebd246b5ac0fed96c788b322c4c15b3f9d7e1e0343bd37c,,,kept,2026-02-07,
634,traite_fes_1912_signatures.png,,,Signatures Traité Fès. Partie II.,Gouvernement français / Makhzen,,1912,Début XXe s.,Fès,Fac-similé (signatures),"Traité de Fès (1912), signatures",Document diplomatique,,,,,,,,,,,Unknown,Gouvernement français / Makhzen,,,,,,,png,177082,c4445205903026cb8e44428f70064d181a67caf0aa11ffcfe8ed666789fef1f8,2822,4255,kept,2026-02-07,
635,traite_fes_1912_signatures_v2.png,,,Signatures. Partie II.,Gouvernement français / Makhzen,,1912,Début XXe s.,Fès,Fac-similé (signatures),"Traité de Fès, signatures (v2)",Document diplomatique,,,,,,,,,,,Unknown,Gouvernement français / Makhzen,,,,,,,png,92525,9a20d2559ae716617303e6ee3dbf4ad5be41f927e8425273b1d616edb8d7255a,706,460,kept,2026-02-07,
636,traite_fes_1912_signatures_v3.jpg,,,Signatures. Partie II.,Gouvernement français / Makhzen,,1912,Début XXe s.,Fès,Fac-similé (signatures),"Traité de Fès, signatures (v3-jpg)",Document diplomatique,,,,,,,,,,,Unknown,Gouvernement français / Makhzen,,,,,,,jpg,2147,4031d24350d0d3a0f943cc5d9f9c8081fccc024856942afb0eb2cdce62c2853f,,,kept,2026-02-07,
637,traite_fes_1912_signatures_v3.png,,,Signatures. Partie II.,Gouvernement français / Makhzen,,1912,Début XXe s.,Fès,Fac-similé (signatures),"Traité de Fès, signatures (v3-png)",Document diplomatique,,,,,,,,,,,Unknown,Gouvernement français / Makhzen,,,,,,,png,177082,c4445205903026cb8e44428f70064d181a67caf0aa11ffcfe8ed666789fef1f8,2822,4255,kept,2026-02-07,
638,traite_usa_maroc_1786.jpg,,,Traité maroco-américain. Partie I.,Chancellerie chérifienne / U.S. State Dept.,,1786,XVIIIe s.,Marrakech,Fac-similé de traité,Traité Maroc-USA (1786),Document diplomatique,,,,,,,,,,,Unknown,Chancellerie chérifienne / U.S. State Dept.,,,,,,,jpg,473230,412f4e83c9cc66e6b2b9b5a35a2e6c0ccf4d025991dcde7e9c9f75ae37ea2aab,1563,2048,kept,2026-02-07,
639,traite_usa_maroc_1786_v2.jpg,,,Traité maroco-américain. Partie I.,Chancellerie chérifienne / U.S. State Dept.,,1786,XVIIIe s.,Marrakech,Fac-similé de traité,Traité Maroc-USA (v2),Document diplomatique,,,,,,,,,,,Unknown,Chancellerie chérifienne / U.S. State Dept.,,,,,,,jpg,473230,412f4e83c9cc66e6b2b9b5a35a2e6c0ccf4d025991dcde7e9c9f75ae37ea2aab,1563,2048,kept,2026-02-07,
640,traite_usa_maroc_1786_v3.jpg,,,Traité maroco-américain. Partie I.,Chancellerie chérifienne / U.S. State Dept.,,1786,XVIIIe s.,Marrakech,Fac-similé de traité,Traité Maroc-USA (v3),Document diplomatique,,,,,,,,,,,Unknown,Chancellerie chérifienne / U.S. State Dept.,,,,,,,jpg,473230,412f4e83c9cc66e6b2b9b5a35a2e6c0ccf4d025991dcde7e9c9f75ae37ea2aab,1563,2048,kept,2026-02-07,
